#
# A fatal error has been detected by the Java Runtime Environment:
#
#  EXCEPTION_ACCESS_VIOLATION (0xc0000005) at pc=0x00007ffa2742f5ce, pid=17864, tid=26220
#
# JRE version: OpenJDK Runtime Environment Microsoft-11369940 (21.0.7+6) (build 21.0.7+6-LTS)
# Java VM: OpenJDK 64-Bit Server VM Microsoft-11369940 (21.0.7+6-LTS, mixed mode, tiered, compressed oops, compressed class ptrs, g1 gc, windows-amd64)
# Problematic frame:
# C  [jemalloc.dll+0xf5ce]
#
# No core dump will be written. Minidumps are not enabled by default on client versions of Windows
#
# If you would like to submit a bug report, please visit:
#   https://aka.ms/minecraftjavacrashes
# The crash happened outside the Java Virtual Machine in native code.
# See problematic frame for where to report the bug.
#

---------------  S U M M A R Y ------------

Command Line: -XX:HeapDumpPath=MojangTricksIntelDriversForPerformance_javaw.exe_minecraft.exe.heapdump -Xms1024m -Xmx12872m -Duser.language=en -Djava.library.path=C:/Users/Alireza/AppData/Roaming/PrismLauncher/instances/1.21.1/natives org.prismlauncher.EntryPoint

Host: 12th Gen Intel(R) Core(TM) i5-12500H, 16 cores, 15G,  Windows 11 , 64 bit Build 26100 (10.0.26100.8328)
Time: Sat May 16 16:40:00 2026 Iran Standard Time elapsed time: 88217.579414 seconds (1d 0h 30m 17s)

---------------  T H R E A D  ---------------

Current thread (0x0000018a59ba2df0):  JavaThread "Render thread"        [_thread_in_native, id=26220, stack(0x0000007abf400000,0x0000007abf500000) (1024K)]

Stack: [0x0000007abf400000,0x0000007abf500000],  sp=0x0000007abf4fb540,  free space=1005k
Native frames: (J=compiled Java code, j=interpreted, Vv=VM code, C=native code)
C  [jemalloc.dll+0xf5ce]

Java frames: (J=compiled Java code, j=interpreted, Vv=VM code)
J 20133  org.lwjgl.system.JNI.invokePP(JJ)J org.lwjgl@3.3.3+5 (0 bytes) @ 0x0000018a662eb09c [0x0000018a662eb040+0x000000000000005c]
J 557376 c2 org.lwjgl.system.jemalloc.JEmallocAllocator.malloc(J)J org.lwjgl.jemalloc@3.3.3+5 (5 bytes) @ 0x0000018a6a02b5ec [0x0000018a6a02b5a0+0x000000000000004c]
j  org.lwjgl.system.MemoryUtil.nmemAlloc(J)J+4 org.lwjgl@3.3.3+5
j  org.lwjgl.system.MemoryUtil.nmemAllocChecked(J)J+11 org.lwjgl@3.3.3+5
j  org.lwjgl.system.MemoryUtil.memAllocFloat(I)Ljava/nio/FloatBuffer;+8 org.lwjgl@3.3.3+5
j  com.mojang.blaze3d.shaders.Uniform.<init>(Ljava/lang/String;IILcom/mojang/blaze3d/shaders/Shader;)V+53 minecraft@1.21.1
J 557478 c1 net.minecraft.client.renderer.ShaderInstance.parseUniformNode(Lcom/google/gson/JsonElement;)V minecraft@1.21.1 (349 bytes) @ 0x0000018a5ebb36dc [0x0000018a5ebb0be0+0x0000000000002afc]
j  net.minecraft.client.renderer.ShaderInstance.<init>(Lnet/minecraft/server/packs/resources/ResourceProvider;Lnet/minecraft/resources/ResourceLocation;Lcom/mojang/blaze3d/vertex/VertexFormat;)V+276 minecraft@1.21.1
j  net.minecraft.client.renderer.ShaderInstance.<init>(Lnet/minecraft/server/packs/resources/ResourceProvider;Ljava/lang/String;Lcom/mojang/blaze3d/vertex/VertexFormat;)V+7 minecraft@1.21.1
j  net.irisshaders.iris.pipeline.programs.ExtendedShader.<init>(Lnet/minecraft/server/packs/resources/ResourceProvider;Ljava/lang/String;Lcom/mojang/blaze3d/vertex/VertexFormat;ZLnet/irisshaders/iris/gl/framebuffer/GlFramebuffer;Lnet/irisshaders/iris/gl/framebuffer/GlFramebuffer;Lnet/irisshaders/iris/gl/blending/BlendModeOverride;Lnet/irisshaders/iris/gl/blending/AlphaTest;Ljava/util/function/Consumer;Ljava/util/function/BiConsumer;ZLnet/irisshaders/iris/pipeline/IrisRenderingPipeline;Ljava/util/List;Lnet/irisshaders/iris/uniforms/custom/CustomUniforms;)V+4 oculus@1.8.7
j  net.irisshaders.iris.pipeline.programs.ShaderCreator.create(Lnet/irisshaders/iris/pipeline/WorldRenderingPipeline;Ljava/lang/String;Lnet/irisshaders/iris/shaderpack/programs/ProgramSource;Lnet/irisshaders/iris/shaderpack/loading/ProgramId;Lnet/irisshaders/iris/gl/framebuffer/GlFramebuffer;Lnet/irisshaders/iris/gl/framebuffer/GlFramebuffer;Lnet/irisshaders/iris/gl/blending/AlphaTest;Lcom/mojang/blaze3d/vertex/VertexFormat;Lnet/irisshaders/iris/gl/state/ShaderAttributeInputs;Lnet/irisshaders/iris/uniforms/FrameUpdateNotifier;Lnet/irisshaders/iris/pipeline/IrisRenderingPipeline;Ljava/util/function/Supplier;Lnet/irisshaders/iris/gl/state/FogMode;ZZZZLnet/irisshaders/iris/uniforms/custom/CustomUniforms;)Lnet/irisshaders/iris/pipeline/programs/ExtendedShader;+339 oculus@1.8.7
j  net.irisshaders.iris.pipeline.IrisRenderingPipeline.createShader(Ljava/lang/String;Lnet/irisshaders/iris/shaderpack/programs/ProgramSource;Lnet/irisshaders/iris/shaderpack/loading/ProgramId;Lnet/irisshaders/iris/gl/blending/AlphaTest;Lcom/mojang/blaze3d/vertex/VertexFormat;Lnet/irisshaders/iris/gl/state/FogMode;ZZZZZ)Lnet/minecraft/client/renderer/ShaderInstance;+130 oculus@1.8.7
j  net.irisshaders.iris.pipeline.IrisRenderingPipeline.createShader(Ljava/lang/String;Ljava/util/Optional;Lnet/irisshaders/iris/pipeline/programs/ShaderKey;)Lnet/minecraft/client/renderer/ShaderInstance;+67 oculus@1.8.7
j  net.irisshaders.iris.pipeline.IrisRenderingPipeline.lambda$new$12(Lnet/irisshaders/iris/pipeline/programs/ShaderKey;)Lnet/minecraft/client/renderer/ShaderInstance;+54 oculus@1.8.7
j  net.irisshaders.iris.pipeline.IrisRenderingPipeline$$Lambda+0x0000000803f0e998.apply(Ljava/lang/Object;)Ljava/lang/Object;+8 oculus@1.8.7
j  net.irisshaders.iris.pipeline.programs.ShaderMap.<init>(Ljava/util/function/Function;)V+34 oculus@1.8.7
j  net.irisshaders.iris.pipeline.IrisRenderingPipeline.<init>(Lnet/irisshaders/iris/shaderpack/programs/ProgramSet;)V+1628 oculus@1.8.7
j  net.irisshaders.iris.Iris.createPipeline(Lnet/irisshaders/iris/shaderpack/materialmap/NamespacedId;)Lnet/irisshaders/iris/pipeline/WorldRenderingPipeline;+27 oculus@1.8.7
j  net.irisshaders.iris.Iris$$Lambda+0x000000080104b358.apply(Ljava/lang/Object;)Ljava/lang/Object;+4 oculus@1.8.7
j  net.irisshaders.iris.pipeline.PipelineManager.preparePipeline(Lnet/irisshaders/iris/shaderpack/materialmap/NamespacedId;)Lnet/irisshaders/iris/pipeline/WorldRenderingPipeline;+42 oculus@1.8.7
j  net.irisshaders.iris.Iris.reload()V+27 oculus@1.8.7
j  net.irisshaders.iris.apiimpl.IrisApiV0ConfigImpl.setShadersEnabledAndApply(Z)V+26 oculus@1.8.7
j  net.irisshaders.iris.gui.screen.ShaderPackScreen.applyChanges()V+154 oculus@1.8.7
j  net.irisshaders.iris.gui.screen.ShaderPackScreen.lambda$init$6(Lnet/minecraft/client/gui/components/Button;)V+1 oculus@1.8.7
j  net.irisshaders.iris.gui.screen.ShaderPackScreen$$Lambda+0x0000000803e00238.onPress(Lnet/minecraft/client/gui/components/Button;)V+5 oculus@1.8.7
j  net.minecraft.client.gui.components.Button.onPress()V+5 minecraft@1.21.1
j  net.minecraft.client.gui.components.AbstractButton.onClick(DD)V+1 minecraft@1.21.1
J 507974 c2 net.minecraft.client.gui.components.AbstractWidget.mouseClicked(DDI)Z minecraft@1.21.1 (60 bytes) @ 0x0000018a697860d8 [0x0000018a69785fc0+0x0000000000000118]
J 517433 c1 net.minecraft.client.gui.components.events.ContainerEventHandler.mouseClicked(DDI)Z minecraft@1.21.1 (76 bytes) @ 0x0000018a5eebc6c4 [0x0000018a5eebc260+0x0000000000000464]
j  net.irisshaders.iris.gui.screen.ShaderPackScreen.mouseClicked(DDI)Z+5 oculus@1.8.7
J 515408 c1 net.minecraft.client.MouseHandler.lambda$onPress$0([ZLnet/minecraft/client/gui/screens/Screen;DDI)V minecraft@1.21.1 (46 bytes) @ 0x0000018a5e2d439c [0x0000018a5e2d41e0+0x00000000000001bc]
J 515407 c1 net.minecraft.client.MouseHandler$$Lambda+0x0000000802f0efb8.run()V minecraft@1.21.1 (24 bytes) @ 0x0000018a5eb2ba64 [0x0000018a5eb2b9c0+0x00000000000000a4]
J 510192 c2 net.minecraft.client.gui.screens.Screen.wrapScreenError(Ljava/lang/Runnable;Ljava/lang/String;Ljava/lang/String;)V minecraft@1.21.1 (53 bytes) @ 0x0000018a69f17ef0 [0x0000018a69f17ec0+0x0000000000000030]
J 497630 c1 net.minecraft.client.MouseHandler.onPress(JIII)V minecraft@1.21.1 (588 bytes) @ 0x0000018a5dcabfb4 [0x0000018a5dcaaf60+0x0000000000001054]
J 545374 c2 org.lwjgl.glfw.GLFWMouseButtonCallbackI.callback(JJ)V org.lwjgl.glfw@3.3.3+5 (54 bytes) @ 0x0000018a68d2ef60 [0x0000018a68d2ec00+0x0000000000000360]
v  ~StubRoutines::call_stub 0x0000018a64bb100d
J 18913  org.lwjgl.system.JNI.invokeV(J)V org.lwjgl@3.3.3+5 (0 bytes) @ 0x0000018a657ffd19 [0x0000018a657ffcc0+0x0000000000000059]
J 113987 c2 com.mojang.blaze3d.platform.Window.updateDisplay()V minecraft@1.21.1 (45 bytes) @ 0x0000018a675cbcd0 [0x0000018a675cb700+0x00000000000005d0]
J 327107 c2 net.minecraft.client.Minecraft.runTick(Z)V minecraft@1.21.1 (1181 bytes) @ 0x0000018a68f40630 [0x0000018a68f3eae0+0x0000000000001b50]
J 124543% c2 net.minecraft.client.Minecraft.run()V minecraft@1.21.1 (244 bytes) @ 0x0000018a655e0cb0 [0x0000018a655e0ae0+0x00000000000001d0]
j  net.minecraft.client.main.Main.main([Ljava/lang/String;)V+1607 minecraft@1.21.1
j  java.lang.invoke.LambdaForm$DMH+0x0000000800004000.invokeStatic(Ljava/lang/Object;Ljava/lang/Object;)V+10 java.base@21.0.7
j  java.lang.invoke.LambdaForm$MH+0x000000080010a000.invoke(Ljava/lang/Object;Ljava/lang/Object;Ljava/lang/Object;)Ljava/lang/Object;+33 java.base@21.0.7
J 10777 c1 jdk.internal.reflect.DirectMethodHandleAccessor.invoke(Ljava/lang/Object;[Ljava/lang/Object;)Ljava/lang/Object; java.base@21.0.7 (92 bytes) @ 0x0000018a5eb6ed9c [0x0000018a5eb6d740+0x000000000000165c]
J 11380 c1 java.lang.reflect.Method.invoke(Ljava/lang/Object;[Ljava/lang/Object;)Ljava/lang/Object; java.base@21.0.7 (108 bytes) @ 0x0000018a5ecab7dc [0x0000018a5ecab2c0+0x000000000000051c]
j  net.neoforged.fml.loading.targets.CommonLaunchHandler.runTarget(Ljava/lang/String;[Ljava/lang/String;Ljava/lang/ModuleLayer;)V+42 fml_loader@4.0.42
j  net.neoforged.fml.loading.targets.CommonLaunchHandler.clientService([Ljava/lang/String;Ljava/lang/ModuleLayer;)V+6 fml_loader@4.0.42
j  net.neoforged.fml.loading.targets.CommonClientLaunchHandler.runService([Ljava/lang/String;Ljava/lang/ModuleLayer;)V+3 fml_loader@4.0.42
j  net.neoforged.fml.loading.targets.CommonLaunchHandler.lambda$launchService$4([Ljava/lang/String;Ljava/lang/ModuleLayer;)V+3 fml_loader@4.0.42
j  net.neoforged.fml.loading.targets.CommonLaunchHandler$$Lambda+0x000000080069f690.run()V+12 fml_loader@4.0.42
j  cpw.mods.modlauncher.LaunchServiceHandlerDecorator.launch([Ljava/lang/String;Ljava/lang/ModuleLayer;)V+11 cpw.mods.modlauncher@11.0.5
j  cpw.mods.modlauncher.LaunchServiceHandler.launch(Ljava/lang/String;[Ljava/lang/String;Ljava/lang/ModuleLayer;Lcpw/mods/modlauncher/TransformingClassLoader;Lcpw/mods/modlauncher/LaunchPluginHandler;)V+58 cpw.mods.modlauncher@11.0.5
j  cpw.mods.modlauncher.LaunchServiceHandler.launch(Lcpw/mods/modlauncher/ArgumentHandler;Ljava/lang/ModuleLayer;Lcpw/mods/modlauncher/TransformingClassLoader;Lcpw/mods/modlauncher/LaunchPluginHandler;)V+21 cpw.mods.modlauncher@11.0.5
j  cpw.mods.modlauncher.Launcher.run([Ljava/lang/String;)V+288 cpw.mods.modlauncher@11.0.5
j  cpw.mods.modlauncher.Launcher.main([Ljava/lang/String;)V+123 cpw.mods.modlauncher@11.0.5
j  cpw.mods.modlauncher.BootstrapLaunchConsumer.accept([Ljava/lang/String;)V+1 cpw.mods.modlauncher@11.0.5
j  cpw.mods.modlauncher.BootstrapLaunchConsumer.accept(Ljava/lang/Object;)V+5 cpw.mods.modlauncher@11.0.5
j  cpw.mods.bootstraplauncher.BootstrapLauncher.run(Z[Ljava/lang/String;)V+703 cpw.mods.bootstraplauncher@2.0.2
j  cpw.mods.bootstraplauncher.BootstrapLauncher.main([Ljava/lang/String;)V+2 cpw.mods.bootstraplauncher@2.0.2
j  java.lang.invoke.LambdaForm$DMH+0x0000000800004000.invokeStatic(Ljava/lang/Object;Ljava/lang/Object;)V+10 java.base@21.0.7
j  java.lang.invoke.LambdaForm$MH+0x000000080010a000.invoke(Ljava/lang/Object;Ljava/lang/Object;Ljava/lang/Object;)Ljava/lang/Object;+33 java.base@21.0.7
J 1075 c1 java.lang.invoke.Invokers$Holder.invokeExact_MT(Ljava/lang/Object;Ljava/lang/Object;Ljava/lang/Object;Ljava/lang/Object;)Ljava/lang/Object; java.base@21.0.7 (24 bytes) @ 0x0000018a5d93dfcc [0x0000018a5d93d920+0x00000000000006ac]
j  jdk.internal.reflect.DirectMethodHandleAccessor.invokeImpl(Ljava/lang/Object;[Ljava/lang/Object;)Ljava/lang/Object;+55 java.base@21.0.7
j  jdk.internal.reflect.DirectMethodHandleAccessor.invoke(Ljava/lang/Object;[Ljava/lang/Object;)Ljava/lang/Object;+23 java.base@21.0.7
j  java.lang.reflect.Method.invoke(Ljava/lang/Object;[Ljava/lang/Object;)Ljava/lang/Object;+102 java.base@21.0.7
j  io.github.zekerzhayard.forgewrapper.installer.Main.main([Ljava/lang/String;)V+569
j  java.lang.invoke.LambdaForm$DMH+0x0000000800004400.invokeStaticInit(Ljava/lang/Object;Ljava/lang/Object;)V+10 java.base@21.0.7
j  java.lang.invoke.LambdaForm$MH+0x0000000800004c00.invokeExact_MT(Ljava/lang/Object;Ljava/lang/Object;Ljava/lang/Object;)V+19 java.base@21.0.7
j  org.prismlauncher.launcher.impl.StandardLauncher.launch()V+253
j  org.prismlauncher.EntryPoint.listen()Lorg/prismlauncher/EntryPoint$ExitCode;+344
j  org.prismlauncher.EntryPoint.main([Ljava/lang/String;)V+0
v  ~StubRoutines::call_stub 0x0000018a64bb100d

siginfo: EXCEPTION_ACCESS_VIOLATION (0xc0000005), reading address 0x0000018e146269bc


Registers:
RAX=0x00000000ffffffff, RBX=0x0000000000000001, RCX=0x0000018a14626980, RDX=0x00000000ffffffff
RSP=0x0000007abf4fb540, RBP=0x00007ffa27488020, RSI=0x0000000000000001, RDI=0x0000018a14626980
R8 =0x0000000000000000, R9 =0x00007ffa27488048, R10=0x0000000000000004, R11=0x0000018a0b1a1d00
R12=0x0000018a14601001, R13=0x0000018a0b1b0008, R14=0x0000000000000001, R15=0x0000018a14601000
RIP=0x00007ffa2742f5ce, EFLAGS=0x0000000000010246

XMM[0]=0x0000000000000000 0x000000003f800000
XMM[1]=0x0000000000000000 0x0000000000000000
XMM[2]=0x0000000000000000 0x67694c5f73697269
XMM[3]=0x0000000000000000 0x0000000000000000
XMM[4]=0x0000000000000000 0x0000000000000000
XMM[5]=0x0000000000000000 0x0000000000000000
XMM[6]=0x0000000000000000 0x00000000fd8a52c4
XMM[7]=0x0000000000000000 0x00000000fce6f7e5
XMM[8]=0x0000000000000000 0x0000000000000000
XMM[9]=0x0000000000000000 0xc3aea3e4baaedb3c
XMM[10]=0x0000000000000000 0x00000000f7003758
XMM[11]=0x0000000000000000 0x7f460dd739f4e913
XMM[12]=0x0000000000000000 0x00000000baaedb3c
XMM[13]=0x0000000000000000 0x0000000000000000
XMM[14]=0x0000000000000000 0x0000000000000000
XMM[15]=0x0000000000000000 0x0000000042960000
  MXCSR=0x00001fa2


Register to memory mapping:

RAX=0x00000000ffffffff is an unknown value
RBX=0x0000000000000001 is an unknown value
RCX=0x0000018a14626980 points into unknown readable memory: 0x000000008040b000 | 00 b0 40 80 00 00 00 00
RDX=0x00000000ffffffff is an unknown value
RSP=0x0000007abf4fb540 is pointing into the stack for thread: 0x0000018a59ba2df0
RBP=0x00007ffa27488020 jemalloc.dll
RSI=0x0000000000000001 is an unknown value
RDI=0x0000018a14626980 points into unknown readable memory: 0x000000008040b000 | 00 b0 40 80 00 00 00 00
R8 =0x0 is null
R9 =0x00007ffa27488048 jemalloc.dll
R10=0x0000000000000004 is an unknown value
R11=0x0000018a0b1a1d00 points into unknown readable memory: 0x0000018aa20e0fc0 | c0 0f 0e a2 8a 01 00 00
R12=0x0000018a14601001 points into unknown readable memory: 00 00 00 01 00 00 00
R13=0x0000018a0b1b0008 points into unknown readable memory: 0x0000000000000001 | 01 00 00 00 00 00 00 00
R14=0x0000000000000001 is an unknown value
R15=0x0000018a14601000 points into unknown readable memory: 0x0000000100000001 | 01 00 00 00 01 00 00 00

Top of Stack: (sp=0x0000007abf4fb540)
0x0000007abf4fb540:   0000000000000001 00007ffa274305db
0x0000007abf4fb550:   0000000000000000 0000018a14614608
0x0000007abf4fb560:   0000000000000000 0000018a5fda0001
0x0000007abf4fb570:   0000018a5ebb0be0 0000018a5ebb0be0
0x0000007abf4fb580:   0000018a14614650 0000018a14614648
0x0000007abf4fb590:   00007ffa27488020 0000018a14614650
0x0000007abf4fb5a0:   0000018a0b1a1d00 0000000000000001
0x0000007abf4fb5b0:   0000000000000008 0000018a5ebb36d7
0x0000007abf4fb5c0:   0000000000000000 0000000000000040
0x0000007abf4fb5d0:   0000000000000004 0000018a14601000
0x0000007abf4fb5e0:   0000018a0b1b03d8 0000018a0b1b03d8
0x0000007abf4fb5f0:   0000007abf4fb740 00007ffa2745155a
0x0000007abf4fb600:   0000018a0b1b010c 0000000000000040
0x0000007abf4fb610:   0000018a0b1b03d8 0000018a00000000
0x0000007abf4fb620:   0000018a00000004 0000018a00000001
0x0000007abf4fb630:   0000018a0b1b0008 00007ffa2742656e
0x0000007abf4fb640:   0000000000000000 0000018a0b1b0360
0x0000007abf4fb650:   0000018a0b1b03d8 0000000000000004
0x0000007abf4fb660:   0000018a00000004 0000007abf4fc1b8
0x0000007abf4fb670:   0000018a5ebb0310 0000000000000000
0x0000007abf4fb680:   0000000000000000 0000018a59ba3401
0x0000007abf4fb690:   0000018a0b1b0340 0000018a0b1b0010
0x0000007abf4fb6a0:   0000018a0b1b0018 0000018a0b1b0348
0x0000007abf4fb6b0:   0000018a5ebb3be7 00007ffa1ccc000a
0x0000007abf4fb6c0:   0000007abf4f8fd8 0000007abf4f0000
0x0000007abf4fb6d0:   0000007abf4f90b0 00007ffa1c87d0ba
0x0000007abf4fb6e0:   0000018a59ba3460 0000018a5ebb0be0
0x0000007abf4fb6f0:   0000018a5ebb5ab0 0000018a5ebb5da0
0x0000007abf4fb700:   0000007abf4f90b0 00007ffa1c87d536
0x0000007abf4fb710:   0000018a59ba3460 0000018a67ea48e0
0x0000007abf4fb720:   0000000802a3e000 0000018a5ebb0310
0x0000007abf4fb730:   0000007abf4f91c8 0000018a67ea4710 

Instructions: (pc=0x00007ffa2742f5ce)
0x00007ffa2742f4ce:   e8 5d 8f 01 00 48 8d 4e 40 c6 46 48 00 ff 15 3f
0x00007ffa2742f4de:   6b 03 00 4c 8b 74 24 48 48 8b 7c 24 70 48 8b 74
0x00007ffa2742f4ee:   24 68 48 8b 6c 24 60 4c 8b 7c 24 40 80 3d 2f 96
0x00007ffa2742f4fe:   05 00 00 74 4d 8b 83 d0 32 01 00 33 d2 48 f7 35
0x00007ffa2742f50e:   0e 96 05 00 48 8b 05 0f 96 05 00 48 6b ca 78 0f
0x00007ffa2742f51e:   b6 54 01 54 90 90 84 d2 74 28 8b 83 d0 32 01 00
0x00007ffa2742f52e:   33 d2 48 f7 35 e9 95 05 00 48 6b ca 78 48 83 c1
0x00007ffa2742f53e:   40 48 03 0d e2 95 05 00 ff 15 c4 6a 03 00 84 c0
0x00007ffa2742f54e:   75 06 48 83 c4 50 5b c3 e8 e5 3b 00 00 cc cc cc
0x00007ffa2742f55e:   cc cc 48 89 5c 24 10 48 89 6c 24 18 57 41 8b d8
0x00007ffa2742f56e:   4d 8b d9 48 8b ea 48 8b f9 45 85 c0 0f 84 ee 00
0x00007ffa2742f57e:   00 00 48 89 74 24 10 8b f3 66 0f 1f 84 00 00 00
0x00007ffa2742f58e:   00 00 44 8b 45 20 4c 8d 4d 28 41 ff c8 4b 8b 04
0x00007ffa2742f59e:   c1 4f 8d 0c c1 0f bc 44 87 40 74 04 ff c0 eb 02
0x00007ffa2742f5ae:   33 c0 ff c8 45 85 c0 74 33 66 0f 1f 84 00 00 00
0x00007ffa2742f5be:   00 00 49 8b 51 f8 4d 8d 49 f8 48 03 d0 41 ff c8
0x00007ffa2742f5ce:   0f bc 4c 97 40 74 04 ff c1 eb 02 33 c9 48 c1 e0
0x00007ffa2742f5de:   05 8d 51 ff 48 03 c2 45 85 c0 75 d6 48 8b c8 4c
0x00007ffa2742f5ee:   8b d0 49 c1 ea 05 83 e1 1f 42 8b 54 97 40 48 0f
0x00007ffa2742f5fe:   bb ca 42 89 54 97 40 85 d2 75 46 41 b9 01 00 00
0x00007ffa2742f60e:   00 44 39 4d 20 76 3a 66 66 66 0f 1f 84 00 00 00
0x00007ffa2742f61e:   00 00 4d 8b c2 41 8b c9 49 c1 ea 05 41 83 e0 1f
0x00007ffa2742f62e:   48 8b 54 cd 28 49 03 d2 8b 4c 97 40 4c 0f bb c1
0x00007ffa2742f63e:   89 4c 97 40 85 c9 75 09 41 ff c1 44 3b 4d 20 72
0x00007ffa2742f64e:   d1 48 0f af 45 00 48 03 47 08 49 89 03 49 83 c3
0x00007ffa2742f65e:   08 48 83 ee 01 0f 85 27 ff ff ff 48 8b 74 24 10
0x00007ffa2742f66e:   48 8b 6c 24 20 48 c1 e3 1c 48 29 1f 48 8b 5c 24
0x00007ffa2742f67e:   18 5f c3 cc cc cc cc cc cc cc cc cc cc cc cc cc
0x00007ffa2742f68e:   cc cc 40 55 56 57 41 54 48 83 ec 38 0f b6 05 8f
0x00007ffa2742f69e:   94 05 00 48 8d b2 70 29 00 00 f6 d8 49 8b f9 4c
0x00007ffa2742f6ae:   8b e1 1b ed 83 c5 02 41 83 e8 01 74 16 41 83 f8
0x00007ffa2742f6be:   01 0f 85 22 01 00 00 b8 08 4c 00 00 b9 50 eb 00 


Stack slot to memory mapping:

stack at sp + 0 slots: 0x0000000000000001 is an unknown value
stack at sp + 1 slots: 0x00007ffa274305db jemalloc.dll
stack at sp + 2 slots: 0x0 is null
stack at sp + 3 slots: 0x0000018a14614608 points into unknown readable memory: 0x0000000000000000 | 00 00 00 00 00 00 00 00
stack at sp + 4 slots: 0x0 is null
stack at sp + 5 slots: 0x0000018a5fda0001 is at entry_point+929 in (nmethod*)0x0000018a5fd9fa10
Compiled method (c1) 88217674 532701       3       it.hurts.sskirillss.relics.items.relics.base.data.RelicAttributeModifier$RelicAttributeModifierBuilder::build (93 bytes)
 total in heap  [0x0000018a5fd9fa10,0x0000018a5fda0b18] = 4360
 relocation     [0x0000018a5fd9fb70,0x0000018a5fd9fc58] = 232
 main code      [0x0000018a5fd9fc60,0x0000018a5fda0768] = 2824
 stub code      [0x0000018a5fda0768,0x0000018a5fda07b8] = 80
 oops           [0x0000018a5fda07b8,0x0000018a5fda07c0] = 8
 metadata       [0x0000018a5fda07c0,0x0000018a5fda0830] = 112
 scopes data    [0x0000018a5fda0830,0x0000018a5fda0930] = 256
 scopes pcs     [0x0000018a5fda0930,0x0000018a5fda0ae0] = 432
 dependencies   [0x0000018a5fda0ae0,0x0000018a5fda0af0] = 16
 nul chk table  [0x0000018a5fda0af0,0x0000018a5fda0b18] = 40
stack at sp + 6 slots: 0x0000018a5ebb0be0 is at entry_point+0 in (nmethod*)0x0000018a5ebb0310
Compiled method (c1) 88217674 557478   !   3       net.minecraft.client.renderer.ShaderInstance::parseUniformNode (349 bytes)
 total in heap  [0x0000018a5ebb0310,0x0000018a5ebb7c58] = 31048
 relocation     [0x0000018a5ebb0470,0x0000018a5ebb0bd0] = 1888
 main code      [0x0000018a5ebb0be0,0x0000018a5ebb5ab0] = 20176
 stub code      [0x0000018a5ebb5ab0,0x0000018a5ebb5da0] = 752
 oops           [0x0000018a5ebb5da0,0x0000018a5ebb5de0] = 64
 metadata       [0x0000018a5ebb5de0,0x0000018a5ebb5f00] = 288
 scopes data    [0x0000018a5ebb5f00,0x0000018a5ebb6d88] = 3720
 scopes pcs     [0x0000018a5ebb6d88,0x0000018a5ebb7a38] = 3248
 dependencies   [0x0000018a5ebb7a38,0x0000018a5ebb7a58] = 32
 handler table  [0x0000018a5ebb7a58,0x0000018a5ebb7b48] = 240
 nul chk table  [0x0000018a5ebb7b48,0x0000018a5ebb7c58] = 272
stack at sp + 7 slots: 0x0000018a5ebb0be0 is at entry_point+0 in (nmethod*)0x0000018a5ebb0310
Compiled method (c1) 88217674 557478   !   3       net.minecraft.client.renderer.ShaderInstance::parseUniformNode (349 bytes)
 total in heap  [0x0000018a5ebb0310,0x0000018a5ebb7c58] = 31048
 relocation     [0x0000018a5ebb0470,0x0000018a5ebb0bd0] = 1888
 main code      [0x0000018a5ebb0be0,0x0000018a5ebb5ab0] = 20176
 stub code      [0x0000018a5ebb5ab0,0x0000018a5ebb5da0] = 752
 oops           [0x0000018a5ebb5da0,0x0000018a5ebb5de0] = 64
 metadata       [0x0000018a5ebb5de0,0x0000018a5ebb5f00] = 288
 scopes data    [0x0000018a5ebb5f00,0x0000018a5ebb6d88] = 3720
 scopes pcs     [0x0000018a5ebb6d88,0x0000018a5ebb7a38] = 3248
 dependencies   [0x0000018a5ebb7a38,0x0000018a5ebb7a58] = 32
 handler table  [0x0000018a5ebb7a58,0x0000018a5ebb7b48] = 240
 nul chk table  [0x0000018a5ebb7b48,0x0000018a5ebb7c58] = 272


Compiled method (n/a) 88217679 20133     n 0       org.lwjgl.system.JNI::invokePP (native)
 total in heap  [0x0000018a662eae90,0x0000018a662eb280] = 1008
 relocation     [0x0000018a662eaff0,0x0000018a662eb028] = 56
 main code      [0x0000018a662eb040,0x0000018a662eb273] = 563
 stub code      [0x0000018a662eb273,0x0000018a662eb278] = 5
 oops           [0x0000018a662eb278,0x0000018a662eb280] = 8

[Constant Pool (empty)]

[MachCode]
[Entry Point]
  # {method} {0x0000018a019ba3a8} 'invokePP' '(JJ)J' in 'org/lwjgl/system/JNI'
  # parm0:    rdx:rdx   = long
  # parm1:    r8:r8     = long
  #           [sp+0x70]  (sp of caller)
  0x0000018a662eb040: 448b 5208 | 49bb 0000 | 0000 0800 | 0000 4d03 | d349 3bc2 | 0f84 0600 

  0x0000018a662eb058: ;   {runtime_call ic_miss_stub}
  0x0000018a662eb058: 0000 e921 | 3791 fe90 
[Verified Entry Point]
  0x0000018a662eb060: 8984 2400 | 80ff ff55 | 488b ec48 | 83ec 6090 | 4181 7f20 | 6012 0000 

  0x0000018a662eb078: ;   {runtime_call StubRoutines (final stubs)}
  0x0000018a662eb078: 7405 e8e1 | 9c8f fe4d | 8bc8 4c8b 

  0x0000018a662eb084: ;   {oop(a 'java/lang/Class'{0x00000004dea78e78} = 'org/lwjgl/system/JNI')}
  0x0000018a662eb084: c249 be78 | 8ea7 de04 | 0000 004c | 8974 2450 | 4c8d 7424 | 5049 8bd6 

  0x0000018a662eb09c: ;   {internal_word}
  0x0000018a662eb09c: c5f8 7749 | ba9c b02e | 668a 0100 | 004d 8997 | a003 0000 | 4989 a798 

  0x0000018a662eb0b4: ;   {external_word}
  0x0000018a662eb0b4: 0300 0049 | ba2f dc2b | 1dfa 7f00 | 0041 803a | 000f 844e | 0000 0052 | 4150 4151 

  0x0000018a662eb0d0: ;   {metadata({method} {0x0000018a019ba3a8} 'invokePP' '(JJ)J' in 'org/lwjgl/system/JNI')}
  0x0000018a662eb0d0: 48ba a0a3 | 9b01 8a01 | 0000 498b | cf48 83ec | 2040 f6c4 | 0f0f 8419 | 0000 0048 

  0x0000018a662eb0ec: ;   {runtime_call}
  0x0000018a662eb0ec: 83ec 0848 | b830 bbd5 | 1cfa 7f00 | 00ff d048 | 83c4 08e9 | 0c00 0000 

  0x0000018a662eb104: ;   {runtime_call}
  0x0000018a662eb104: 48b8 30bb | d51c fa7f | 0000 ffd0 | 4883 c420 | 4159 4158 | 5a49 8d8f | b803 0000 | 41c7 8744 
  0x0000018a662eb124: 0400 0004 

  0x0000018a662eb128: ;   {runtime_call}
  0x0000018a662eb128: 0000 0048 | b880 13fa | 5ffa 7f00 | 00ff d0c5 | f877 41c7 | 8744 0400 | 0005 0000 | 00f0 8344 
  0x0000018a662eb148: 24c0 0049 | 3baf 4804 | 0000 0f87 | 0e00 0000 | 4183 bf40 | 0400 0000 | 0f84 2b00 | 0000 c5f8 
  0x0000018a662eb168: 7748 8945 | f849 8bcf | 4c8b e448 | 83ec 2048 

  0x0000018a662eb178: ;   {runtime_call}
  0x0000018a662eb178: 83e4 f048 | b8f0 27a1 | 1cfa 7f00 | 00ff d049 | 8be4 4d33 | e448 8b45 | f841 c787 | 4404 0000 
  0x0000018a662eb198: 0800 0000 | 4183 bfc0 | 0400 0002 | 0f84 9c00 

  0x0000018a662eb1a8: ;   {external_word}
  0x0000018a662eb1a8: 0000 49ba | 2fdc 2b1d | fa7f 0000 | 4180 3a00 | 0f84 4c00 | 0000 4889 

  0x0000018a662eb1c0: ;   {metadata({method} {0x0000018a019ba3a8} 'invokePP' '(JJ)J' in 'org/lwjgl/system/JNI')}
  0x0000018a662eb1c0: 45f8 48ba | a0a3 9b01 | 8a01 0000 | 498b cf48 | 83ec 2040 | f6c4 0f0f | 8419 0000 | 0048 83ec 
  0x0000018a662eb1e0: ;   {runtime_call}
  0x0000018a662eb1e0: 0848 b830 | bbd5 1cfa | 7f00 00ff | d048 83c4 | 08e9 0c00 

  0x0000018a662eb1f4: ;   {runtime_call}
  0x0000018a662eb1f4: 0000 48b8 | 30bb d51c | fa7f 0000 | ffd0 4883 | c420 488b | 45f8 49c7 | 8798 0300 | 0000 0000 
  0x0000018a662eb214: 0049 c787 | a003 0000 | 0000 0000 | c5f8 7749 | 8b8f 2804 | 0000 c781 | 0001 0000 | 0000 0000 
  0x0000018a662eb234: c949 837f | 0800 0f85 | 0100 0000 

  0x0000018a662eb240: ;   {runtime_call StubRoutines (initial stubs)}
  0x0000018a662eb240: c3e9 ba5c | 8cfe c5f8 | 7748 8945 | f84c 8be4 | 4883 ec20 | 4883 e4f0 

  0x0000018a662eb258: ;   {runtime_call}
  0x0000018a662eb258: 48b8 00f3 | d51c fa7f | 0000 ffd0 | 498b e44d | 33e4 488b | 45f8 e937 | ffff fff4 | f4f4 f4f4 
[/MachCode]


Compiled method (c2) 88217685 557376       4       org.lwjgl.system.jemalloc.JEmallocAllocator::malloc (5 bytes)
 total in heap  [0x0000018a6a02b410,0x0000018a6a02b6e8] = 728
 relocation     [0x0000018a6a02b570,0x0000018a6a02b598] = 40
 main code      [0x0000018a6a02b5a0,0x0000018a6a02b638] = 152
 stub code      [0x0000018a6a02b638,0x0000018a6a02b660] = 40
 oops           [0x0000018a6a02b660,0x0000018a6a02b668] = 8
 metadata       [0x0000018a6a02b668,0x0000018a6a02b678] = 16
 scopes data    [0x0000018a6a02b678,0x0000018a6a02b698] = 32
 scopes pcs     [0x0000018a6a02b698,0x0000018a6a02b6c8] = 48
 dependencies   [0x0000018a6a02b6c8,0x0000018a6a02b6d0] = 8
 handler table  [0x0000018a6a02b6d0,0x0000018a6a02b6e8] = 24

[Constant Pool (empty)]

[MachCode]
[Entry Point]
  # {method} {0x0000018a019fabd8} 'malloc' '(J)J' in 'org/lwjgl/system/jemalloc/JEmallocAllocator'
  # this:     rdx:rdx   = 'org/lwjgl/system/jemalloc/JEmallocAllocator'
  # parm0:    r8:r8     = long
  #           [sp+0x20]  (sp of caller)
  0x0000018a6a02b5a0: 448b 5208 | 49bb 0000 | 0000 0800 | 0000 4d03 | d349 3bc2 

  0x0000018a6a02b5b4: ;   {runtime_call ic_miss_stub}
  0x0000018a6a02b5b4: 0f85 c631 | bdfa 6690 | 0f1f 4000 
[Verified Entry Point]
  0x0000018a6a02b5c0: 8984 2400 | 80ff ff55 | 4883 ec10 | 4181 7f20 | 6012 0000 | 0f85 5000 | 0000 498b | d049 b800 
  0x0000018a6a02b5e0: 6b42 27fa 

  0x0000018a6a02b5e4: ;   {static_call}
  0x0000018a6a02b5e4: 7f00 00e8 

  0x0000018a6a02b5e8: ; ImmutableOopMap {}
                      ;*invokestatic invokePP {reexecute=0 rethrow=0 return_oop=0}
                      ; - org.lwjgl.system.jemalloc.JEmalloc::nje_malloc@6 (line 134)
                      ; - org.lwjgl.system.jemalloc.JEmallocAllocator::malloc@1 (line 40)
  0x0000018a6a02b5e8: 74fa 2bfc 

  0x0000018a6a02b5ec: ;   {other}
  0x0000018a6a02b5ec: 0f1f 8400 | dc01 0000 | 4883 c410 

  0x0000018a6a02b5f8: ;   {poll_return}
  0x0000018a6a02b5f8: 5d49 3ba7 | 4804 0000 | 0f87 0e00 | 0000 c348 | 8bd0 4883 

  0x0000018a6a02b60c: ;   {runtime_call _rethrow_Java}
  0x0000018a6a02b60c: c410 5de9 | 6c34 cafa 

  0x0000018a6a02b614: ;   {internal_word}
  0x0000018a6a02b614: 49ba f9b5 | 026a 8a01 | 0000 4d89 | 9760 0400 

  0x0000018a6a02b624: ;   {runtime_call SafepointBlob}
  0x0000018a6a02b624: 00e9 d6a0 

  0x0000018a6a02b628: ;   {runtime_call StubRoutines (final stubs)}
  0x0000018a6a02b628: bdfa e831 | 97bb fae9 | a6ff ffff | f4f4 f4f4 
[Stub Code]
  0x0000018a6a02b638: ;   {no_reloc}
  0x0000018a6a02b638: 48bb 0000 | 0000 0000 

  0x0000018a6a02b640: ;   {runtime_call nmethod}
  0x0000018a6a02b640: 0000 e9fb 

  0x0000018a6a02b644: ;   {runtime_call ExceptionBlob}
  0x0000018a6a02b644: ffff ffe9 | b4bb c9fa 
[Deopt Handler Code]
  0x0000018a6a02b64c: e800 0000 | 0048 832c 

  0x0000018a6a02b654: ;   {runtime_call DeoptimizationBlob}
  0x0000018a6a02b654: 2405 e945 | 93bd faf4 | f4f4 f4f4 
[/MachCode]


Compiled method (c1) 88217686 557478   !   3       net.minecraft.client.renderer.ShaderInstance::parseUniformNode (349 bytes)
 total in heap  [0x0000018a5ebb0310,0x0000018a5ebb7c58] = 31048
 relocation     [0x0000018a5ebb0470,0x0000018a5ebb0bd0] = 1888
 main code      [0x0000018a5ebb0be0,0x0000018a5ebb5ab0] = 20176
 stub code      [0x0000018a5ebb5ab0,0x0000018a5ebb5da0] = 752
 oops           [0x0000018a5ebb5da0,0x0000018a5ebb5de0] = 64
 metadata       [0x0000018a5ebb5de0,0x0000018a5ebb5f00] = 288
 scopes data    [0x0000018a5ebb5f00,0x0000018a5ebb6d88] = 3720
 scopes pcs     [0x0000018a5ebb6d88,0x0000018a5ebb7a38] = 3248
 dependencies   [0x0000018a5ebb7a38,0x0000018a5ebb7a58] = 32
 handler table  [0x0000018a5ebb7a58,0x0000018a5ebb7b48] = 240
 nul chk table  [0x0000018a5ebb7b48,0x0000018a5ebb7c58] = 272

[Constant Pool (empty)]

[MachCode]
[Entry Point]
  # {method} {0x0000018a1c6af018} 'parseUniformNode' '(Lcom/google/gson/JsonElement;)V' in 'net/minecraft/client/renderer/ShaderInstance'
  # this:     rdx:rdx   = 'net/minecraft/client/renderer/ShaderInstance'
  # parm0:    r8:r8     = 'com/google/gson/JsonElement'
  #           [sp+0x1d0]  (sp of caller)
  0x0000018a5ebb0be0: 448b 5208 | 49bb 0000 | 0000 0800 | 0000 4d03 | d34c 3bd0 

  0x0000018a5ebb0bf4: ;   {runtime_call ic_miss_stub}
  0x0000018a5ebb0bf4: 0f85 86db | 0406 660f | 1f44 0000 
[Verified Entry Point]
  0x0000018a5ebb0c00: 8984 2400 | 80ff ff55 | 4881 ecc0 | 0100 0090 | 4181 7f20 | 6012 0000 

  0x0000018a5ebb0c18: ;   {runtime_call StubRoutines (final stubs)}
  0x0000018a5ebb0c18: 7405 e841 | 4103 0648 | 8994 24f8 

  0x0000018a5ebb0c24: ;   {metadata(method data for {method} {0x0000018a1c6af018} 'parseUniformNode' '(Lcom/google/gson/JsonElement;)V' in 'net/minecraft/client/renderer/ShaderInstance')}
  0x0000018a5ebb0c24: 0000 0048 | bed0 b8cf | 4e8a 0100 | 008b becc | 0000 0083 | c702 89be | cc00 0000 | 81e7 fe07 
  0x0000018a5ebb0c44: 0000 85ff | 0f84 d641 

  0x0000018a5ebb0c4c: ;   {metadata(method data for {method} {0x0000018a1c6af018} 'parseUniformNode' '(Lcom/google/gson/JsonElement;)V' in 'net/minecraft/client/renderer/ShaderInstance')}
  0x0000018a5ebb0c4c: 0000 48be | d0b8 cf4e | 8a01 0000 | 4883 8610 | 0100 0001 

  0x0000018a5ebb0c60: ;   {metadata(method data for {method} {0x0000018a032bcea8} 'convertToJsonObject' '(Lcom/google/gson/JsonElement;Ljava/lang/String;)Lcom/google/gson/JsonObject;' in 'net/minecraft/util/GsonHelper')}
  0x0000018a5ebb0c60: 48be f03f | 7a22 8a01 | 0000 8bbe | cc00 0000 | 83c7 0289 | becc 0000 | 0081 e7fe | ff1f 0085 
  0x0000018a5ebb0c80: ff0f 84be | 4100 0049 | 3b00 498b 

  0x0000018a5ebb0c8c: ;   {metadata(method data for {method} {0x0000018a032bcea8} 'convertToJsonObject' '(Lcom/google/gson/JsonElement;Ljava/lang/String;)Lcom/google/gson/JsonObject;' in 'net/minecraft/util/GsonHelper')}
  0x0000018a5ebb0c8c: f048 bff0 | 3f7a 228a | 0100 008b | 7608 49ba | 0000 0000 | 0800 0000 | 4903 f248 | 3bb7 2001 
  0x0000018a5ebb0cac: 0000 750d | 4883 8728 | 0100 0001 | e960 0000 | 0048 3bb7 | 3001 0000 | 750d 4883 | 8738 0100 
  0x0000018a5ebb0ccc: 0001 e94a | 0000 0048 | 83bf 2001 | 0000 0075 | 1748 89b7 | 2001 0000 | 48c7 8728 | 0100 0001 
  0x0000018a5ebb0cec: 0000 00e9 | 2900 0000 | 4883 bf30 | 0100 0000 | 7517 4889 | b730 0100 | 0048 c787 | 3801 0000 
  0x0000018a5ebb0d0c: 0100 0000 | e908 0000 | 0048 8387 | 1001 0000 

  0x0000018a5ebb0d1c: ;   {metadata(method data for {method} {0x0000018a01e5bfe8} 'isJsonObject' '()Z' in 'com/google/gson/JsonElement')}
  0x0000018a5ebb0d1c: 0148 be88 | a876 1e8a | 0100 008b | becc 0000 | 0083 c702 | 89be cc00 | 0000 81e7 | feff 1f00 
  0x0000018a5ebb0d3c: 85ff 0f84 | 2741 0000 | 4d85 c075 

  0x0000018a5ebb0d48: ;   {metadata(method data for {method} {0x0000018a01e5bfe8} 'isJsonObject' '()Z' in 'com/google/gson/JsonElement')}
  0x0000018a5ebb0d48: 1648 bb88 | a876 1e8a | 0100 0080 | 8b09 0100 | 0001 e9ce 

  0x0000018a5ebb0d5c: ;   {metadata('com/google/gson/JsonObject')}
  0x0000018a5ebb0d5c: 0000 0048 | b878 ec38 | 0008 0000 | 0041 8b78 | 0849 ba00 | 0000 0008 | 0000 0049 | 03fa 483b 
  0x0000018a5ebb0d7c: c70f 858e 

  0x0000018a5ebb0d80: ;   {metadata(method data for {method} {0x0000018a01e5bfe8} 'isJsonObject' '()Z' in 'com/google/gson/JsonElement')}
  0x0000018a5ebb0d80: 0000 0048 | bb88 a876 | 1e8a 0100 | 0041 8b40 | 0849 ba00 | 0000 0008 | 0000 0049 | 03c2 483b 
  0x0000018a5ebb0da0: 8320 0100 | 0075 0d48 | 8383 2801 | 0000 01e9 | 7e00 0000 | 483b 8330 | 0100 0075 | 0d48 8383 
  0x0000018a5ebb0dc0: 3801 0000 | 01e9 6800 | 0000 4883 | bb20 0100 | 0000 7517 | 4889 8320 | 0100 0048 | c783 2801 
  0x0000018a5ebb0de0: 0000 0100 | 0000 e947 | 0000 0048 | 83bb 3001 | 0000 0075 | 1748 8983 | 3001 0000 | 48c7 8338 
  0x0000018a5ebb0e00: 0100 0001 | 0000 00e9 | 2600 0000 | e921 0000 

  0x0000018a5ebb0e10: ;   {metadata(method data for {method} {0x0000018a01e5bfe8} 'isJsonObject' '()Z' in 'com/google/gson/JsonElement')}
  0x0000018a5ebb0e10: 0048 bb88 | a876 1e8a | 0100 0048 | 83ab 1001 | 0000 01e9 | 0500 0000 | e905 0000 | 0048 33f6 
  0x0000018a5ebb0e30: eb07 48c7 | c601 0000 | 0083 e601 

  0x0000018a5ebb0e3c: ;   {metadata(method data for {method} {0x0000018a032bcea8} 'convertToJsonObject' '(Lcom/google/gson/JsonElement;Ljava/lang/String;)Lcom/google/gson/JsonObject;' in 'net/minecraft/util/GsonHelper')}
  0x0000018a5ebb0e3c: 85f6 48be | f03f 7a22 | 8a01 0000 | 48c7 c748 | 0100 0074 | 0748 c7c7 | 5801 0000 | 488b 1c3e 
  0x0000018a5ebb0e5c: 488d 5b01 | 4889 1c3e | 0f84 473d | 0000 498b 

  0x0000018a5ebb0e6c: ;   {metadata(method data for {method} {0x0000018a032bcea8} 'convertToJsonObject' '(Lcom/google/gson/JsonElement;Ljava/lang/String;)Lcom/google/gson/JsonObject;' in 'net/minecraft/util/GsonHelper')}
  0x0000018a5ebb0e6c: f048 bff0 | 3f7a 228a | 0100 008b | 7608 49ba | 0000 0000 | 0800 0000 | 4903 f248 | 3bb7 7801 
  0x0000018a5ebb0e8c: 0000 750d | 4883 8780 | 0100 0001 | e960 0000 | 0048 3bb7 | 8801 0000 | 750d 4883 | 8790 0100 
  0x0000018a5ebb0eac: 0001 e94a | 0000 0048 | 83bf 7801 | 0000 0075 | 1748 89b7 | 7801 0000 | 48c7 8780 | 0100 0001 
  0x0000018a5ebb0ecc: 0000 00e9 | 2900 0000 | 4883 bf88 | 0100 0000 | 7517 4889 | b788 0100 | 0048 c787 | 9001 0000 
  0x0000018a5ebb0eec: 0100 0000 | e908 0000 | 0048 8387 | 6801 0000 | 0149 8bd0 | 0f1f 8000 

  0x0000018a5ebb0f04: ;   {optimized virtual_call}
  0x0000018a5ebb0f04: 0000 00e8 

  0x0000018a5ebb0f08: ; ImmutableOopMap {[248]=Oop }
                      ;*invokevirtual getAsJsonObject {reexecute=0 rethrow=0 return_oop=0}
                      ; - net.minecraft.util.GsonHelper::convertToJsonObject@8 (line 412)
                      ; - net.minecraft.client.renderer.ShaderInstance::parseUniformNode@4 (line 358)
  0x0000018a5ebb0f08: b4ec 7e08 

  0x0000018a5ebb0f0c: ;   {other}
  0x0000018a5ebb0f0c: 0f1f 8400 | fc0b 0000 | 4889 8424 | 0001 0000 

  0x0000018a5ebb0f1c: ;   {metadata(method data for {method} {0x0000018a1c6af018} 'parseUniformNode' '(Lcom/google/gson/JsonElement;)V' in 'net/minecraft/client/renderer/ShaderInstance')}
  0x0000018a5ebb0f1c: 49b8 d0b8 | cf4e 8a01 | 0000 4983 | 8020 0100 

  0x0000018a5ebb0f2c: ;   {metadata(method data for {method} {0x0000018a032bad60} 'getAsString' '(Lcom/google/gson/JsonObject;Ljava/lang/String;)Ljava/lang/String;' in 'net/minecraft/util/GsonHelper')}
  0x0000018a5ebb0f2c: 0001 49b8 | 68e1 7a1c | 8a01 0000 | 458b 88cc | 0000 0041 | 83c1 0245 | 8988 cc00 | 0000 4181 
  0x0000018a5ebb0f4c: e1fe ff1f | 0045 85c9 | 0f84 323f | 0000 483b | 004c 8bc0 

  0x0000018a5ebb0f60: ;   {metadata(method data for {method} {0x0000018a032bad60} 'getAsString' '(Lcom/google/gson/JsonObject;Ljava/lang/String;)Ljava/lang/String;' in 'net/minecraft/util/GsonHelper')}
  0x0000018a5ebb0f60: 49b9 68e1 | 7a1c 8a01 | 0000 4983 | 8110 0100 

  0x0000018a5ebb0f70: ;   {metadata(method data for {method} {0x0000018a01e896e8} 'has' '(Ljava/lang/String;)Z' in 'com/google/gson/JsonObject')}
  0x0000018a5ebb0f70: 0001 49b8 | d805 7b1c | 8a01 0000 | 458b 88cc | 0000 0041 | 83c1 0245 | 8988 cc00 | 0000 4181 
  0x0000018a5ebb0f90: e1fe ff1f | 0045 85c9 | 0f84 143f | 0000 8b50 | 0c48 c1e2 | 0348 3b02 

  0x0000018a5ebb0fa8: ;   {metadata(method data for {method} {0x0000018a01e896e8} 'has' '(Ljava/lang/String;)Z' in 'com/google/gson/JsonObject')}
  0x0000018a5ebb0fa8: 4c8b c249 | b9d8 057b | 1c8a 0100 | 0049 8381 | 1001 0000 

  0x0000018a5ebb0fbc: ;   {metadata(method data for {method} {0x0000018a01ece9b0} 'containsKey' '(Ljava/lang/Object;)Z' in 'com/google/gson/internal/LinkedTreeMap')}
  0x0000018a5ebb0fbc: 0149 b868 | 077b 1c8a | 0100 0045 | 8b88 cc00 | 0000 4183 | c102 4589 | 88cc 0000 | 0041 81e1 
  0x0000018a5ebb0fdc: feff 1f00 | 4585 c90f | 84ef 3e00 | 004c 8bc2 

  0x0000018a5ebb0fec: ;   {metadata(method data for {method} {0x0000018a01ece9b0} 'containsKey' '(Ljava/lang/Object;)Z' in 'com/google/gson/internal/LinkedTreeMap')}
  0x0000018a5ebb0fec: 49b9 6807 | 7b1c 8a01 | 0000 4983 | 8110 0100 

  0x0000018a5ebb0ffc: ;   {metadata(method data for {method} {0x0000018a01ecf030} 'findByObject' '(Ljava/lang/Object;)Lcom/google/gson/internal/LinkedTreeMap$Node;' in 'com/google/gson/internal/LinkedTreeMap')}
  0x0000018a5ebb0ffc: 0001 49b8 | 309f 0d02 | 8a01 0000 | 458b 88cc | 0000 0041 | 83c1 0245 | 8988 cc00 | 0000 4181 
  0x0000018a5ebb101c: e1fe ff1f | 0045 85c9 | 0f84 cf3e 

  0x0000018a5ebb1028: ;   {metadata(method data for {method} {0x0000018a01ecf030} 'findByObject' '(Ljava/lang/Object;)Lcom/google/gson/internal/LinkedTreeMap$Node;' in 'com/google/gson/internal/LinkedTreeMap')}
  0x0000018a5ebb1028: 0000 49b8 | 309f 0d02 | 8a01 0000 | 41ff 8020 | 0100 004c 

  0x0000018a5ebb103c: ;   {metadata(method data for {method} {0x0000018a01ecf030} 'findByObject' '(Ljava/lang/Object;)Lcom/google/gson/internal/LinkedTreeMap$Node;' in 'com/google/gson/internal/LinkedTreeMap')}
  0x0000018a5ebb103c: 8bc2 49b9 | 309f 0d02 | 8a01 0000 | 4983 8130 | 0100 0001 

  0x0000018a5ebb1050: ;   {oop("name"{0x00000004edd5cb08})}
  0x0000018a5ebb1050: 49b8 08cb | d5ed 0400 | 0000 41b9 | 0000 0000 | 0f1f 8000 

  0x0000018a5ebb1064: ;   {optimized virtual_call}
  0x0000018a5ebb1064: 0000 00e8 

  0x0000018a5ebb1068: ; ImmutableOopMap {[248]=Oop [256]=Oop }
                      ;*invokevirtual find {reexecute=0 rethrow=0 return_oop=0}
                      ; - com.google.gson.internal.LinkedTreeMap::findByObject@7 (line 209)
                      ; - com.google.gson.internal.LinkedTreeMap::containsKey@2 (line 107)
                      ; - com.google.gson.JsonObject::has@5 (line 175)
                      ; - net.minecraft.util.GsonHelper::getAsString@2 (line 125)
                      ; - net.minecraft.client.renderer.ShaderInstance::parseUniformNode@12 (line 359)
  0x0000018a5ebb1068: 74ed 1207 

  0x0000018a5ebb106c: ;   {other}
  0x0000018a5ebb106c: 0f1f 8400 | 5c0d 0001 

  0x0000018a5ebb1074: ;   {metadata(method data for {method} {0x0000018a01ecf030} 'findByObject' '(Ljava/lang/Object;)Lcom/google/gson/internal/LinkedTreeMap$Node;' in 'com/google/gson/internal/LinkedTreeMap')}
  0x0000018a5ebb1074: 49b8 309f | 0d02 8a01 | 0000 41ff | 8068 0100 | 00e9 2500 | 0000 498b | 87f8 0400 | 004d 33d2 
  0x0000018a5ebb1094: 4d89 97f8 | 0400 004d | 33d2 4d89 | 9700 0500 

  0x0000018a5ebb10a4: ;   {oop(nullptr)}
  0x0000018a5ebb10a4: 0048 b800 | 0000 0000 | 0000 0048 

  0x0000018a5ebb10b0: ;   {metadata(method data for {method} {0x0000018a01ece9b0} 'containsKey' '(Ljava/lang/Object;)Z' in 'com/google/gson/internal/LinkedTreeMap')}
  0x0000018a5ebb10b0: 85c0 49b8 | 6807 7b1c | 8a01 0000 | 49c7 c148 | 0100 0074 | 0749 c7c1 | 5801 0000 | 4b8b 1408 
  0x0000018a5ebb10d0: 488d 5201 | 4b89 1408 | 0f84 1c00 

  0x0000018a5ebb10dc: ;   {metadata(method data for {method} {0x0000018a01ece9b0} 'containsKey' '(Ljava/lang/Object;)Z' in 'com/google/gson/internal/LinkedTreeMap')}
  0x0000018a5ebb10dc: 0000 49b8 | 6807 7b1c | 8a01 0000 | 41ff 8068 | 0100 0041 | b801 0000 | 00e9 0600 | 0000 41b8 
  0x0000018a5ebb10fc: 0000 0000 | 4183 e001 | 4183 e001 

  0x0000018a5ebb1108: ;   {metadata(method data for {method} {0x0000018a032bad60} 'getAsString' '(Lcom/google/gson/JsonObject;Ljava/lang/String;)Ljava/lang/String;' in 'net/minecraft/util/GsonHelper')}
  0x0000018a5ebb1108: 4585 c049 | b868 e17a | 1c8a 0100 | 0049 c7c1 | 4801 0000 | 7407 49c7 | c158 0100 | 004b 8b14 
  0x0000018a5ebb1128: 0848 8d52 | 014b 8914 | 080f 847a | 3900 0048 | 8b84 2400 | 0100 004c 

  0x0000018a5ebb1140: ;   {metadata(method data for {method} {0x0000018a032bad60} 'getAsString' '(Lcom/google/gson/JsonObject;Ljava/lang/String;)Ljava/lang/String;' in 'net/minecraft/util/GsonHelper')}
  0x0000018a5ebb1140: 8bc0 49b9 | 68e1 7a1c | 8a01 0000 | 4983 8168 | 0100 0001 

  0x0000018a5ebb1154: ;   {metadata(method data for {method} {0x0000018a01e897a8} 'get' '(Ljava/lang/String;)Lcom/google/gson/JsonElement;' in 'com/google/gson/JsonObject')}
  0x0000018a5ebb1154: 49b8 9059 | 531b 8a01 | 0000 458b | 88cc 0000 | 0041 83c1 | 0245 8988 | cc00 0000 | 4181 e1fe 
  0x0000018a5ebb1174: ff1f 0045 | 85c9 0f84 | 9a3d 0000 | 8b50 0c48 | c1e2 0348 | 3b02 4c8b 

  0x0000018a5ebb118c: ;   {metadata(method data for {method} {0x0000018a01e897a8} 'get' '(Ljava/lang/String;)Lcom/google/gson/JsonElement;' in 'com/google/gson/JsonObject')}
  0x0000018a5ebb118c: c249 b990 | 5953 1b8a | 0100 0049 | 8381 1001 

  0x0000018a5ebb119c: ;   {metadata(method data for {method} {0x0000018a01ece8d8} 'get' '(Ljava/lang/Object;)Ljava/lang/Object;' in 'com/google/gson/internal/LinkedTreeMap')}
  0x0000018a5ebb119c: 0000 0149 | b878 b62a | 038a 0100 | 0045 8b88 | cc00 0000 | 4183 c102 | 4589 88cc | 0000 0041 
  0x0000018a5ebb11bc: 81e1 feff | 1f00 4585 | c90f 8475 | 3d00 004c 

  0x0000018a5ebb11cc: ;   {metadata(method data for {method} {0x0000018a01ece8d8} 'get' '(Ljava/lang/Object;)Ljava/lang/Object;' in 'com/google/gson/internal/LinkedTreeMap')}
  0x0000018a5ebb11cc: 8bc2 49b9 | 78b6 2a03 | 8a01 0000 | 4983 8110 | 0100 0001 

  0x0000018a5ebb11e0: ;   {metadata(method data for {method} {0x0000018a01ecf030} 'findByObject' '(Ljava/lang/Object;)Lcom/google/gson/internal/LinkedTreeMap$Node;' in 'com/google/gson/internal/LinkedTreeMap')}
  0x0000018a5ebb11e0: 49b8 309f | 0d02 8a01 | 0000 458b | 88cc 0000 | 0041 83c1 | 0245 8988 | cc00 0000 | 4181 e1fe 
  0x0000018a5ebb1200: ff1f 0045 | 85c9 0f84 | 553d 0000 

  0x0000018a5ebb120c: ;   {metadata(method data for {method} {0x0000018a01ecf030} 'findByObject' '(Ljava/lang/Object;)Lcom/google/gson/internal/LinkedTreeMap$Node;' in 'com/google/gson/internal/LinkedTreeMap')}
  0x0000018a5ebb120c: 49b8 309f | 0d02 8a01 | 0000 41ff | 8020 0100 | 004c 8bc2 

  0x0000018a5ebb1220: ;   {metadata(method data for {method} {0x0000018a01ecf030} 'findByObject' '(Ljava/lang/Object;)Lcom/google/gson/internal/LinkedTreeMap$Node;' in 'com/google/gson/internal/LinkedTreeMap')}
  0x0000018a5ebb1220: 49b9 309f | 0d02 8a01 | 0000 4983 | 8130 0100 

  0x0000018a5ebb1230: ;   {oop("name"{0x00000004edd5cb08})}
  0x0000018a5ebb1230: 0001 49b8 | 08cb d5ed | 0400 0000 | 41b9 0000 | 0000 0f1f 

  0x0000018a5ebb1244: ;   {optimized virtual_call}
  0x0000018a5ebb1244: 4400 00e8 

  0x0000018a5ebb1248: ; ImmutableOopMap {[248]=Oop [256]=Oop }
                      ;*invokevirtual find {reexecute=0 rethrow=0 return_oop=0}
                      ; - com.google.gson.internal.LinkedTreeMap::findByObject@7 (line 209)
                      ; - com.google.gson.internal.LinkedTreeMap::get@2 (line 102)
                      ; - com.google.gson.JsonObject::get@5 (line 185)
                      ; - net.minecraft.util.GsonHelper::getAsString@10 (line 126)
                      ; - net.minecraft.client.renderer.ShaderInstance::parseUniformNode@12 (line 359)
  0x0000018a5ebb1248: 94eb 1207 

  0x0000018a5ebb124c: ;   {other}
  0x0000018a5ebb124c: 0f1f 8400 | 3c0f 0002 

  0x0000018a5ebb1254: ;   {metadata(method data for {method} {0x0000018a01ecf030} 'findByObject' '(Ljava/lang/Object;)Lcom/google/gson/internal/LinkedTreeMap$Node;' in 'com/google/gson/internal/LinkedTreeMap')}
  0x0000018a5ebb1254: 48ba 309f | 0d02 8a01 | 0000 ff82 | 6801 0000 | e925 0000 | 0049 8b87 | f804 0000 | 4d33 d24d 
  0x0000018a5ebb1274: 8997 f804 | 0000 4d33 | d24d 8997 | 0005 0000 

  0x0000018a5ebb1284: ;   {oop(nullptr)}
  0x0000018a5ebb1284: 48b8 0000 | 0000 0000 | 0000 4885 

  0x0000018a5ebb1290: ;   {metadata(method data for {method} {0x0000018a01ece8d8} 'get' '(Ljava/lang/Object;)Ljava/lang/Object;' in 'com/google/gson/internal/LinkedTreeMap')}
  0x0000018a5ebb1290: c048 ba78 | b62a 038a | 0100 0048 | c7c6 4801 | 0000 7407 | 48c7 c658 | 0100 0048 | 8b3c 3248 
  0x0000018a5ebb12b0: 8d7f 0148 | 893c 320f | 841c 0000 | 008b 502c | 48c1 e203 

  0x0000018a5ebb12c4: ;   {metadata(method data for {method} {0x0000018a01ece8d8} 'get' '(Ljava/lang/Object;)Ljava/lang/Object;' in 'com/google/gson/internal/LinkedTreeMap')}
  0x0000018a5ebb12c4: 48be 78b6 | 2a03 8a01 | 0000 ff86 | 6801 0000 | e90a 0000 

  0x0000018a5ebb12d8: ;   {oop(nullptr)}
  0x0000018a5ebb12d8: 0048 ba00 | 0000 0000 | 0000 0048 | 85d2 7516 

  0x0000018a5ebb12e8: ;   {metadata(method data for {method} {0x0000018a01e897a8} 'get' '(Ljava/lang/String;)Lcom/google/gson/JsonElement;' in 'com/google/gson/JsonObject')}
  0x0000018a5ebb12e8: 48be 9059 | 531b 8a01 | 0000 808e | 4101 0000 | 01e9 cd00 

  0x0000018a5ebb12fc: ;   {metadata('com/google/gson/JsonElement')}
  0x0000018a5ebb12fc: 0000 48bf | 401a 3800 | 0800 0000 | 8b72 0849 | ba00 0000 | 0008 0000 | 0049 03f2 | 483b 7e38 
  0x0000018a5ebb131c: 0f85 8d00 

  0x0000018a5ebb1320: ;   {metadata(method data for {method} {0x0000018a01e897a8} 'get' '(Ljava/lang/String;)Lcom/google/gson/JsonElement;' in 'com/google/gson/JsonObject')}
  0x0000018a5ebb1320: 0000 48be | 9059 531b | 8a01 0000 | 8b7a 0849 | ba00 0000 | 0008 0000 | 0049 03fa | 483b be58 
  0x0000018a5ebb1340: 0100 0075 | 0d48 8386 | 6001 0000 | 01e9 7900 | 0000 483b | be68 0100 | 0075 0d48 | 8386 7001 
  0x0000018a5ebb1360: 0000 01e9 | 6300 0000 | 4883 be58 | 0100 0000 | 7517 4889 | be58 0100 | 0048 c786 | 6001 0000 
  0x0000018a5ebb1380: 0100 0000 | e942 0000 | 0048 83be | 6801 0000 | 0075 1748 | 89be 6801 | 0000 48c7 | 8670 0100 
  0x0000018a5ebb13a0: 0001 0000 | 00e9 2100 | 0000 e91c 

  0x0000018a5ebb13ac: ;   {metadata(method data for {method} {0x0000018a01e897a8} 'get' '(Ljava/lang/String;)Lcom/google/gson/JsonElement;' in 'com/google/gson/JsonObject')}
  0x0000018a5ebb13ac: 0000 0048 | be90 5953 | 1b8a 0100 | 0048 83ae | 4801 0000 | 01e9 c13b | 0000 e900 | 0000 0048 
  0x0000018a5ebb13cc: ;   {metadata(method data for {method} {0x0000018a032bad60} 'getAsString' '(Lcom/google/gson/JsonObject;Ljava/lang/String;)Ljava/lang/String;' in 'net/minecraft/util/GsonHelper')}
  0x0000018a5ebb13cc: 8bda 48ba | 68e1 7a1c | 8a01 0000 | 4883 82a0 | 0100 0001 

  0x0000018a5ebb13e0: ;   {metadata(method data for {method} {0x0000018a032bac78} 'convertToString' '(Lcom/google/gson/JsonElement;Ljava/lang/String;)Ljava/lang/String;' in 'net/minecraft/util/GsonHelper')}
  0x0000018a5ebb13e0: 48ba 2091 | 641c 8a01 | 0000 8bb2 | cc00 0000 | 83c6 0289 | b2cc 0000 | 0081 e6fe | ff1f 0085 
  0x0000018a5ebb1400: f60f 8489 | 3b00 0048 | 3b03 488b 

  0x0000018a5ebb140c: ;   {metadata(method data for {method} {0x0000018a032bac78} 'convertToString' '(Lcom/google/gson/JsonElement;Ljava/lang/String;)Ljava/lang/String;' in 'net/minecraft/util/GsonHelper')}
  0x0000018a5ebb140c: d348 be20 | 9164 1c8a | 0100 008b | 5208 49ba | 0000 0000 | 0800 0000 | 4903 d248 | 3b96 2001 
  0x0000018a5ebb142c: 0000 750d | 4883 8628 | 0100 0001 | e960 0000 | 0048 3b96 | 3001 0000 | 750d 4883 | 8638 0100 
  0x0000018a5ebb144c: 0001 e94a | 0000 0048 | 83be 2001 | 0000 0075 | 1748 8996 | 2001 0000 | 48c7 8628 | 0100 0001 
  0x0000018a5ebb146c: 0000 00e9 | 2900 0000 | 4883 be30 | 0100 0000 | 7517 4889 | 9630 0100 | 0048 c786 | 3801 0000 
  0x0000018a5ebb148c: 0100 0000 | e908 0000 | 0048 8386 | 1001 0000 

  0x0000018a5ebb149c: ;   {metadata(method data for {method} {0x0000018a01e5c090} 'isJsonPrimitive' '()Z' in 'com/google/gson/JsonElement')}
  0x0000018a5ebb149c: 0148 ba88 | bb59 1c8a | 0100 008b | b2cc 0000 | 0083 c602 | 89b2 cc00 | 0000 81e6 | feff 1f00 
  0x0000018a5ebb14bc: 85f6 0f84 | f23a 0000 | 4885 db75 

  0x0000018a5ebb14c8: ;   {metadata(method data for {method} {0x0000018a01e5c090} 'isJsonPrimitive' '()Z' in 'com/google/gson/JsonElement')}
  0x0000018a5ebb14c8: 1648 bf88 | bb59 1c8a | 0100 0080 | 8f09 0100 | 0001 e9cc 

  0x0000018a5ebb14dc: ;   {metadata('com/google/gson/JsonPrimitive')}
  0x0000018a5ebb14dc: 0000 0048 | b800 8038 | 0008 0000 | 008b 7308 | 49ba 0000 | 0000 0800 | 0000 4903 | f248 3bc6 
  0x0000018a5ebb14fc: 0f85 8d00 

  0x0000018a5ebb1500: ;   {metadata(method data for {method} {0x0000018a01e5c090} 'isJsonPrimitive' '()Z' in 'com/google/gson/JsonElement')}
  0x0000018a5ebb1500: 0000 48bf | 88bb 591c | 8a01 0000 | 8b43 0849 | ba00 0000 | 0008 0000 | 0049 03c2 | 483b 8720 
  0x0000018a5ebb1520: 0100 0075 | 0d48 8387 | 2801 0000 | 01e9 7e00 | 0000 483b | 8730 0100 | 0075 0d48 | 8387 3801 
  0x0000018a5ebb1540: 0000 01e9 | 6800 0000 | 4883 bf20 | 0100 0000 | 7517 4889 | 8720 0100 | 0048 c787 | 2801 0000 
  0x0000018a5ebb1560: 0100 0000 | e947 0000 | 0048 83bf | 3001 0000 | 0075 1748 | 8987 3001 | 0000 48c7 | 8738 0100 
  0x0000018a5ebb1580: 0001 0000 | 00e9 2600 | 0000 e921 

  0x0000018a5ebb158c: ;   {metadata(method data for {method} {0x0000018a01e5c090} 'isJsonPrimitive' '()Z' in 'com/google/gson/JsonElement')}
  0x0000018a5ebb158c: 0000 0048 | bf88 bb59 | 1c8a 0100 | 0048 83af | 1001 0000 | 01e9 0500 | 0000 e905 | 0000 0048 
  0x0000018a5ebb15ac: 33d2 eb07 | 48c7 c201 | 0000 0083 | e201 85d2 

  0x0000018a5ebb15bc: ;   {metadata(method data for {method} {0x0000018a032bac78} 'convertToString' '(Lcom/google/gson/JsonElement;Ljava/lang/String;)Ljava/lang/String;' in 'net/minecraft/util/GsonHelper')}
  0x0000018a5ebb15bc: 48ba 2091 | 641c 8a01 | 0000 48c7 | c648 0100 | 0074 0748 | c7c6 5801 | 0000 488b | 3c32 488d 
  0x0000018a5ebb15dc: 7f01 4889 | 3c32 0f84 | a133 0000 

  0x0000018a5ebb15e8: ;   {metadata(method data for {method} {0x0000018a032bac78} 'convertToString' '(Lcom/google/gson/JsonElement;Ljava/lang/String;)Ljava/lang/String;' in 'net/minecraft/util/GsonHelper')}
  0x0000018a5ebb15e8: 488b d348 | be20 9164 | 1c8a 0100 | 008b 5208 | 49ba 0000 | 0000 0800 | 0000 4903 | d248 3b96 
  0x0000018a5ebb1608: 7801 0000 | 750d 4883 | 8680 0100 | 0001 e960 | 0000 0048 | 3b96 8801 | 0000 750d | 4883 8690 
  0x0000018a5ebb1628: 0100 0001 | e94a 0000 | 0048 83be | 7801 0000 | 0075 1748 | 8996 7801 | 0000 48c7 | 8680 0100 
  0x0000018a5ebb1648: 0001 0000 | 00e9 2900 | 0000 4883 | be88 0100 | 0000 7517 | 4889 9688 | 0100 0048 | c786 9001 
  0x0000018a5ebb1668: 0000 0100 | 0000 e908 | 0000 0048 | 8386 6801 | 0000 0148 | 8bd3 0f1f | 8000 0000 | 0048 b800 
  0x0000018a5ebb1688: 8038 0008 

  0x0000018a5ebb168c: ;   {virtual_call}
  0x0000018a5ebb168c: 0000 00e8 

  0x0000018a5ebb1690: ; ImmutableOopMap {[248]=Oop [256]=Oop }
                      ;*invokevirtual getAsString {reexecute=0 rethrow=0 return_oop=0}
                      ; - net.minecraft.util.GsonHelper::convertToString@8 (line 118)
                      ; - net.minecraft.util.GsonHelper::getAsString@14 (line 126)
                      ; - net.minecraft.client.renderer.ShaderInstance::parseUniformNode@12 (line 359)
  0x0000018a5ebb1690: 4c8b 980a 

  0x0000018a5ebb1694: ;   {other}
  0x0000018a5ebb1694: 0f1f 8400 | 8413 0003 | 4889 8424 | 0801 0000 | 488b b424 | 0001 0000 

  0x0000018a5ebb16ac: ;   {metadata(method data for {method} {0x0000018a1c6af018} 'parseUniformNode' '(Lcom/google/gson/JsonElement;)V' in 'net/minecraft/client/renderer/ShaderInstance')}
  0x0000018a5ebb16ac: 49b8 d0b8 | cf4e 8a01 | 0000 4983 | 8030 0100 

  0x0000018a5ebb16bc: ;   {metadata(method data for {method} {0x0000018a032bad60} 'getAsString' '(Lcom/google/gson/JsonObject;Ljava/lang/String;)Ljava/lang/String;' in 'net/minecraft/util/GsonHelper')}
  0x0000018a5ebb16bc: 0001 49b8 | 68e1 7a1c | 8a01 0000 | 458b 88cc | 0000 0041 | 83c1 0245 | 8988 cc00 | 0000 4181 
  0x0000018a5ebb16dc: e1fe ff1f | 0045 85c9 | 0f84 ed38 | 0000 4c8b 

  0x0000018a5ebb16ec: ;   {metadata(method data for {method} {0x0000018a032bad60} 'getAsString' '(Lcom/google/gson/JsonObject;Ljava/lang/String;)Ljava/lang/String;' in 'net/minecraft/util/GsonHelper')}
  0x0000018a5ebb16ec: c649 b968 | e17a 1c8a | 0100 0049 | 8381 1001 

  0x0000018a5ebb16fc: ;   {metadata(method data for {method} {0x0000018a01e896e8} 'has' '(Ljava/lang/String;)Z' in 'com/google/gson/JsonObject')}
  0x0000018a5ebb16fc: 0000 0149 | b8d8 057b | 1c8a 0100 | 0045 8b88 | cc00 0000 | 4183 c102 | 4589 88cc | 0000 0041 
  0x0000018a5ebb171c: 81e1 feff | 1f00 4585 | c90f 84cd | 3800 008b | 560c 48c1 | e203 483b | 024c 8bc2 

  0x0000018a5ebb1738: ;   {metadata(method data for {method} {0x0000018a01e896e8} 'has' '(Ljava/lang/String;)Z' in 'com/google/gson/JsonObject')}
  0x0000018a5ebb1738: 49b9 d805 | 7b1c 8a01 | 0000 4983 | 8110 0100 

  0x0000018a5ebb1748: ;   {metadata(method data for {method} {0x0000018a01ece9b0} 'containsKey' '(Ljava/lang/Object;)Z' in 'com/google/gson/internal/LinkedTreeMap')}
  0x0000018a5ebb1748: 0001 49b8 | 6807 7b1c | 8a01 0000 | 458b 88cc | 0000 0041 | 83c1 0245 | 8988 cc00 | 0000 4181 
  0x0000018a5ebb1768: e1fe ff1f | 0045 85c9 | 0f84 a838 | 0000 4c8b 

  0x0000018a5ebb1778: ;   {metadata(method data for {method} {0x0000018a01ece9b0} 'containsKey' '(Ljava/lang/Object;)Z' in 'com/google/gson/internal/LinkedTreeMap')}
  0x0000018a5ebb1778: c249 b968 | 077b 1c8a | 0100 0049 | 8381 1001 

  0x0000018a5ebb1788: ;   {metadata(method data for {method} {0x0000018a01ecf030} 'findByObject' '(Ljava/lang/Object;)Lcom/google/gson/internal/LinkedTreeMap$Node;' in 'com/google/gson/internal/LinkedTreeMap')}
  0x0000018a5ebb1788: 0000 0149 | b830 9f0d | 028a 0100 | 0045 8b88 | cc00 0000 | 4183 c102 | 4589 88cc | 0000 0041 
  0x0000018a5ebb17a8: 81e1 feff | 1f00 4585 | c90f 8488 

  0x0000018a5ebb17b4: ;   {metadata(method data for {method} {0x0000018a01ecf030} 'findByObject' '(Ljava/lang/Object;)Lcom/google/gson/internal/LinkedTreeMap$Node;' in 'com/google/gson/internal/LinkedTreeMap')}
  0x0000018a5ebb17b4: 3800 0049 | b830 9f0d | 028a 0100 | 0041 ff80 | 2001 0000 

  0x0000018a5ebb17c8: ;   {metadata(method data for {method} {0x0000018a01ecf030} 'findByObject' '(Ljava/lang/Object;)Lcom/google/gson/internal/LinkedTreeMap$Node;' in 'com/google/gson/internal/LinkedTreeMap')}
  0x0000018a5ebb17c8: 4c8b c249 | b930 9f0d | 028a 0100 | 0049 8381 | 3001 0000 

  0x0000018a5ebb17dc: ;   {oop("type"{0x00000004dc433bf0})}
  0x0000018a5ebb17dc: 0149 b8f0 | 3b43 dc04 | 0000 0041 | b900 0000 

  0x0000018a5ebb17ec: ;   {optimized virtual_call}
  0x0000018a5ebb17ec: 0066 90e8 

  0x0000018a5ebb17f0: ; ImmutableOopMap {[248]=Oop [256]=Oop [264]=Oop }
                      ;*invokevirtual find {reexecute=0 rethrow=0 return_oop=0}
                      ; - com.google.gson.internal.LinkedTreeMap::findByObject@7 (line 209)
                      ; - com.google.gson.internal.LinkedTreeMap::containsKey@2 (line 107)
                      ; - com.google.gson.JsonObject::has@5 (line 175)
                      ; - net.minecraft.util.GsonHelper::getAsString@2 (line 125)
                      ; - net.minecraft.client.renderer.ShaderInstance::parseUniformNode@20 (line 360)
  0x0000018a5ebb17f0: ece5 1207 

  0x0000018a5ebb17f4: ;   {other}
  0x0000018a5ebb17f4: 0f1f 8400 | e414 0004 

  0x0000018a5ebb17fc: ;   {metadata(method data for {method} {0x0000018a01ecf030} 'findByObject' '(Ljava/lang/Object;)Lcom/google/gson/internal/LinkedTreeMap$Node;' in 'com/google/gson/internal/LinkedTreeMap')}
  0x0000018a5ebb17fc: 49b8 309f | 0d02 8a01 | 0000 41ff | 8068 0100 | 00e9 2500 | 0000 498b | 87f8 0400 | 004d 33d2 
  0x0000018a5ebb181c: 4d89 97f8 | 0400 004d | 33d2 4d89 | 9700 0500 

  0x0000018a5ebb182c: ;   {oop(nullptr)}
  0x0000018a5ebb182c: 0048 b800 | 0000 0000 | 0000 0048 

  0x0000018a5ebb1838: ;   {metadata(method data for {method} {0x0000018a01ece9b0} 'containsKey' '(Ljava/lang/Object;)Z' in 'com/google/gson/internal/LinkedTreeMap')}
  0x0000018a5ebb1838: 85c0 49b8 | 6807 7b1c | 8a01 0000 | 49c7 c148 | 0100 0074 | 0749 c7c1 | 5801 0000 | 4b8b 1408 
  0x0000018a5ebb1858: 488d 5201 | 4b89 1408 | 0f84 1c00 

  0x0000018a5ebb1864: ;   {metadata(method data for {method} {0x0000018a01ece9b0} 'containsKey' '(Ljava/lang/Object;)Z' in 'com/google/gson/internal/LinkedTreeMap')}
  0x0000018a5ebb1864: 0000 49b8 | 6807 7b1c | 8a01 0000 | 41ff 8068 | 0100 0041 | b801 0000 | 00e9 0600 | 0000 41b8 
  0x0000018a5ebb1884: 0000 0000 | 4183 e001 | 4183 e001 

  0x0000018a5ebb1890: ;   {metadata(method data for {method} {0x0000018a032bad60} 'getAsString' '(Lcom/google/gson/JsonObject;Ljava/lang/String;)Ljava/lang/String;' in 'net/minecraft/util/GsonHelper')}
  0x0000018a5ebb1890: 4585 c049 | b868 e17a | 1c8a 0100 | 0049 c7c1 | 4801 0000 | 7407 49c7 | c158 0100 | 004b 8b14 
  0x0000018a5ebb18b0: 0848 8d52 | 014b 8914 | 080f 84ca | 2f00 0048 | 8b84 2400 | 0100 004c 

  0x0000018a5ebb18c8: ;   {metadata(method data for {method} {0x0000018a032bad60} 'getAsString' '(Lcom/google/gson/JsonObject;Ljava/lang/String;)Ljava/lang/String;' in 'net/minecraft/util/GsonHelper')}
  0x0000018a5ebb18c8: 8bc0 49b9 | 68e1 7a1c | 8a01 0000 | 4983 8168 | 0100 0001 

  0x0000018a5ebb18dc: ;   {metadata(method data for {method} {0x0000018a01e897a8} 'get' '(Ljava/lang/String;)Lcom/google/gson/JsonElement;' in 'com/google/gson/JsonObject')}
  0x0000018a5ebb18dc: 49b8 9059 | 531b 8a01 | 0000 458b | 88cc 0000 | 0041 83c1 | 0245 8988 | cc00 0000 | 4181 e1fe 
  0x0000018a5ebb18fc: ff1f 0045 | 85c9 0f84 | 5837 0000 | 8b50 0c48 | c1e2 0348 | 3b02 4c8b 

  0x0000018a5ebb1914: ;   {metadata(method data for {method} {0x0000018a01e897a8} 'get' '(Ljava/lang/String;)Lcom/google/gson/JsonElement;' in 'com/google/gson/JsonObject')}
  0x0000018a5ebb1914: c249 b990 | 5953 1b8a | 0100 0049 | 8381 1001 

  0x0000018a5ebb1924: ;   {metadata(method data for {method} {0x0000018a01ece8d8} 'get' '(Ljava/lang/Object;)Ljava/lang/Object;' in 'com/google/gson/internal/LinkedTreeMap')}
  0x0000018a5ebb1924: 0000 0149 | b878 b62a | 038a 0100 | 0045 8b88 | cc00 0000 | 4183 c102 | 4589 88cc | 0000 0041 
  0x0000018a5ebb1944: 81e1 feff | 1f00 4585 | c90f 8433 | 3700 004c 

  0x0000018a5ebb1954: ;   {metadata(method data for {method} {0x0000018a01ece8d8} 'get' '(Ljava/lang/Object;)Ljava/lang/Object;' in 'com/google/gson/internal/LinkedTreeMap')}
  0x0000018a5ebb1954: 8bc2 49b9 | 78b6 2a03 | 8a01 0000 | 4983 8110 | 0100 0001 

  0x0000018a5ebb1968: ;   {metadata(method data for {method} {0x0000018a01ecf030} 'findByObject' '(Ljava/lang/Object;)Lcom/google/gson/internal/LinkedTreeMap$Node;' in 'com/google/gson/internal/LinkedTreeMap')}
  0x0000018a5ebb1968: 49b8 309f | 0d02 8a01 | 0000 458b | 88cc 0000 | 0041 83c1 | 0245 8988 | cc00 0000 | 4181 e1fe 
  0x0000018a5ebb1988: ff1f 0045 | 85c9 0f84 | 1337 0000 

  0x0000018a5ebb1994: ;   {metadata(method data for {method} {0x0000018a01ecf030} 'findByObject' '(Ljava/lang/Object;)Lcom/google/gson/internal/LinkedTreeMap$Node;' in 'com/google/gson/internal/LinkedTreeMap')}
  0x0000018a5ebb1994: 49b8 309f | 0d02 8a01 | 0000 41ff | 8020 0100 | 004c 8bc2 

  0x0000018a5ebb19a8: ;   {metadata(method data for {method} {0x0000018a01ecf030} 'findByObject' '(Ljava/lang/Object;)Lcom/google/gson/internal/LinkedTreeMap$Node;' in 'com/google/gson/internal/LinkedTreeMap')}
  0x0000018a5ebb19a8: 49b9 309f | 0d02 8a01 | 0000 4983 | 8130 0100 

  0x0000018a5ebb19b8: ;   {oop("type"{0x00000004dc433bf0})}
  0x0000018a5ebb19b8: 0001 49b8 | f03b 43dc | 0400 0000 | 41b9 0000 | 0000 0f1f 

  0x0000018a5ebb19cc: ;   {optimized virtual_call}
  0x0000018a5ebb19cc: 4400 00e8 

  0x0000018a5ebb19d0: ; ImmutableOopMap {[248]=Oop [256]=Oop [264]=Oop }
                      ;*invokevirtual find {reexecute=0 rethrow=0 return_oop=0}
                      ; - com.google.gson.internal.LinkedTreeMap::findByObject@7 (line 209)
                      ; - com.google.gson.internal.LinkedTreeMap::get@2 (line 102)
                      ; - com.google.gson.JsonObject::get@5 (line 185)
                      ; - net.minecraft.util.GsonHelper::getAsString@10 (line 126)
                      ; - net.minecraft.client.renderer.ShaderInstance::parseUniformNode@20 (line 360)
  0x0000018a5ebb19d0: 0ce4 1207 

  0x0000018a5ebb19d4: ;   {other}
  0x0000018a5ebb19d4: 0f1f 8400 | c416 0005 

  0x0000018a5ebb19dc: ;   {metadata(method data for {method} {0x0000018a01ecf030} 'findByObject' '(Ljava/lang/Object;)Lcom/google/gson/internal/LinkedTreeMap$Node;' in 'com/google/gson/internal/LinkedTreeMap')}
  0x0000018a5ebb19dc: 48ba 309f | 0d02 8a01 | 0000 ff82 | 6801 0000 | e925 0000 | 0049 8b87 | f804 0000 | 4d33 d24d 
  0x0000018a5ebb19fc: 8997 f804 | 0000 4d33 | d24d 8997 | 0005 0000 

  0x0000018a5ebb1a0c: ;   {oop(nullptr)}
  0x0000018a5ebb1a0c: 48b8 0000 | 0000 0000 | 0000 4885 

  0x0000018a5ebb1a18: ;   {metadata(method data for {method} {0x0000018a01ece8d8} 'get' '(Ljava/lang/Object;)Ljava/lang/Object;' in 'com/google/gson/internal/LinkedTreeMap')}
  0x0000018a5ebb1a18: c048 ba78 | b62a 038a | 0100 0048 | c7c6 4801 | 0000 7407 | 48c7 c658 | 0100 0048 | 8b3c 3248 
  0x0000018a5ebb1a38: 8d7f 0148 | 893c 320f | 841c 0000 | 008b 502c | 48c1 e203 

  0x0000018a5ebb1a4c: ;   {metadata(method data for {method} {0x0000018a01ece8d8} 'get' '(Ljava/lang/Object;)Ljava/lang/Object;' in 'com/google/gson/internal/LinkedTreeMap')}
  0x0000018a5ebb1a4c: 48be 78b6 | 2a03 8a01 | 0000 ff86 | 6801 0000 | e90a 0000 

  0x0000018a5ebb1a60: ;   {oop(nullptr)}
  0x0000018a5ebb1a60: 0048 ba00 | 0000 0000 | 0000 0048 | 85d2 7516 

  0x0000018a5ebb1a70: ;   {metadata(method data for {method} {0x0000018a01e897a8} 'get' '(Ljava/lang/String;)Lcom/google/gson/JsonElement;' in 'com/google/gson/JsonObject')}
  0x0000018a5ebb1a70: 48be 9059 | 531b 8a01 | 0000 808e | 4101 0000 | 01e9 cd00 

  0x0000018a5ebb1a84: ;   {metadata('com/google/gson/JsonElement')}
  0x0000018a5ebb1a84: 0000 48bf | 401a 3800 | 0800 0000 | 8b72 0849 | ba00 0000 | 0008 0000 | 0049 03f2 | 483b 7e38 
  0x0000018a5ebb1aa4: 0f85 8d00 

  0x0000018a5ebb1aa8: ;   {metadata(method data for {method} {0x0000018a01e897a8} 'get' '(Ljava/lang/String;)Lcom/google/gson/JsonElement;' in 'com/google/gson/JsonObject')}
  0x0000018a5ebb1aa8: 0000 48be | 9059 531b | 8a01 0000 | 8b7a 0849 | ba00 0000 | 0008 0000 | 0049 03fa | 483b be58 
  0x0000018a5ebb1ac8: 0100 0075 | 0d48 8386 | 6001 0000 | 01e9 7900 | 0000 483b | be68 0100 | 0075 0d48 | 8386 7001 
  0x0000018a5ebb1ae8: 0000 01e9 | 6300 0000 | 4883 be58 | 0100 0000 | 7517 4889 | be58 0100 | 0048 c786 | 6001 0000 
  0x0000018a5ebb1b08: 0100 0000 | e942 0000 | 0048 83be | 6801 0000 | 0075 1748 | 89be 6801 | 0000 48c7 | 8670 0100 
  0x0000018a5ebb1b28: 0001 0000 | 00e9 2100 | 0000 e91c 

  0x0000018a5ebb1b34: ;   {metadata(method data for {method} {0x0000018a01e897a8} 'get' '(Ljava/lang/String;)Lcom/google/gson/JsonElement;' in 'com/google/gson/JsonObject')}
  0x0000018a5ebb1b34: 0000 0048 | be90 5953 | 1b8a 0100 | 0048 83ae | 4801 0000 | 01e9 7f35 | 0000 e900 | 0000 0048 
  0x0000018a5ebb1b54: ;   {metadata(method data for {method} {0x0000018a032bad60} 'getAsString' '(Lcom/google/gson/JsonObject;Ljava/lang/String;)Ljava/lang/String;' in 'net/minecraft/util/GsonHelper')}
  0x0000018a5ebb1b54: 8bda 48ba | 68e1 7a1c | 8a01 0000 | 4883 82a0 | 0100 0001 

  0x0000018a5ebb1b68: ;   {metadata(method data for {method} {0x0000018a032bac78} 'convertToString' '(Lcom/google/gson/JsonElement;Ljava/lang/String;)Ljava/lang/String;' in 'net/minecraft/util/GsonHelper')}
  0x0000018a5ebb1b68: 48ba 2091 | 641c 8a01 | 0000 8bb2 | cc00 0000 | 83c6 0289 | b2cc 0000 | 0081 e6fe | ff1f 0085 
  0x0000018a5ebb1b88: f60f 8447 | 3500 0048 | 3b03 488b 

  0x0000018a5ebb1b94: ;   {metadata(method data for {method} {0x0000018a032bac78} 'convertToString' '(Lcom/google/gson/JsonElement;Ljava/lang/String;)Ljava/lang/String;' in 'net/minecraft/util/GsonHelper')}
  0x0000018a5ebb1b94: d348 be20 | 9164 1c8a | 0100 008b | 5208 49ba | 0000 0000 | 0800 0000 | 4903 d248 | 3b96 2001 
  0x0000018a5ebb1bb4: 0000 750d | 4883 8628 | 0100 0001 | e960 0000 | 0048 3b96 | 3001 0000 | 750d 4883 | 8638 0100 
  0x0000018a5ebb1bd4: 0001 e94a | 0000 0048 | 83be 2001 | 0000 0075 | 1748 8996 | 2001 0000 | 48c7 8628 | 0100 0001 
  0x0000018a5ebb1bf4: 0000 00e9 | 2900 0000 | 4883 be30 | 0100 0000 | 7517 4889 | 9630 0100 | 0048 c786 | 3801 0000 
  0x0000018a5ebb1c14: 0100 0000 | e908 0000 | 0048 8386 | 1001 0000 

  0x0000018a5ebb1c24: ;   {metadata(method data for {method} {0x0000018a01e5c090} 'isJsonPrimitive' '()Z' in 'com/google/gson/JsonElement')}
  0x0000018a5ebb1c24: 0148 ba88 | bb59 1c8a | 0100 008b | b2cc 0000 | 0083 c602 | 89b2 cc00 | 0000 81e6 | feff 1f00 
  0x0000018a5ebb1c44: 85f6 0f84 | b034 0000 | 4885 db75 

  0x0000018a5ebb1c50: ;   {metadata(method data for {method} {0x0000018a01e5c090} 'isJsonPrimitive' '()Z' in 'com/google/gson/JsonElement')}
  0x0000018a5ebb1c50: 1648 bf88 | bb59 1c8a | 0100 0080 | 8f09 0100 | 0001 e9cc 

  0x0000018a5ebb1c64: ;   {metadata('com/google/gson/JsonPrimitive')}
  0x0000018a5ebb1c64: 0000 0048 | b800 8038 | 0008 0000 | 008b 7308 | 49ba 0000 | 0000 0800 | 0000 4903 | f248 3bc6 
  0x0000018a5ebb1c84: 0f85 8d00 

  0x0000018a5ebb1c88: ;   {metadata(method data for {method} {0x0000018a01e5c090} 'isJsonPrimitive' '()Z' in 'com/google/gson/JsonElement')}
  0x0000018a5ebb1c88: 0000 48bf | 88bb 591c | 8a01 0000 | 8b43 0849 | ba00 0000 | 0008 0000 | 0049 03c2 | 483b 8720 
  0x0000018a5ebb1ca8: 0100 0075 | 0d48 8387 | 2801 0000 | 01e9 7e00 | 0000 483b | 8730 0100 | 0075 0d48 | 8387 3801 
  0x0000018a5ebb1cc8: 0000 01e9 | 6800 0000 | 4883 bf20 | 0100 0000 | 7517 4889 | 8720 0100 | 0048 c787 | 2801 0000 
  0x0000018a5ebb1ce8: 0100 0000 | e947 0000 | 0048 83bf | 3001 0000 | 0075 1748 | 8987 3001 | 0000 48c7 | 8738 0100 
  0x0000018a5ebb1d08: 0001 0000 | 00e9 2600 | 0000 e921 

  0x0000018a5ebb1d14: ;   {metadata(method data for {method} {0x0000018a01e5c090} 'isJsonPrimitive' '()Z' in 'com/google/gson/JsonElement')}
  0x0000018a5ebb1d14: 0000 0048 | bf88 bb59 | 1c8a 0100 | 0048 83af | 1001 0000 | 01e9 0500 | 0000 e905 | 0000 0048 
  0x0000018a5ebb1d34: 33d2 eb07 | 48c7 c201 | 0000 0083 | e201 85d2 

  0x0000018a5ebb1d44: ;   {metadata(method data for {method} {0x0000018a032bac78} 'convertToString' '(Lcom/google/gson/JsonElement;Ljava/lang/String;)Ljava/lang/String;' in 'net/minecraft/util/GsonHelper')}
  0x0000018a5ebb1d44: 48ba 2091 | 641c 8a01 | 0000 48c7 | c648 0100 | 0074 0748 | c7c6 5801 | 0000 488b | 3c32 488d 
  0x0000018a5ebb1d64: 7f01 4889 | 3c32 0f84 | f129 0000 

  0x0000018a5ebb1d70: ;   {metadata(method data for {method} {0x0000018a032bac78} 'convertToString' '(Lcom/google/gson/JsonElement;Ljava/lang/String;)Ljava/lang/String;' in 'net/minecraft/util/GsonHelper')}
  0x0000018a5ebb1d70: 488b d348 | be20 9164 | 1c8a 0100 | 008b 5208 | 49ba 0000 | 0000 0800 | 0000 4903 | d248 3b96 
  0x0000018a5ebb1d90: 7801 0000 | 750d 4883 | 8680 0100 | 0001 e960 | 0000 0048 | 3b96 8801 | 0000 750d | 4883 8690 
  0x0000018a5ebb1db0: 0100 0001 | e94a 0000 | 0048 83be | 7801 0000 | 0075 1748 | 8996 7801 | 0000 48c7 | 8680 0100 
  0x0000018a5ebb1dd0: 0001 0000 | 00e9 2900 | 0000 4883 | be88 0100 | 0000 7517 | 4889 9688 | 0100 0048 | c786 9001 
  0x0000018a5ebb1df0: 0000 0100 | 0000 e908 | 0000 0048 | 8386 6801 | 0000 0148 | 8bd3 0f1f | 8000 0000 | 0048 b800 
  0x0000018a5ebb1e10: 8038 0008 

  0x0000018a5ebb1e14: ;   {virtual_call}
  0x0000018a5ebb1e14: 0000 00e8 

  0x0000018a5ebb1e18: ; ImmutableOopMap {[248]=Oop [256]=Oop [264]=Oop }
                      ;*invokevirtual getAsString {reexecute=0 rethrow=0 return_oop=0}
                      ; - net.minecraft.util.GsonHelper::convertToString@8 (line 118)
                      ; - net.minecraft.util.GsonHelper::getAsString@14 (line 126)
                      ; - net.minecraft.client.renderer.ShaderInstance::parseUniformNode@20 (line 360)
  0x0000018a5ebb1e18: c483 980a 

  0x0000018a5ebb1e1c: ;   {other}
  0x0000018a5ebb1e1c: 0f1f 8400 | 0c1b 0006 

  0x0000018a5ebb1e24: ;   {metadata(method data for {method} {0x0000018a1c6af018} 'parseUniformNode' '(Lcom/google/gson/JsonElement;)V' in 'net/minecraft/client/renderer/ShaderInstance')}
  0x0000018a5ebb1e24: 48ba d0b8 | cf4e 8a01 | 0000 4883 | 8240 0100 | 0001 488b | d066 0f1f 

  0x0000018a5ebb1e3c: ;   {static_call}
  0x0000018a5ebb1e3c: 4400 00e8 

  0x0000018a5ebb1e40: ; ImmutableOopMap {[248]=Oop [256]=Oop [264]=Oop }
                      ;*invokestatic getTypeFromString {reexecute=0 rethrow=0 return_oop=0}
                      ; - net.minecraft.client.renderer.ShaderInstance::parseUniformNode@23 (line 360)
  0x0000018a5ebb1e40: 603e 0000 

  0x0000018a5ebb1e44: ;   {other}
  0x0000018a5ebb1e44: 0f1f 8400 | 341b 0007 | 8984 2410 

  0x0000018a5ebb1e50: ;   {metadata(method data for {method} {0x0000018a1c6af018} 'parseUniformNode' '(Lcom/google/gson/JsonElement;)V' in 'net/minecraft/client/renderer/ShaderInstance')}
  0x0000018a5ebb1e50: 0100 0049 | b8d0 b8cf | 4e8a 0100 | 0049 8380 | 5001 0000 

  0x0000018a5ebb1e64: ;   {metadata(method data for {method} {0x0000018a032bbec0} 'getAsInt' '(Lcom/google/gson/JsonObject;Ljava/lang/String;)I' in 'net/minecraft/util/GsonHelper')}
  0x0000018a5ebb1e64: 0149 b808 | 2df8 228a | 0100 0045 | 8b88 cc00 | 0000 4183 | c102 4589 | 88cc 0000 | 0041 81e1 
  0x0000018a5ebb1e84: feff 1f00 | 4585 c90f | 848c 3200 | 004c 8b84 | 2400 0100 

  0x0000018a5ebb1e98: ;   {metadata(method data for {method} {0x0000018a032bbec0} 'getAsInt' '(Lcom/google/gson/JsonObject;Ljava/lang/String;)I' in 'net/minecraft/util/GsonHelper')}
  0x0000018a5ebb1e98: 0049 b908 | 2df8 228a | 0100 0049 | 8381 1001 

  0x0000018a5ebb1ea8: ;   {metadata(method data for {method} {0x0000018a01e896e8} 'has' '(Ljava/lang/String;)Z' in 'com/google/gson/JsonObject')}
  0x0000018a5ebb1ea8: 0000 0149 | b8d8 057b | 1c8a 0100 | 0045 8b88 | cc00 0000 | 4183 c102 | 4589 88cc | 0000 0041 
  0x0000018a5ebb1ec8: 81e1 feff | 1f00 4585 | c90f 8467 | 3200 0048 | 8bb4 2400 | 0100 008b | 560c 48c1 | e203 483b 
  0x0000018a5ebb1ee8: 024c 8bc2 

  0x0000018a5ebb1eec: ;   {metadata(method data for {method} {0x0000018a01e896e8} 'has' '(Ljava/lang/String;)Z' in 'com/google/gson/JsonObject')}
  0x0000018a5ebb1eec: 49b9 d805 | 7b1c 8a01 | 0000 4983 | 8110 0100 

  0x0000018a5ebb1efc: ;   {metadata(method data for {method} {0x0000018a01ece9b0} 'containsKey' '(Ljava/lang/Object;)Z' in 'com/google/gson/internal/LinkedTreeMap')}
  0x0000018a5ebb1efc: 0001 49b8 | 6807 7b1c | 8a01 0000 | 458b 88cc | 0000 0041 | 83c1 0245 | 8988 cc00 | 0000 4181 
  0x0000018a5ebb1f1c: e1fe ff1f | 0045 85c9 | 0f84 3a32 | 0000 4c8b 

  0x0000018a5ebb1f2c: ;   {metadata(method data for {method} {0x0000018a01ece9b0} 'containsKey' '(Ljava/lang/Object;)Z' in 'com/google/gson/internal/LinkedTreeMap')}
  0x0000018a5ebb1f2c: c249 b968 | 077b 1c8a | 0100 0049 | 8381 1001 

  0x0000018a5ebb1f3c: ;   {metadata(method data for {method} {0x0000018a01ecf030} 'findByObject' '(Ljava/lang/Object;)Lcom/google/gson/internal/LinkedTreeMap$Node;' in 'com/google/gson/internal/LinkedTreeMap')}
  0x0000018a5ebb1f3c: 0000 0149 | b830 9f0d | 028a 0100 | 0045 8b88 | cc00 0000 | 4183 c102 | 4589 88cc | 0000 0041 
  0x0000018a5ebb1f5c: 81e1 feff | 1f00 4585 | c90f 841a 

  0x0000018a5ebb1f68: ;   {metadata(method data for {method} {0x0000018a01ecf030} 'findByObject' '(Ljava/lang/Object;)Lcom/google/gson/internal/LinkedTreeMap$Node;' in 'com/google/gson/internal/LinkedTreeMap')}
  0x0000018a5ebb1f68: 3200 0049 | b830 9f0d | 028a 0100 | 0041 ff80 | 2001 0000 

  0x0000018a5ebb1f7c: ;   {metadata(method data for {method} {0x0000018a01ecf030} 'findByObject' '(Ljava/lang/Object;)Lcom/google/gson/internal/LinkedTreeMap$Node;' in 'com/google/gson/internal/LinkedTreeMap')}
  0x0000018a5ebb1f7c: 4c8b c249 | b930 9f0d | 028a 0100 | 0049 8381 | 3001 0000 

  0x0000018a5ebb1f90: ;   {oop("count"{0x00000004eda1f138})}
  0x0000018a5ebb1f90: 0149 b838 | f1a1 ed04 | 0000 0041 | b900 0000 | 0066 0f1f 

  0x0000018a5ebb1fa4: ;   {optimized virtual_call}
  0x0000018a5ebb1fa4: 4400 00e8 

  0x0000018a5ebb1fa8: ; ImmutableOopMap {[248]=Oop [256]=Oop [264]=Oop }
                      ;*invokevirtual find {reexecute=0 rethrow=0 return_oop=0}
                      ; - com.google.gson.internal.LinkedTreeMap::findByObject@7 (line 209)
                      ; - com.google.gson.internal.LinkedTreeMap::containsKey@2 (line 107)
                      ; - com.google.gson.JsonObject::has@5 (line 175)
                      ; - net.minecraft.util.GsonHelper::getAsInt@2 (line 275)
                      ; - net.minecraft.client.renderer.ShaderInstance::parseUniformNode@32 (line 361)
  0x0000018a5ebb1fa8: 34de 1207 

  0x0000018a5ebb1fac: ;   {other}
  0x0000018a5ebb1fac: 0f1f 8400 | 9c1c 0008 

  0x0000018a5ebb1fb4: ;   {metadata(method data for {method} {0x0000018a01ecf030} 'findByObject' '(Ljava/lang/Object;)Lcom/google/gson/internal/LinkedTreeMap$Node;' in 'com/google/gson/internal/LinkedTreeMap')}
  0x0000018a5ebb1fb4: 49b8 309f | 0d02 8a01 | 0000 41ff | 8068 0100 | 00e9 2500 | 0000 498b | 87f8 0400 | 004d 33d2 
  0x0000018a5ebb1fd4: 4d89 97f8 | 0400 004d | 33d2 4d89 | 9700 0500 

  0x0000018a5ebb1fe4: ;   {oop(nullptr)}
  0x0000018a5ebb1fe4: 0048 b800 | 0000 0000 | 0000 0048 

  0x0000018a5ebb1ff0: ;   {metadata(method data for {method} {0x0000018a01ece9b0} 'containsKey' '(Ljava/lang/Object;)Z' in 'com/google/gson/internal/LinkedTreeMap')}
  0x0000018a5ebb1ff0: 85c0 49b8 | 6807 7b1c | 8a01 0000 | 49c7 c148 | 0100 0074 | 0749 c7c1 | 5801 0000 | 4b8b 1408 
  0x0000018a5ebb2010: 488d 5201 | 4b89 1408 | 0f84 1c00 

  0x0000018a5ebb201c: ;   {metadata(method data for {method} {0x0000018a01ece9b0} 'containsKey' '(Ljava/lang/Object;)Z' in 'com/google/gson/internal/LinkedTreeMap')}
  0x0000018a5ebb201c: 0000 49b8 | 6807 7b1c | 8a01 0000 | 41ff 8068 | 0100 0041 | b801 0000 | 00e9 0600 | 0000 41b8 
  0x0000018a5ebb203c: 0000 0000 | 4183 e001 | 4183 e001 

  0x0000018a5ebb2048: ;   {metadata(method data for {method} {0x0000018a032bbec0} 'getAsInt' '(Lcom/google/gson/JsonObject;Ljava/lang/String;)I' in 'net/minecraft/util/GsonHelper')}
  0x0000018a5ebb2048: 4585 c049 | b808 2df8 | 228a 0100 | 0049 c7c1 | 4801 0000 | 7407 49c7 | c158 0100 | 004b 8b14 
  0x0000018a5ebb2068: 0848 8d52 | 014b 8914 | 080f 84ea | 2500 0048 | 8b84 2400 | 0100 004c 

  0x0000018a5ebb2080: ;   {metadata(method data for {method} {0x0000018a032bbec0} 'getAsInt' '(Lcom/google/gson/JsonObject;Ljava/lang/String;)I' in 'net/minecraft/util/GsonHelper')}
  0x0000018a5ebb2080: 8bc0 49b9 | 082d f822 | 8a01 0000 | 4983 8168 | 0100 0001 

  0x0000018a5ebb2094: ;   {metadata(method data for {method} {0x0000018a01e897a8} 'get' '(Ljava/lang/String;)Lcom/google/gson/JsonElement;' in 'com/google/gson/JsonObject')}
  0x0000018a5ebb2094: 49b8 9059 | 531b 8a01 | 0000 458b | 88cc 0000 | 0041 83c1 | 0245 8988 | cc00 0000 | 4181 e1fe 
  0x0000018a5ebb20b4: ff1f 0045 | 85c9 0f84 | e630 0000 | 8b50 0c48 | c1e2 0348 | 3b02 4c8b 

  0x0000018a5ebb20cc: ;   {metadata(method data for {method} {0x0000018a01e897a8} 'get' '(Ljava/lang/String;)Lcom/google/gson/JsonElement;' in 'com/google/gson/JsonObject')}
  0x0000018a5ebb20cc: c249 b990 | 5953 1b8a | 0100 0049 | 8381 1001 

  0x0000018a5ebb20dc: ;   {metadata(method data for {method} {0x0000018a01ece8d8} 'get' '(Ljava/lang/Object;)Ljava/lang/Object;' in 'com/google/gson/internal/LinkedTreeMap')}
  0x0000018a5ebb20dc: 0000 0149 | b878 b62a | 038a 0100 | 0045 8b88 | cc00 0000 | 4183 c102 | 4589 88cc | 0000 0041 
  0x0000018a5ebb20fc: 81e1 feff | 1f00 4585 | c90f 84c1 | 3000 004c 

  0x0000018a5ebb210c: ;   {metadata(method data for {method} {0x0000018a01ece8d8} 'get' '(Ljava/lang/Object;)Ljava/lang/Object;' in 'com/google/gson/internal/LinkedTreeMap')}
  0x0000018a5ebb210c: 8bc2 49b9 | 78b6 2a03 | 8a01 0000 | 4983 8110 | 0100 0001 

  0x0000018a5ebb2120: ;   {metadata(method data for {method} {0x0000018a01ecf030} 'findByObject' '(Ljava/lang/Object;)Lcom/google/gson/internal/LinkedTreeMap$Node;' in 'com/google/gson/internal/LinkedTreeMap')}
  0x0000018a5ebb2120: 49b8 309f | 0d02 8a01 | 0000 458b | 88cc 0000 | 0041 83c1 | 0245 8988 | cc00 0000 | 4181 e1fe 
  0x0000018a5ebb2140: ff1f 0045 | 85c9 0f84 | a130 0000 

  0x0000018a5ebb214c: ;   {metadata(method data for {method} {0x0000018a01ecf030} 'findByObject' '(Ljava/lang/Object;)Lcom/google/gson/internal/LinkedTreeMap$Node;' in 'com/google/gson/internal/LinkedTreeMap')}
  0x0000018a5ebb214c: 49b8 309f | 0d02 8a01 | 0000 41ff | 8020 0100 | 004c 8bc2 

  0x0000018a5ebb2160: ;   {metadata(method data for {method} {0x0000018a01ecf030} 'findByObject' '(Ljava/lang/Object;)Lcom/google/gson/internal/LinkedTreeMap$Node;' in 'com/google/gson/internal/LinkedTreeMap')}
  0x0000018a5ebb2160: 49b9 309f | 0d02 8a01 | 0000 4983 | 8130 0100 

  0x0000018a5ebb2170: ;   {oop("count"{0x00000004eda1f138})}
  0x0000018a5ebb2170: 0001 49b8 | 38f1 a1ed | 0400 0000 | 41b9 0000 | 0000 0f1f 

  0x0000018a5ebb2184: ;   {optimized virtual_call}
  0x0000018a5ebb2184: 4400 00e8 

  0x0000018a5ebb2188: ; ImmutableOopMap {[248]=Oop [256]=Oop [264]=Oop }
                      ;*invokevirtual find {reexecute=0 rethrow=0 return_oop=0}
                      ; - com.google.gson.internal.LinkedTreeMap::findByObject@7 (line 209)
                      ; - com.google.gson.internal.LinkedTreeMap::get@2 (line 102)
                      ; - com.google.gson.JsonObject::get@5 (line 185)
                      ; - net.minecraft.util.GsonHelper::getAsInt@10 (line 276)
                      ; - net.minecraft.client.renderer.ShaderInstance::parseUniformNode@32 (line 361)
  0x0000018a5ebb2188: 54dc 1207 

  0x0000018a5ebb218c: ;   {other}
  0x0000018a5ebb218c: 0f1f 8400 | 7c1e 0009 

  0x0000018a5ebb2194: ;   {metadata(method data for {method} {0x0000018a01ecf030} 'findByObject' '(Ljava/lang/Object;)Lcom/google/gson/internal/LinkedTreeMap$Node;' in 'com/google/gson/internal/LinkedTreeMap')}
  0x0000018a5ebb2194: 48ba 309f | 0d02 8a01 | 0000 ff82 | 6801 0000 | e925 0000 | 0049 8b87 | f804 0000 | 4d33 d24d 
  0x0000018a5ebb21b4: 8997 f804 | 0000 4d33 | d24d 8997 | 0005 0000 

  0x0000018a5ebb21c4: ;   {oop(nullptr)}
  0x0000018a5ebb21c4: 48b8 0000 | 0000 0000 | 0000 4885 

  0x0000018a5ebb21d0: ;   {metadata(method data for {method} {0x0000018a01ece8d8} 'get' '(Ljava/lang/Object;)Ljava/lang/Object;' in 'com/google/gson/internal/LinkedTreeMap')}
  0x0000018a5ebb21d0: c048 ba78 | b62a 038a | 0100 0049 | c7c0 4801 | 0000 7407 | 49c7 c058 | 0100 004a | 8b34 0248 
  0x0000018a5ebb21f0: 8d76 014a | 8934 020f | 841d 0000 | 008b 502c | 48c1 e203 

  0x0000018a5ebb2204: ;   {metadata(method data for {method} {0x0000018a01ece8d8} 'get' '(Ljava/lang/Object;)Ljava/lang/Object;' in 'com/google/gson/internal/LinkedTreeMap')}
  0x0000018a5ebb2204: 49b8 78b6 | 2a03 8a01 | 0000 41ff | 8068 0100 | 00e9 0a00 

  0x0000018a5ebb2218: ;   {oop(nullptr)}
  0x0000018a5ebb2218: 0000 48ba | 0000 0000 | 0000 0000 | 4885 d275 

  0x0000018a5ebb2228: ;   {metadata(method data for {method} {0x0000018a01e897a8} 'get' '(Ljava/lang/String;)Lcom/google/gson/JsonElement;' in 'com/google/gson/JsonObject')}
  0x0000018a5ebb2228: 1648 be90 | 5953 1b8a | 0100 0080 | 8e41 0100 | 0001 e9cd 

  0x0000018a5ebb223c: ;   {metadata('com/google/gson/JsonElement')}
  0x0000018a5ebb223c: 0000 0048 | bf40 1a38 | 0008 0000 | 008b 7208 | 49ba 0000 | 0000 0800 | 0000 4903 | f248 3b7e 
  0x0000018a5ebb225c: 380f 858d 

  0x0000018a5ebb2260: ;   {metadata(method data for {method} {0x0000018a01e897a8} 'get' '(Ljava/lang/String;)Lcom/google/gson/JsonElement;' in 'com/google/gson/JsonObject')}
  0x0000018a5ebb2260: 0000 0048 | be90 5953 | 1b8a 0100 | 008b 7a08 | 49ba 0000 | 0000 0800 | 0000 4903 | fa48 3bbe 
  0x0000018a5ebb2280: 5801 0000 | 750d 4883 | 8660 0100 | 0001 e979 | 0000 0048 | 3bbe 6801 | 0000 750d | 4883 8670 
  0x0000018a5ebb22a0: 0100 0001 | e963 0000 | 0048 83be | 5801 0000 | 0075 1748 | 89be 5801 | 0000 48c7 | 8660 0100 
  0x0000018a5ebb22c0: 0001 0000 | 00e9 4200 | 0000 4883 | be68 0100 | 0000 7517 | 4889 be68 | 0100 0048 | c786 7001 
  0x0000018a5ebb22e0: 0000 0100 | 0000 e921 | 0000 00e9 | 1c00 0000 

  0x0000018a5ebb22f0: ;   {metadata(method data for {method} {0x0000018a01e897a8} 'get' '(Ljava/lang/String;)Lcom/google/gson/JsonElement;' in 'com/google/gson/JsonObject')}
  0x0000018a5ebb22f0: 48be 9059 | 531b 8a01 | 0000 4883 | ae48 0100 | 0001 e90c | 2f00 00e9 | 0000 0000 

  0x0000018a5ebb230c: ;   {metadata(method data for {method} {0x0000018a032bbec0} 'getAsInt' '(Lcom/google/gson/JsonObject;Ljava/lang/String;)I' in 'net/minecraft/util/GsonHelper')}
  0x0000018a5ebb230c: 49b8 082d | f822 8a01 | 0000 4983 | 80a0 0100 

  0x0000018a5ebb231c: ;   {oop("count"{0x00000004eda1f138})}
  0x0000018a5ebb231c: 0001 49b8 | 38f1 a1ed | 0400 0000 | 0f1f 8000 

  0x0000018a5ebb232c: ;   {static_call}
  0x0000018a5ebb232c: 0000 00e8 

  0x0000018a5ebb2330: ; ImmutableOopMap {[248]=Oop [256]=Oop [264]=Oop }
                      ;*invokestatic convertToInt {reexecute=0 rethrow=0 return_oop=0}
                      ; - net.minecraft.util.GsonHelper::getAsInt@14 (line 276)
                      ; - net.minecraft.client.renderer.ShaderInstance::parseUniformNode@32 (line 361)
  0x0000018a5ebb2330: 7f39 0000 

  0x0000018a5ebb2334: ;   {other}
  0x0000018a5ebb2334: 0f1f 8400 | 2420 000a | 8984 2414 

  0x0000018a5ebb2340: ;   {metadata(method data for {method} {0x0000018a1c6af018} 'parseUniformNode' '(Lcom/google/gson/JsonElement;)V' in 'net/minecraft/client/renderer/ShaderInstance')}
  0x0000018a5ebb2340: 0100 0048 | bbd0 b8cf | 4e8a 0100 | 0048 8383 | 6001 0000 

  0x0000018a5ebb2354: ;   {metadata(method data for {method} {0x0000018a001a9798} 'max' '(II)I' in 'java/lang/Math')}
  0x0000018a5ebb2354: 0148 bba0 | 6338 008a | 0100 008b | 93cc 0000 | 0083 c202 | 8993 cc00 | 0000 81e2 | feff 1f00 
  0x0000018a5ebb2374: 85d2 0f84 | a02e 0000 

  0x0000018a5ebb237c: ;   {metadata(method data for {method} {0x0000018a001a9798} 'max' '(II)I' in 'java/lang/Math')}
  0x0000018a5ebb237c: 83f8 1048 | bba0 6338 | 008a 0100 | 0048 c7c2 | 1001 0000 | 7c07 48c7 | c220 0100 | 0048 8b34 
  0x0000018a5ebb239c: 1348 8d76 | 0148 8934 | 130f 8c18 

  0x0000018a5ebb23a8: ;   {metadata(method data for {method} {0x0000018a001a9798} 'max' '(II)I' in 'java/lang/Math')}
  0x0000018a5ebb23a8: 0000 0048 | bba0 6338 | 008a 0100 | 00ff 8330 | 0100 0048 | 8bd8 e905 | 0000 00bb | 1000 0000 
  0x0000018a5ebb23c8: 488b 8424 | 0001 0000 

  0x0000018a5ebb23d0: ;   {metadata({type array float})}
  0x0000018a5ebb23d0: 48ba b805 | 0400 0800 | 0000 4c8b | e848 63db | 488b fb48 | 81fb ffff | ff00 0f87 | 4d2e 0000 
  0x0000018a5ebb23f0: 48c7 c617 | 0000 0048 | 8d34 9e48 | 83e6 f849 | 8b87 b801 | 0000 488d | 3430 493b | b7c8 0100 
  0x0000018a5ebb2410: 000f 8726 | 2e00 0049 | 89b7 b801 | 0000 482b | f048 c700 | 0100 0000 | 488b ca49 | ba00 0000 
  0x0000018a5ebb2430: 0008 0000 | 0049 2bca | 8948 0889 | 580c 4883 | ee10 4885 | f60f 8411 | 0000 0048 | 33db 48c1 
  0x0000018a5ebb2450: ee03 4889 | 5cf0 0848 | ffce 75f6 | 4889 8424 | 1801 0000 

  0x0000018a5ebb2464: ;   {metadata(method data for {method} {0x0000018a1c6af018} 'parseUniformNode' '(Lcom/google/gson/JsonElement;)V' in 'net/minecraft/client/renderer/ShaderInstance')}
  0x0000018a5ebb2464: 49b8 d0b8 | cf4e 8a01 | 0000 4983 | 8070 0100 

  0x0000018a5ebb2474: ;   {metadata(method data for {method} {0x0000018a032bd288} 'getAsJsonArray' '(Lcom/google/gson/JsonObject;Ljava/lang/String;)Lcom/google/gson/JsonArray;' in 'net/minecraft/util/GsonHelper')}
  0x0000018a5ebb2474: 0001 49b8 | 88f6 9c22 | 8a01 0000 | 458b 88cc | 0000 0041 | 83c1 0245 | 8988 cc00 | 0000 4181 
  0x0000018a5ebb2494: e1fe ff1f | 0045 85c9 | 0f84 a52d | 0000 4d8b 

  0x0000018a5ebb24a4: ;   {metadata(method data for {method} {0x0000018a032bd288} 'getAsJsonArray' '(Lcom/google/gson/JsonObject;Ljava/lang/String;)Lcom/google/gson/JsonArray;' in 'net/minecraft/util/GsonHelper')}
  0x0000018a5ebb24a4: c549 b988 | f69c 228a | 0100 0049 | 8381 1001 

  0x0000018a5ebb24b4: ;   {metadata(method data for {method} {0x0000018a01e896e8} 'has' '(Ljava/lang/String;)Z' in 'com/google/gson/JsonObject')}
  0x0000018a5ebb24b4: 0000 0149 | b8d8 057b | 1c8a 0100 | 0045 8b88 | cc00 0000 | 4183 c102 | 4589 88cc | 0000 0041 
  0x0000018a5ebb24d4: 81e1 feff | 1f00 4585 | c90f 8485 | 2d00 0041 | 8b55 0c48 | c1e2 0348 | 3b02 4c8b 

  0x0000018a5ebb24f0: ;   {metadata(method data for {method} {0x0000018a01e896e8} 'has' '(Ljava/lang/String;)Z' in 'com/google/gson/JsonObject')}
  0x0000018a5ebb24f0: c249 b9d8 | 057b 1c8a | 0100 0049 | 8381 1001 

  0x0000018a5ebb2500: ;   {metadata(method data for {method} {0x0000018a01ece9b0} 'containsKey' '(Ljava/lang/Object;)Z' in 'com/google/gson/internal/LinkedTreeMap')}
  0x0000018a5ebb2500: 0000 0149 | b868 077b | 1c8a 0100 | 0045 8b88 | cc00 0000 | 4183 c102 | 4589 88cc | 0000 0041 
  0x0000018a5ebb2520: 81e1 feff | 1f00 4585 | c90f 845f | 2d00 004c 

  0x0000018a5ebb2530: ;   {metadata(method data for {method} {0x0000018a01ece9b0} 'containsKey' '(Ljava/lang/Object;)Z' in 'com/google/gson/internal/LinkedTreeMap')}
  0x0000018a5ebb2530: 8bc2 49b9 | 6807 7b1c | 8a01 0000 | 4983 8110 | 0100 0001 

  0x0000018a5ebb2544: ;   {metadata(method data for {method} {0x0000018a01ecf030} 'findByObject' '(Ljava/lang/Object;)Lcom/google/gson/internal/LinkedTreeMap$Node;' in 'com/google/gson/internal/LinkedTreeMap')}
  0x0000018a5ebb2544: 49b8 309f | 0d02 8a01 | 0000 458b | 88cc 0000 | 0041 83c1 | 0245 8988 | cc00 0000 | 4181 e1fe 
  0x0000018a5ebb2564: ff1f 0045 | 85c9 0f84 | 3f2d 0000 

  0x0000018a5ebb2570: ;   {metadata(method data for {method} {0x0000018a01ecf030} 'findByObject' '(Ljava/lang/Object;)Lcom/google/gson/internal/LinkedTreeMap$Node;' in 'com/google/gson/internal/LinkedTreeMap')}
  0x0000018a5ebb2570: 49b8 309f | 0d02 8a01 | 0000 41ff | 8020 0100 | 004c 8bc2 

  0x0000018a5ebb2584: ;   {metadata(method data for {method} {0x0000018a01ecf030} 'findByObject' '(Ljava/lang/Object;)Lcom/google/gson/internal/LinkedTreeMap$Node;' in 'com/google/gson/internal/LinkedTreeMap')}
  0x0000018a5ebb2584: 49b9 309f | 0d02 8a01 | 0000 4983 | 8130 0100 

  0x0000018a5ebb2594: ;   {oop("values"{0x00000004eda65540})}
  0x0000018a5ebb2594: 0001 49b8 | 4055 a6ed | 0400 0000 | 41b9 0000 

  0x0000018a5ebb25a4: ;   {optimized virtual_call}
  0x0000018a5ebb25a4: 0000 90e8 

  0x0000018a5ebb25a8: ; ImmutableOopMap {[248]=Oop [256]=Oop [264]=Oop [280]=Oop }
                      ;*invokevirtual find {reexecute=0 rethrow=0 return_oop=0}
                      ; - com.google.gson.internal.LinkedTreeMap::findByObject@7 (line 209)
                      ; - com.google.gson.internal.LinkedTreeMap::containsKey@2 (line 107)
                      ; - com.google.gson.JsonObject::has@5 (line 175)
                      ; - net.minecraft.util.GsonHelper::getAsJsonArray@2 (line 445)
                      ; - net.minecraft.client.renderer.ShaderInstance::parseUniformNode@52 (line 363)
  0x0000018a5ebb25a8: 34d8 1207 

  0x0000018a5ebb25ac: ;   {other}
  0x0000018a5ebb25ac: 0f1f 8400 | 9c22 000b 

  0x0000018a5ebb25b4: ;   {metadata(method data for {method} {0x0000018a01ecf030} 'findByObject' '(Ljava/lang/Object;)Lcom/google/gson/internal/LinkedTreeMap$Node;' in 'com/google/gson/internal/LinkedTreeMap')}
  0x0000018a5ebb25b4: 49b8 309f | 0d02 8a01 | 0000 41ff | 8068 0100 | 00e9 2500 | 0000 498b | 87f8 0400 | 004d 33d2 
  0x0000018a5ebb25d4: 4d89 97f8 | 0400 004d | 33d2 4d89 | 9700 0500 

  0x0000018a5ebb25e4: ;   {oop(nullptr)}
  0x0000018a5ebb25e4: 0048 b800 | 0000 0000 | 0000 0048 

  0x0000018a5ebb25f0: ;   {metadata(method data for {method} {0x0000018a01ece9b0} 'containsKey' '(Ljava/lang/Object;)Z' in 'com/google/gson/internal/LinkedTreeMap')}
  0x0000018a5ebb25f0: 85c0 49b8 | 6807 7b1c | 8a01 0000 | 49c7 c148 | 0100 0074 | 0749 c7c1 | 5801 0000 | 4b8b 1408 
  0x0000018a5ebb2610: 488d 5201 | 4b89 1408 | 0f84 1c00 

  0x0000018a5ebb261c: ;   {metadata(method data for {method} {0x0000018a01ece9b0} 'containsKey' '(Ljava/lang/Object;)Z' in 'com/google/gson/internal/LinkedTreeMap')}
  0x0000018a5ebb261c: 0000 49b8 | 6807 7b1c | 8a01 0000 | 41ff 8068 | 0100 0041 | b801 0000 | 00e9 0600 | 0000 41b8 
  0x0000018a5ebb263c: 0000 0000 | 4183 e001 | 4183 e001 

  0x0000018a5ebb2648: ;   {metadata(method data for {method} {0x0000018a032bd288} 'getAsJsonArray' '(Lcom/google/gson/JsonObject;Ljava/lang/String;)Lcom/google/gson/JsonArray;' in 'net/minecraft/util/GsonHelper')}
  0x0000018a5ebb2648: 4585 c049 | b888 f69c | 228a 0100 | 0049 c7c1 | 4801 0000 | 7407 49c7 | c158 0100 | 004b 8b14 
  0x0000018a5ebb2668: 0848 8d52 | 014b 8914 | 080f 84ea | 1e00 0048 | 8b84 2400 | 0100 004c 

  0x0000018a5ebb2680: ;   {metadata(method data for {method} {0x0000018a032bd288} 'getAsJsonArray' '(Lcom/google/gson/JsonObject;Ljava/lang/String;)Lcom/google/gson/JsonArray;' in 'net/minecraft/util/GsonHelper')}
  0x0000018a5ebb2680: 8bc0 49b9 | 88f6 9c22 | 8a01 0000 | 4983 8168 | 0100 0001 

  0x0000018a5ebb2694: ;   {metadata(method data for {method} {0x0000018a01e897a8} 'get' '(Ljava/lang/String;)Lcom/google/gson/JsonElement;' in 'com/google/gson/JsonObject')}
  0x0000018a5ebb2694: 49b8 9059 | 531b 8a01 | 0000 458b | 88cc 0000 | 0041 83c1 | 0245 8988 | cc00 0000 | 4181 e1fe 
  0x0000018a5ebb26b4: ff1f 0045 | 85c9 0f84 | 102c 0000 | 8b50 0c48 | c1e2 0348 | 3b02 4c8b 

  0x0000018a5ebb26cc: ;   {metadata(method data for {method} {0x0000018a01e897a8} 'get' '(Ljava/lang/String;)Lcom/google/gson/JsonElement;' in 'com/google/gson/JsonObject')}
  0x0000018a5ebb26cc: c249 b990 | 5953 1b8a | 0100 0049 | 8381 1001 

  0x0000018a5ebb26dc: ;   {metadata(method data for {method} {0x0000018a01ece8d8} 'get' '(Ljava/lang/Object;)Ljava/lang/Object;' in 'com/google/gson/internal/LinkedTreeMap')}
  0x0000018a5ebb26dc: 0000 0149 | b878 b62a | 038a 0100 | 0045 8b88 | cc00 0000 | 4183 c102 | 4589 88cc | 0000 0041 
  0x0000018a5ebb26fc: 81e1 feff | 1f00 4585 | c90f 84eb | 2b00 004c 

  0x0000018a5ebb270c: ;   {metadata(method data for {method} {0x0000018a01ece8d8} 'get' '(Ljava/lang/Object;)Ljava/lang/Object;' in 'com/google/gson/internal/LinkedTreeMap')}
  0x0000018a5ebb270c: 8bc2 49b9 | 78b6 2a03 | 8a01 0000 | 4983 8110 | 0100 0001 

  0x0000018a5ebb2720: ;   {metadata(method data for {method} {0x0000018a01ecf030} 'findByObject' '(Ljava/lang/Object;)Lcom/google/gson/internal/LinkedTreeMap$Node;' in 'com/google/gson/internal/LinkedTreeMap')}
  0x0000018a5ebb2720: 49b8 309f | 0d02 8a01 | 0000 458b | 88cc 0000 | 0041 83c1 | 0245 8988 | cc00 0000 | 4181 e1fe 
  0x0000018a5ebb2740: ff1f 0045 | 85c9 0f84 | cb2b 0000 

  0x0000018a5ebb274c: ;   {metadata(method data for {method} {0x0000018a01ecf030} 'findByObject' '(Ljava/lang/Object;)Lcom/google/gson/internal/LinkedTreeMap$Node;' in 'com/google/gson/internal/LinkedTreeMap')}
  0x0000018a5ebb274c: 49b8 309f | 0d02 8a01 | 0000 41ff | 8020 0100 | 004c 8bc2 

  0x0000018a5ebb2760: ;   {metadata(method data for {method} {0x0000018a01ecf030} 'findByObject' '(Ljava/lang/Object;)Lcom/google/gson/internal/LinkedTreeMap$Node;' in 'com/google/gson/internal/LinkedTreeMap')}
  0x0000018a5ebb2760: 49b9 309f | 0d02 8a01 | 0000 4983 | 8130 0100 

  0x0000018a5ebb2770: ;   {oop("values"{0x00000004eda65540})}
  0x0000018a5ebb2770: 0001 49b8 | 4055 a6ed | 0400 0000 | 41b9 0000 | 0000 0f1f 

  0x0000018a5ebb2784: ;   {optimized virtual_call}
  0x0000018a5ebb2784: 4400 00e8 

  0x0000018a5ebb2788: ; ImmutableOopMap {[248]=Oop [264]=Oop [280]=Oop }
                      ;*invokevirtual find {reexecute=0 rethrow=0 return_oop=0}
                      ; - com.google.gson.internal.LinkedTreeMap::findByObject@7 (line 209)
                      ; - com.google.gson.internal.LinkedTreeMap::get@2 (line 102)
                      ; - com.google.gson.JsonObject::get@5 (line 185)
                      ; - net.minecraft.util.GsonHelper::getAsJsonArray@10 (line 446)
                      ; - net.minecraft.client.renderer.ShaderInstance::parseUniformNode@52 (line 363)
  0x0000018a5ebb2788: 54d6 1207 

  0x0000018a5ebb278c: ;   {other}
  0x0000018a5ebb278c: 0f1f 8400 | 7c24 000c 

  0x0000018a5ebb2794: ;   {metadata(method data for {method} {0x0000018a01ecf030} 'findByObject' '(Ljava/lang/Object;)Lcom/google/gson/internal/LinkedTreeMap$Node;' in 'com/google/gson/internal/LinkedTreeMap')}
  0x0000018a5ebb2794: 48ba 309f | 0d02 8a01 | 0000 ff82 | 6801 0000 | e925 0000 | 0049 8b87 | f804 0000 | 4d33 d24d 
  0x0000018a5ebb27b4: 8997 f804 | 0000 4d33 | d24d 8997 | 0005 0000 

  0x0000018a5ebb27c4: ;   {oop(nullptr)}
  0x0000018a5ebb27c4: 48b8 0000 | 0000 0000 | 0000 4885 

  0x0000018a5ebb27d0: ;   {metadata(method data for {method} {0x0000018a01ece8d8} 'get' '(Ljava/lang/Object;)Ljava/lang/Object;' in 'com/google/gson/internal/LinkedTreeMap')}
  0x0000018a5ebb27d0: c048 ba78 | b62a 038a | 0100 0048 | c7c6 4801 | 0000 7407 | 48c7 c658 | 0100 0048 | 8b3c 3248 
  0x0000018a5ebb27f0: 8d7f 0148 | 893c 320f | 841c 0000 | 008b 502c | 48c1 e203 

  0x0000018a5ebb2804: ;   {metadata(method data for {method} {0x0000018a01ece8d8} 'get' '(Ljava/lang/Object;)Ljava/lang/Object;' in 'com/google/gson/internal/LinkedTreeMap')}
  0x0000018a5ebb2804: 48be 78b6 | 2a03 8a01 | 0000 ff86 | 6801 0000 | e90a 0000 

  0x0000018a5ebb2818: ;   {oop(nullptr)}
  0x0000018a5ebb2818: 0048 ba00 | 0000 0000 | 0000 0048 | 85d2 7516 

  0x0000018a5ebb2828: ;   {metadata(method data for {method} {0x0000018a01e897a8} 'get' '(Ljava/lang/String;)Lcom/google/gson/JsonElement;' in 'com/google/gson/JsonObject')}
  0x0000018a5ebb2828: 48be 9059 | 531b 8a01 | 0000 808e | 4101 0000 | 01e9 cd00 

  0x0000018a5ebb283c: ;   {metadata('com/google/gson/JsonElement')}
  0x0000018a5ebb283c: 0000 48bf | 401a 3800 | 0800 0000 | 8b72 0849 | ba00 0000 | 0008 0000 | 0049 03f2 | 483b 7e38 
  0x0000018a5ebb285c: 0f85 8d00 

  0x0000018a5ebb2860: ;   {metadata(method data for {method} {0x0000018a01e897a8} 'get' '(Ljava/lang/String;)Lcom/google/gson/JsonElement;' in 'com/google/gson/JsonObject')}
  0x0000018a5ebb2860: 0000 48be | 9059 531b | 8a01 0000 | 8b7a 0849 | ba00 0000 | 0008 0000 | 0049 03fa | 483b be58 
  0x0000018a5ebb2880: 0100 0075 | 0d48 8386 | 6001 0000 | 01e9 7900 | 0000 483b | be68 0100 | 0075 0d48 | 8386 7001 
  0x0000018a5ebb28a0: 0000 01e9 | 6300 0000 | 4883 be58 | 0100 0000 | 7517 4889 | be58 0100 | 0048 c786 | 6001 0000 
  0x0000018a5ebb28c0: 0100 0000 | e942 0000 | 0048 83be | 6801 0000 | 0075 1748 | 89be 6801 | 0000 48c7 | 8670 0100 
  0x0000018a5ebb28e0: 0001 0000 | 00e9 2100 | 0000 e91c 

  0x0000018a5ebb28ec: ;   {metadata(method data for {method} {0x0000018a01e897a8} 'get' '(Ljava/lang/String;)Lcom/google/gson/JsonElement;' in 'com/google/gson/JsonObject')}
  0x0000018a5ebb28ec: 0000 0048 | be90 5953 | 1b8a 0100 | 0048 83ae | 4801 0000 | 01e9 372a | 0000 e900 | 0000 0048 
  0x0000018a5ebb290c: ;   {metadata(method data for {method} {0x0000018a032bd288} 'getAsJsonArray' '(Lcom/google/gson/JsonObject;Ljava/lang/String;)Lcom/google/gson/JsonArray;' in 'net/minecraft/util/GsonHelper')}
  0x0000018a5ebb290c: 8bda 48ba | 88f6 9c22 | 8a01 0000 | 4883 82a0 | 0100 0001 

  0x0000018a5ebb2920: ;   {metadata(method data for {method} {0x0000018a032bd1a0} 'convertToJsonArray' '(Lcom/google/gson/JsonElement;Ljava/lang/String;)Lcom/google/gson/JsonArray;' in 'net/minecraft/util/GsonHelper')}
  0x0000018a5ebb2920: 48ba 28e1 | 9422 8a01 | 0000 8bb2 | cc00 0000 | 83c6 0289 | b2cc 0000 | 0081 e6fe | ff1f 0085 
  0x0000018a5ebb2940: f60f 84ff | 2900 0048 | 3b03 488b 

  0x0000018a5ebb294c: ;   {metadata(method data for {method} {0x0000018a032bd1a0} 'convertToJsonArray' '(Lcom/google/gson/JsonElement;Ljava/lang/String;)Lcom/google/gson/JsonArray;' in 'net/minecraft/util/GsonHelper')}
  0x0000018a5ebb294c: d348 be28 | e194 228a | 0100 008b | 5208 49ba | 0000 0000 | 0800 0000 | 4903 d248 | 3b96 2001 
  0x0000018a5ebb296c: 0000 750d | 4883 8628 | 0100 0001 | e960 0000 | 0048 3b96 | 3001 0000 | 750d 4883 | 8638 0100 
  0x0000018a5ebb298c: 0001 e94a | 0000 0048 | 83be 2001 | 0000 0075 | 1748 8996 | 2001 0000 | 48c7 8628 | 0100 0001 
  0x0000018a5ebb29ac: 0000 00e9 | 2900 0000 | 4883 be30 | 0100 0000 | 7517 4889 | 9630 0100 | 0048 c786 | 3801 0000 
  0x0000018a5ebb29cc: 0100 0000 | e908 0000 | 0048 8386 | 1001 0000 

  0x0000018a5ebb29dc: ;   {metadata(method data for {method} {0x0000018a01e5bf40} 'isJsonArray' '()Z' in 'com/google/gson/JsonElement')}
  0x0000018a5ebb29dc: 0148 bac0 | c464 1c8a | 0100 008b | b2cc 0000 | 0083 c602 | 89b2 cc00 | 0000 81e6 | feff 1f00 
  0x0000018a5ebb29fc: 85f6 0f84 | 6829 0000 | 4885 db75 

  0x0000018a5ebb2a08: ;   {metadata(method data for {method} {0x0000018a01e5bf40} 'isJsonArray' '()Z' in 'com/google/gson/JsonElement')}
  0x0000018a5ebb2a08: 1648 bfc0 | c464 1c8a | 0100 0080 | 8f09 0100 | 0001 e9cc 

  0x0000018a5ebb2a1c: ;   {metadata('com/google/gson/JsonArray')}
  0x0000018a5ebb2a1c: 0000 0048 | b8d8 6339 | 0008 0000 | 008b 7308 | 49ba 0000 | 0000 0800 | 0000 4903 | f248 3bc6 
  0x0000018a5ebb2a3c: 0f85 8d00 

  0x0000018a5ebb2a40: ;   {metadata(method data for {method} {0x0000018a01e5bf40} 'isJsonArray' '()Z' in 'com/google/gson/JsonElement')}
  0x0000018a5ebb2a40: 0000 48bf | c0c4 641c | 8a01 0000 | 8b43 0849 | ba00 0000 | 0008 0000 | 0049 03c2 | 483b 8720 
  0x0000018a5ebb2a60: 0100 0075 | 0d48 8387 | 2801 0000 | 01e9 7e00 | 0000 483b | 8730 0100 | 0075 0d48 | 8387 3801 
  0x0000018a5ebb2a80: 0000 01e9 | 6800 0000 | 4883 bf20 | 0100 0000 | 7517 4889 | 8720 0100 | 0048 c787 | 2801 0000 
  0x0000018a5ebb2aa0: 0100 0000 | e947 0000 | 0048 83bf | 3001 0000 | 0075 1748 | 8987 3001 | 0000 48c7 | 8738 0100 
  0x0000018a5ebb2ac0: 0001 0000 | 00e9 2600 | 0000 e921 

  0x0000018a5ebb2acc: ;   {metadata(method data for {method} {0x0000018a01e5bf40} 'isJsonArray' '()Z' in 'com/google/gson/JsonElement')}
  0x0000018a5ebb2acc: 0000 0048 | bfc0 c464 | 1c8a 0100 | 0048 83af | 1001 0000 | 01e9 0500 | 0000 e905 | 0000 0048 
  0x0000018a5ebb2aec: 33d2 eb07 | 48c7 c201 | 0000 0083 | e201 85d2 

  0x0000018a5ebb2afc: ;   {metadata(method data for {method} {0x0000018a032bd1a0} 'convertToJsonArray' '(Lcom/google/gson/JsonElement;Ljava/lang/String;)Lcom/google/gson/JsonArray;' in 'net/minecraft/util/GsonHelper')}
  0x0000018a5ebb2afc: 48ba 28e1 | 9422 8a01 | 0000 48c7 | c648 0100 | 0074 0748 | c7c6 5801 | 0000 488b | 3c32 488d 
  0x0000018a5ebb2b1c: 7f01 4889 | 3c32 0f84 | 1119 0000 

  0x0000018a5ebb2b28: ;   {metadata(method data for {method} {0x0000018a032bd1a0} 'convertToJsonArray' '(Lcom/google/gson/JsonElement;Ljava/lang/String;)Lcom/google/gson/JsonArray;' in 'net/minecraft/util/GsonHelper')}
  0x0000018a5ebb2b28: 488b d348 | be28 e194 | 228a 0100 | 008b 5208 | 49ba 0000 | 0000 0800 | 0000 4903 | d248 3b96 
  0x0000018a5ebb2b48: 7801 0000 | 750d 4883 | 8680 0100 | 0001 e960 | 0000 0048 | 3b96 8801 | 0000 750d | 4883 8690 
  0x0000018a5ebb2b68: 0100 0001 | e94a 0000 | 0048 83be | 7801 0000 | 0075 1748 | 8996 7801 | 0000 48c7 | 8680 0100 
  0x0000018a5ebb2b88: 0001 0000 | 00e9 2900 | 0000 4883 | be88 0100 | 0000 7517 | 4889 9688 | 0100 0048 | c786 9001 
  0x0000018a5ebb2ba8: 0000 0100 | 0000 e908 | 0000 0048 | 8386 6801 | 0000 0148 

  0x0000018a5ebb2bbc: ;   {optimized virtual_call}
  0x0000018a5ebb2bbc: 8bd3 90e8 

  0x0000018a5ebb2bc0: ; ImmutableOopMap {[248]=Oop [264]=Oop [280]=Oop }
                      ;*invokevirtual getAsJsonArray {reexecute=0 rethrow=0 return_oop=0}
                      ; - net.minecraft.util.GsonHelper::convertToJsonArray@8 (line 438)
                      ; - net.minecraft.util.GsonHelper::getAsJsonArray@14 (line 446)
                      ; - net.minecraft.client.renderer.ShaderInstance::parseUniformNode@52 (line 363)
  0x0000018a5ebb2bc0: fcd2 220a 

  0x0000018a5ebb2bc4: ;   {other}
  0x0000018a5ebb2bc4: 0f1f 8400 | b428 000d | 4889 8424 | 3001 0000 

  0x0000018a5ebb2bd4: ; implicit exception: dispatches to 0x0000018a5ebb538d
  0x0000018a5ebb2bd4: 483b 0048 

  0x0000018a5ebb2bd8: ;   {metadata(method data for {method} {0x0000018a1c6af018} 'parseUniformNode' '(Lcom/google/gson/JsonElement;)V' in 'net/minecraft/client/renderer/ShaderInstance')}
  0x0000018a5ebb2bd8: 8bd0 48be | d0b8 cf4e | 8a01 0000 | 4883 8680 | 0100 0001 

  0x0000018a5ebb2bec: ;   {metadata(method data for {method} {0x0000018a01eb22e0} 'size' '()I' in 'com/google/gson/JsonArray')}
  0x0000018a5ebb2bec: 48ba 3018 | 8f22 8a01 | 0000 8bb2 | cc00 0000 | 83c6 0289 | b2cc 0000 | 0081 e6fe | ff1f 0085 
  0x0000018a5ebb2c0c: f60f 847f | 2700 008b | 580c 48c1 | e303 483b | 0348 8bd3 

  0x0000018a5ebb2c20: ;   {metadata(method data for {method} {0x0000018a01eb22e0} 'size' '()I' in 'com/google/gson/JsonArray')}
  0x0000018a5ebb2c20: 48be 3018 | 8f22 8a01 | 0000 8b52 | 0849 ba00 | 0000 0008 | 0000 0049 | 03d2 483b | 9620 0100 
  0x0000018a5ebb2c40: 0075 0d48 | 8386 2801 | 0000 01e9 | 6000 0000 | 483b 9630 | 0100 0075 | 0d48 8386 | 3801 0000 
  0x0000018a5ebb2c60: 01e9 4a00 | 0000 4883 | be20 0100 | 0000 7517 | 4889 9620 | 0100 0048 | c786 2801 | 0000 0100 
  0x0000018a5ebb2c80: 0000 e929 | 0000 0048 | 83be 3001 | 0000 0075 | 1748 8996 | 3001 0000 | 48c7 8638 | 0100 0001 
  0x0000018a5ebb2ca0: 0000 00e9 | 0800 0000 | 4883 8610 | 0100 0001 | 448b 4310 | 443b 8424 | 1401 0000 

  0x0000018a5ebb2cbc: ;   {metadata(method data for {method} {0x0000018a1c6af018} 'parseUniformNode' '(Lcom/google/gson/JsonElement;)V' in 'net/minecraft/client/renderer/ShaderInstance')}
  0x0000018a5ebb2cbc: 48ba d0b8 | cf4e 8a01 | 0000 48c7 | c6b8 0100 | 0074 0748 | c7c6 c801 | 0000 488b | 3c32 488d 
  0x0000018a5ebb2cdc: 7f01 4889 | 3c32 0f84 | ff00 0000 

  0x0000018a5ebb2ce8: ;   {metadata(method data for {method} {0x0000018a1c6af018} 'parseUniformNode' '(Lcom/google/gson/JsonElement;)V' in 'net/minecraft/client/renderer/ShaderInstance')}
  0x0000018a5ebb2ce8: 488b d048 | bed0 b8cf | 4e8a 0100 | 0048 8386 | d801 0000 

  0x0000018a5ebb2cfc: ;   {metadata(method data for {method} {0x0000018a01eb22e0} 'size' '()I' in 'com/google/gson/JsonArray')}
  0x0000018a5ebb2cfc: 0148 ba30 | 188f 228a | 0100 008b | b2cc 0000 | 0083 c602 | 89b2 cc00 | 0000 81e6 | feff 1f00 
  0x0000018a5ebb2d1c: 85f6 0f84 | 9426 0000 

  0x0000018a5ebb2d24: ;   {metadata(method data for {method} {0x0000018a01eb22e0} 'size' '()I' in 'com/google/gson/JsonArray')}
  0x0000018a5ebb2d24: 488b d348 | be30 188f | 228a 0100 | 008b 5208 | 49ba 0000 | 0000 0800 | 0000 4903 | d248 3b96 
  0x0000018a5ebb2d44: 2001 0000 | 750d 4883 | 8628 0100 | 0001 e960 | 0000 0048 | 3b96 3001 | 0000 750d | 4883 8638 
  0x0000018a5ebb2d64: 0100 0001 | e94a 0000 | 0048 83be | 2001 0000 | 0075 1748 | 8996 2001 | 0000 48c7 | 8628 0100 
  0x0000018a5ebb2d84: 0001 0000 | 00e9 2900 | 0000 4883 | be30 0100 | 0000 7517 | 4889 9630 | 0100 0048 | c786 3801 
  0x0000018a5ebb2da4: 0000 0100 | 0000 e908 | 0000 0048 | 8386 1001 | 0000 0141 

  0x0000018a5ebb2db8: ;   {metadata(method data for {method} {0x0000018a1c6af018} 'parseUniformNode' '(Lcom/google/gson/JsonElement;)V' in 'net/minecraft/client/renderer/ShaderInstance')}
  0x0000018a5ebb2db8: 83f8 0148 | bad0 b8cf | 4e8a 0100 | 0048 c7c6 | 2002 0000 | 7f07 48c7 | c610 0200 | 0048 8b3c 
  0x0000018a5ebb2dd8: 3248 8d7f | 0148 893c | 320f 8f82 | 1400 0048 

  0x0000018a5ebb2de8: ;   {metadata(method data for {method} {0x0000018a1c6af018} 'parseUniformNode' '(Lcom/google/gson/JsonElement;)V' in 'net/minecraft/client/renderer/ShaderInstance')}
  0x0000018a5ebb2de8: 8bd0 48be | d0b8 cf4e | 8a01 0000 | 4883 8698 | 0200 0001 

  0x0000018a5ebb2dfc: ;   {metadata(method data for {method} {0x0000018a01eb2440} 'iterator' '()Ljava/util/Iterator;' in 'com/google/gson/JsonArray')}
  0x0000018a5ebb2dfc: 48ba c087 | cc1f 8a01 | 0000 8bb2 | cc00 0000 | 83c6 0289 | b2cc 0000 | 0081 e6fe | ff1f 0085 
  0x0000018a5ebb2e1c: f60f 84b6 | 2500 0048 

  0x0000018a5ebb2e24: ;   {metadata(method data for {method} {0x0000018a01eb2440} 'iterator' '()Ljava/util/Iterator;' in 'com/google/gson/JsonArray')}
  0x0000018a5ebb2e24: 8bd3 48be | c087 cc1f | 8a01 0000 | 8b52 0849 | ba00 0000 | 0008 0000 | 0049 03d2 | 483b 9620 
  0x0000018a5ebb2e44: 0100 0075 | 0d48 8386 | 2801 0000 | 01e9 6000 | 0000 483b | 9630 0100 | 0075 0d48 | 8386 3801 
  0x0000018a5ebb2e64: 0000 01e9 | 4a00 0000 | 4883 be20 | 0100 0000 | 7517 4889 | 9620 0100 | 0048 c786 | 2801 0000 
  0x0000018a5ebb2e84: 0100 0000 | e929 0000 | 0048 83be | 3001 0000 | 0075 1748 | 8996 3001 | 0000 48c7 | 8638 0100 
  0x0000018a5ebb2ea4: 0001 0000 | 00e9 0800 | 0000 4883 | 8610 0100 

  0x0000018a5ebb2eb4: ;   {metadata(method data for {method} {0x0000018a0012e610} 'iterator' '()Ljava/util/Iterator;' in 'java/util/ArrayList')}
  0x0000018a5ebb2eb4: 0001 48ba | 3063 a700 | 8a01 0000 | 8bb2 cc00 | 0000 83c6 | 0289 b2cc | 0000 0081 | e6fe ff1f 
  0x0000018a5ebb2ed4: 0085 f60f | 841d 2500 

  0x0000018a5ebb2edc: ;   {metadata('java/util/ArrayList$Itr')}
  0x0000018a5ebb2edc: 0048 ba28 | e200 0008 | 0000 0049 | 8b87 b801 | 0000 488d | 7820 493b | bfc8 0100 | 000f 871c 
  0x0000018a5ebb2efc: 2500 0049 | 89bf b801 | 0000 48c7 | 0001 0000 | 0048 8bca | 49ba 0000 | 0000 0800 | 0000 492b 
  0x0000018a5ebb2f1c: ca89 4808 | 4833 c989 | 480c 4833 | c948 8948 | 1048 8948 | 1848 8984 | 2428 0100 | 0048 8bd0 
  0x0000018a5ebb2f3c: ;   {metadata(method data for {method} {0x0000018a0012e610} 'iterator' '()Ljava/util/Iterator;' in 'java/util/ArrayList')}
  0x0000018a5ebb2f3c: 48be 3063 | a700 8a01 | 0000 4883 | 8610 0100 

  0x0000018a5ebb2f4c: ;   {metadata(method data for {method} {0x0000018a00553b08} '<init>' '(Ljava/util/ArrayList;)V' in 'java/util/ArrayList$Itr')}
  0x0000018a5ebb2f4c: 0001 48ba | a864 a700 | 8a01 0000 | 8bb2 cc00 | 0000 83c6 | 0289 b2cc | 0000 0081 | e6fe ff1f 
  0x0000018a5ebb2f6c: 0085 f60f | 84b3 2400 | 0041 0fbe | 5740 85d2 | 0f85 c724 | 0000 4c8b | d349 c1ea | 0344 8950 
  0x0000018a5ebb2f8c: 1848 8bd0 | 4833 d348 | c1ea 1748 | 83fa 000f | 85c7 2400 | 0048 8bd0 

  0x0000018a5ebb2fa4: ;   {metadata(method data for {method} {0x0000018a00553b08} '<init>' '(Ljava/util/ArrayList;)V' in 'java/util/ArrayList$Itr')}
  0x0000018a5ebb2fa4: 48be a864 | a700 8a01 | 0000 4883 | 8610 0100 

  0x0000018a5ebb2fb4: ;   {metadata(method data for {method} {0x0000018a00000648} '<init>' '()V' in 'java/lang/Object')}
  0x0000018a5ebb2fb4: 0001 48ba | 78d7 2900 | 8a01 0000 | 8bb2 cc00 | 0000 83c6 | 0289 b2cc | 0000 0081 | e6fe ff1f 
  0x0000018a5ebb2fd4: 0085 f60f | 84a3 2400 | 00c7 4010 | ffff ffff | 8b53 0c89 | 5014 be00 | 0000 0089 | b424 2001 
  0x0000018a5ebb2ff4: 0000 6690 

  0x0000018a5ebb2ff8: ;   {metadata(method data for {method} {0x0000018a1c6af018} 'parseUniformNode' '(Lcom/google/gson/JsonElement;)V' in 'net/minecraft/client/renderer/ShaderInstance')}
  0x0000018a5ebb2ff8: 488b d048 | b9d0 b8cf | 4e8a 0100 | 008b 5208 | 49ba 0000 | 0000 0800 | 0000 4903 | d248 3b91 
  0x0000018a5ebb3018: e002 0000 | 750d 4883 | 81e8 0200 | 0001 e960 | 0000 0048 | 3b91 f002 | 0000 750d | 4883 81f8 
  0x0000018a5ebb3038: 0200 0001 | e94a 0000 | 0048 83b9 | e002 0000 | 0075 1748 | 8991 e002 | 0000 48c7 | 81e8 0200 
  0x0000018a5ebb3058: 0001 0000 | 00e9 2900 | 0000 4883 | b9f0 0200 | 0000 7517 | 4889 91f0 | 0200 0048 | c781 f802 
  0x0000018a5ebb3078: 0000 0100 | 0000 e908 | 0000 0048 | 8381 d002 

  0x0000018a5ebb3088: ;   {metadata(method data for {method} {0x0000018a00553bc0} 'hasNext' '()Z' in 'java/util/ArrayList$Itr')}
  0x0000018a5ebb3088: 0000 0148 | ba40 8977 | 008a 0100 | 008b 8acc | 0000 0083 | c102 898a | cc00 0000 | 81e1 feff 
  0x0000018a5ebb30a8: 1f00 85c9 | 0f84 ef23 | 0000 8b50 | 0c8b 4818 | 48c1 e103 

  0x0000018a5ebb30bc: ; implicit exception: dispatches to 0x0000018a5ebb54c2
  0x0000018a5ebb30bc: 8b49 103b 

  0x0000018a5ebb30c0: ;   {metadata(method data for {method} {0x0000018a00553bc0} 'hasNext' '()Z' in 'java/util/ArrayList$Itr')}
  0x0000018a5ebb30c0: d148 ba40 | 8977 008a | 0100 0048 | c7c1 1001 | 0000 7407 | 48c7 c120 | 0100 004c | 8b04 0a4d 
  0x0000018a5ebb30e0: 8d40 014c | 8904 0a0f | 841a 0000 

  0x0000018a5ebb30ec: ;   {metadata(method data for {method} {0x0000018a00553bc0} 'hasNext' '()Z' in 'java/util/ArrayList$Itr')}
  0x0000018a5ebb30ec: 0048 ba40 | 8977 008a | 0100 00ff | 8230 0100 | 00ba 0100 | 0000 e905 | 0000 00ba | 0000 0000 
  0x0000018a5ebb310c: 83e2 0185 

  0x0000018a5ebb3110: ;   {metadata(method data for {method} {0x0000018a1c6af018} 'parseUniformNode' '(Lcom/google/gson/JsonElement;)V' in 'net/minecraft/client/renderer/ShaderInstance')}
  0x0000018a5ebb3110: d248 bad0 | b8cf 4e8a | 0100 0048 | c7c1 0803 | 0000 7407 | 48c7 c118 | 0300 004c | 8b04 0a4d 
  0x0000018a5ebb3130: 8d40 014c | 8904 0a0f | 8447 0200 | 0048 8bd0 

  0x0000018a5ebb3140: ;   {metadata(method data for {method} {0x0000018a1c6af018} 'parseUniformNode' '(Lcom/google/gson/JsonElement;)V' in 'net/minecraft/client/renderer/ShaderInstance')}
  0x0000018a5ebb3140: 48b9 d0b8 | cf4e 8a01 | 0000 8b52 | 0849 ba00 | 0000 0008 | 0000 0049 | 03d2 483b | 9138 0300 
  0x0000018a5ebb3160: 0075 0d48 | 8381 4003 | 0000 01e9 | 6000 0000 | 483b 9148 | 0300 0075 | 0d48 8381 | 5003 0000 
  0x0000018a5ebb3180: 01e9 4a00 | 0000 4883 | b938 0300 | 0000 7517 | 4889 9138 | 0300 0048 | c781 4003 | 0000 0100 
  0x0000018a5ebb31a0: 0000 e929 | 0000 0048 | 83b9 4803 | 0000 0075 | 1748 8991 | 4803 0000 | 48c7 8150 | 0300 0001 
  0x0000018a5ebb31c0: 0000 00e9 | 0800 0000 | 4883 8128 | 0300 0001 | 488b d00f 

  0x0000018a5ebb31d4: ;   {optimized virtual_call}
  0x0000018a5ebb31d4: 1f40 00e8 

  0x0000018a5ebb31d8: ; ImmutableOopMap {[248]=Oop [264]=Oop [280]=Oop [296]=Oop [304]=Oop }
                      ;*invokeinterface next {reexecute=0 rethrow=0 return_oop=0}
                      ; - net.minecraft.client.renderer.ShaderInstance::parseUniformNode@118 (line 369)
  0x0000018a5ebb31d8: 64ec 8706 

  0x0000018a5ebb31dc: ;   {other}
  0x0000018a5ebb31dc: 0f1f 8400 | cc2e 000e | 4885 c075 

  0x0000018a5ebb31e8: ;   {metadata(method data for {method} {0x0000018a1c6af018} 'parseUniformNode' '(Lcom/google/gson/JsonElement;)V' in 'net/minecraft/client/renderer/ShaderInstance')}
  0x0000018a5ebb31e8: 1648 bed0 | b8cf 4e8a | 0100 0080 | 8e59 0300 | 0001 e9cd 

  0x0000018a5ebb31fc: ;   {metadata('com/google/gson/JsonElement')}
  0x0000018a5ebb31fc: 0000 0048 | bf40 1a38 | 0008 0000 | 008b 7008 | 49ba 0000 | 0000 0800 | 0000 4903 | f248 3b7e 
  0x0000018a5ebb321c: 380f 858d 

  0x0000018a5ebb3220: ;   {metadata(method data for {method} {0x0000018a1c6af018} 'parseUniformNode' '(Lcom/google/gson/JsonElement;)V' in 'net/minecraft/client/renderer/ShaderInstance')}
  0x0000018a5ebb3220: 0000 0048 | bed0 b8cf | 4e8a 0100 | 008b 7808 | 49ba 0000 | 0000 0800 | 0000 4903 | fa48 3bbe 
  0x0000018a5ebb3240: 7003 0000 | 750d 4883 | 8678 0300 | 0001 e979 | 0000 0048 | 3bbe 8003 | 0000 750d | 4883 8688 
  0x0000018a5ebb3260: 0300 0001 | e963 0000 | 0048 83be | 7003 0000 | 0075 1748 | 89be 7003 | 0000 48c7 | 8678 0300 
  0x0000018a5ebb3280: 0001 0000 | 00e9 4200 | 0000 4883 | be80 0300 | 0000 7517 | 4889 be80 | 0300 0048 | c786 8803 
  0x0000018a5ebb32a0: 0000 0100 | 0000 e921 | 0000 00e9 | 1c00 0000 

  0x0000018a5ebb32b0: ;   {metadata(method data for {method} {0x0000018a1c6af018} 'parseUniformNode' '(Lcom/google/gson/JsonElement;)V' in 'net/minecraft/client/renderer/ShaderInstance')}
  0x0000018a5ebb32b0: 48be d0b8 | cf4e 8a01 | 0000 4883 | ae60 0300 | 0001 e900 | 2200 00e9 | 0000 0000 

  0x0000018a5ebb32cc: ;   {metadata(method data for {method} {0x0000018a1c6af018} 'parseUniformNode' '(Lcom/google/gson/JsonElement;)V' in 'net/minecraft/client/renderer/ShaderInstance')}
  0x0000018a5ebb32cc: 488b d049 | b8d0 b8cf | 4e8a 0100 | 0049 8380 | 9803 0000 

  0x0000018a5ebb32e0: ;   {oop("value"{0x00000004eda1f168})}
  0x0000018a5ebb32e0: 0149 b868 | f1a1 ed04 | 0000 000f 

  0x0000018a5ebb32ec: ;   {static_call}
  0x0000018a5ebb32ec: 1f40 00e8 

  0x0000018a5ebb32f0: ; ImmutableOopMap {[248]=Oop [264]=Oop [280]=Oop [296]=Oop [304]=Oop }
                      ;*invokestatic convertToFloat {reexecute=0 rethrow=0 return_oop=0}
                      ; - net.minecraft.client.renderer.ShaderInstance::parseUniformNode@137 (line 371)
  0x0000018a5ebb32f0: ec8f b50b 

  0x0000018a5ebb32f4: ;   {other}
  0x0000018a5ebb32f4: 0f1f 8400 | e42f 000f | 8bb4 2420 | 0100 0048 | 8b84 2418 | 0100 003b | 700c 0f83 | bc21 0000 
  0x0000018a5ebb3314: 4863 d6c5 | fa11 4490 

  0x0000018a5ebb331c: ;   {metadata(method data for {method} {0x0000018a1c6af018} 'parseUniformNode' '(Lcom/google/gson/JsonElement;)V' in 'net/minecraft/client/renderer/ShaderInstance')}
  0x0000018a5ebb331c: 1048 bad0 | b8cf 4e8a | 0100 00ff | 82a8 0300 

  0x0000018a5ebb332c: ;   {metadata(method data for {method} {0x0000018a1c6af018} 'parseUniformNode' '(Lcom/google/gson/JsonElement;)V' in 'net/minecraft/client/renderer/ShaderInstance')}
  0x0000018a5ebb332c: 00ff c648 | bad0 b8cf | 4e8a 0100 | 008b bad0 | 0000 0083 | c702 89ba | d000 0000 | 81e7 fe3f 
  0x0000018a5ebb334c: 0000 85ff | 0f84 8821 | 0000 4d8b | 9750 0400 

  0x0000018a5ebb335c: ; ImmutableOopMap {rax=Oop [248]=Oop [264]=Oop [280]=Oop [296]=Oop [304]=Oop }
                      ;*goto {reexecute=1 rethrow=0 return_oop=0}
                      ; - (reexecute) net.minecraft.client.renderer.ShaderInstance::parseUniformNode@171 (line 379)
                      ;   {poll}
  0x0000018a5ebb335c: 0041 8502 

  0x0000018a5ebb3360: ;   {metadata(method data for {method} {0x0000018a1c6af018} 'parseUniformNode' '(Lcom/google/gson/JsonElement;)V' in 'net/minecraft/client/renderer/ShaderInstance')}
  0x0000018a5ebb3360: 48ba d0b8 | cf4e 8a01 | 0000 ff82 | 2804 0000 | 89b4 2420 | 0100 0048 | 8b84 2428 | 0100 00e9 
  0x0000018a5ebb3380: 74fc ffff | 8bb4 2420 | 0100 0048 | 8b84 2418 | 0100 008b | 9c24 1401 | 0000 83fb 

  0x0000018a5ebb339c: ;   {metadata(method data for {method} {0x0000018a1c6af018} 'parseUniformNode' '(Lcom/google/gson/JsonElement;)V' in 'net/minecraft/client/renderer/ShaderInstance')}
  0x0000018a5ebb339c: 0148 bad0 | b8cf 4e8a | 0100 0048 | c7c7 4004 | 0000 7e07 | 48c7 c750 | 0400 0048 | 8b0c 3a48 
  0x0000018a5ebb33bc: 8d49 0148 | 890c 3a0f | 8eb1 0100 | 004c 8b8c | 2430 0100 | 0049 8bd1 

  0x0000018a5ebb33d4: ;   {metadata(method data for {method} {0x0000018a1c6af018} 'parseUniformNode' '(Lcom/google/gson/JsonElement;)V' in 'net/minecraft/client/renderer/ShaderInstance')}
  0x0000018a5ebb33d4: 48bf d0b8 | cf4e 8a01 | 0000 4883 | 8760 0400 

  0x0000018a5ebb33e4: ;   {metadata(method data for {method} {0x0000018a01eb22e0} 'size' '()I' in 'com/google/gson/JsonArray')}
  0x0000018a5ebb33e4: 0001 48ba | 3018 8f22 | 8a01 0000 | 8bba cc00 | 0000 83c7 | 0289 bacc | 0000 0081 | e7fe ff1f 
  0x0000018a5ebb3404: 0085 ff0f | 84f2 2000 | 0041 8b51 | 0c48 c1e2 | 0348 3b02 

  0x0000018a5ebb3418: ;   {metadata(method data for {method} {0x0000018a01eb22e0} 'size' '()I' in 'com/google/gson/JsonArray')}
  0x0000018a5ebb3418: 488b fa48 | b930 188f | 228a 0100 | 008b 7f08 | 49ba 0000 | 0000 0800 | 0000 4903 | fa48 3bb9 
  0x0000018a5ebb3438: 2001 0000 | 750d 4883 | 8128 0100 | 0001 e960 | 0000 0048 | 3bb9 3001 | 0000 750d | 4883 8138 
  0x0000018a5ebb3458: 0100 0001 | e94a 0000 | 0048 83b9 | 2001 0000 | 0075 1748 | 89b9 2001 | 0000 48c7 | 8128 0100 
  0x0000018a5ebb3478: 0001 0000 | 00e9 2900 | 0000 4883 | b930 0100 | 0000 7517 | 4889 b930 | 0100 0048 | c781 3801 
  0x0000018a5ebb3498: 0000 0100 | 0000 e908 | 0000 0048 | 8381 1001 | 0000 018b | 5210 83fa 

  0x0000018a5ebb34b0: ;   {metadata(method data for {method} {0x0000018a1c6af018} 'parseUniformNode' '(Lcom/google/gson/JsonElement;)V' in 'net/minecraft/client/renderer/ShaderInstance')}
  0x0000018a5ebb34b0: 0148 bad0 | b8cf 4e8a | 0100 0048 | c7c7 9804 | 0000 7507 | 48c7 c7a8 | 0400 0048 | 8b0c 3a48 
  0x0000018a5ebb34d0: 8d49 0148 | 890c 3a0f | 859d 0000 | 00e9 6a00 | 0000 660f | 1f44 0000 | 8378 0c00 | 0f86 3320 
  0x0000018a5ebb34f0: 0000 c5fa | 1040 103b | 700c 0f83 | 3720 0000 | 4863 d6c5 | fa11 4490 

  0x0000018a5ebb3508: ;   {metadata(method data for {method} {0x0000018a1c6af018} 'parseUniformNode' '(Lcom/google/gson/JsonElement;)V' in 'net/minecraft/client/renderer/ShaderInstance')}
  0x0000018a5ebb3508: 10ff c648 | bad0 b8cf | 4e8a 0100 | 008b bad0 | 0000 0083 | c702 89ba | d000 0000 | 81e7 fe3f 
  0x0000018a5ebb3528: 0000 85ff | 0f84 1320 | 0000 4d8b | 9750 0400 

  0x0000018a5ebb3538: ; ImmutableOopMap {rax=Oop [248]=Oop [264]=Oop [280]=Oop }
                      ;*goto {reexecute=1 rethrow=0 return_oop=0}
                      ; - (reexecute) net.minecraft.client.renderer.ShaderInstance::parseUniformNode@208 (line 384)
                      ;   {poll}
  0x0000018a5ebb3538: 0041 8502 

  0x0000018a5ebb353c: ;   {metadata(method data for {method} {0x0000018a1c6af018} 'parseUniformNode' '(Lcom/google/gson/JsonElement;)V' in 'net/minecraft/client/renderer/ShaderInstance')}
  0x0000018a5ebb353c: 48ba d0b8 | cf4e 8a01 | 0000 ff82 | d804 0000 

  0x0000018a5ebb354c: ;   {metadata(method data for {method} {0x0000018a1c6af018} 'parseUniformNode' '(Lcom/google/gson/JsonElement;)V' in 'net/minecraft/client/renderer/ShaderInstance')}
  0x0000018a5ebb354c: 3bf3 48ba | d0b8 cf4e | 8a01 0000 | 48c7 c7c8 | 0400 007c | 0748 c7c7 | b804 0000 | 488b 0c3a 
  0x0000018a5ebb356c: 488d 4901 | 4889 0c3a | 0f8c 6eff | ffff 83fb 

  0x0000018a5ebb357c: ;   {metadata(method data for {method} {0x0000018a1c6af018} 'parseUniformNode' '(Lcom/google/gson/JsonElement;)V' in 'net/minecraft/client/renderer/ShaderInstance')}
  0x0000018a5ebb357c: 0148 bad0 | b8cf 4e8a | 0100 0048 | c7c6 0005 | 0000 7f07 | 48c7 c6f0 | 0400 0048 | 8b3c 3248 
  0x0000018a5ebb359c: 8d7f 0148 | 893c 320f | 8f0d 0000 | 0044 8b9c | 2410 0100 | 00e9 6700 | 0000 83fb 

  0x0000018a5ebb35b8: ;   {metadata(method data for {method} {0x0000018a1c6af018} 'parseUniformNode' '(Lcom/google/gson/JsonElement;)V' in 'net/minecraft/client/renderer/ShaderInstance')}
  0x0000018a5ebb35b8: 0448 bad0 | b8cf 4e8a | 0100 0048 | c7c6 1005 | 0000 7f07 | 48c7 c620 | 0500 0048 | 8b3c 3248 
  0x0000018a5ebb35d8: 8d7f 0148 | 893c 3244 | 8b9c 2410 | 0100 000f | 8f30 0000 | 0041 83fb 

  0x0000018a5ebb35f0: ;   {metadata(method data for {method} {0x0000018a1c6af018} 'parseUniformNode' '(Lcom/google/gson/JsonElement;)V' in 'net/minecraft/client/renderer/ShaderInstance')}
  0x0000018a5ebb35f0: 0848 bad0 | b8cf 4e8a | 0100 0048 | c7c6 4005 | 0000 7c07 | 48c7 c630 | 0500 0048 | 8b3c 3248 
  0x0000018a5ebb3610: 8d7f 0148 | 893c 320f | 8c0b 0000 | 0041 b800 | 0000 00e9 | 1800 0000 | 488b d3ff 

  0x0000018a5ebb362c: ;   {metadata(method data for {method} {0x0000018a1c6af018} 'parseUniformNode' '(Lcom/google/gson/JsonElement;)V' in 'net/minecraft/client/renderer/ShaderInstance')}
  0x0000018a5ebb362c: ca48 bed0 | b8cf 4e8a | 0100 00ff | 8650 0500 | 004c 8bc2 

  0x0000018a5ebb3640: ;   {metadata('com/mojang/blaze3d/shaders/Uniform')}
  0x0000018a5ebb3640: 48ba 00e0 | a302 0800 | 0000 498b | 87b8 0100 | 0048 8d78 | 3049 3bbf | c801 0000 | 0f87 041f 
  0x0000018a5ebb3660: 0000 4989 | bfb8 0100 | 0048 c700 | 0100 0000 | 488b ca49 | ba00 0000 | 0008 0000 | 0049 2bca 
  0x0000018a5ebb3680: 8948 0848 | 33c9 8948 | 0c48 33c9 | 4889 4810 | 4889 4818 | 4889 4820 | 4889 4828 | 4889 8424 
  0x0000018a5ebb36a0: 3801 0000 

  0x0000018a5ebb36a4: ;   {metadata(method data for {method} {0x0000018a1c6af018} 'parseUniformNode' '(Lcom/google/gson/JsonElement;)V' in 'net/minecraft/client/renderer/ShaderInstance')}
  0x0000018a5ebb36a4: 4c8b c848 | bfd0 b8cf | 4e8a 0100 | 0048 8387 | 6805 0000 | 014d 8bc8 | 4503 cb4c | 8b84 2408 
  0x0000018a5ebb36c4: 0100 0048 | 8bfb 488b | b424 f800 | 0000 488b 

  0x0000018a5ebb36d4: ;   {optimized virtual_call}
  0x0000018a5ebb36d4: d066 90e8 

  0x0000018a5ebb36d8: ; ImmutableOopMap {[248]=Oop [280]=Oop [312]=Oop }
                      ;*invokespecial <init> {reexecute=0 rethrow=0 return_oop=0}
                      ; - net.minecraft.client.renderer.ShaderInstance::parseUniformNode@253 (line 389)
  0x0000018a5ebb36d8: 4f26 0000 

  0x0000018a5ebb36dc: ;   {other}
  0x0000018a5ebb36dc: 0f1f 8400 | cc33 0012 | 8b84 2410 | 0100 0083 

  0x0000018a5ebb36ec: ;   {metadata(method data for {method} {0x0000018a1c6af018} 'parseUniformNode' '(Lcom/google/gson/JsonElement;)V' in 'net/minecraft/client/renderer/ShaderInstance')}
  0x0000018a5ebb36ec: f803 48bb | d0b8 cf4e | 8a01 0000 | 48c7 c288 | 0500 007e | 0748 c7c2 | 7805 0000 | 488b 3413 
  0x0000018a5ebb370c: 488d 7601 | 4889 3413 | 0f8e 7005 | 0000 83f8 

  0x0000018a5ebb371c: ;   {metadata(method data for {method} {0x0000018a1c6af018} 'parseUniformNode' '(Lcom/google/gson/JsonElement;)V' in 'net/minecraft/client/renderer/ShaderInstance')}
  0x0000018a5ebb371c: 0748 bbd0 | b8cf 4e8a | 0100 0048 | c7c2 f805 | 0000 7e07 | 48c7 c2e8 | 0500 0048 | 8b34 1348 
  0x0000018a5ebb373c: 8d76 0148 | 8934 130f | 8eb0 0400 

  0x0000018a5ebb3748: ;   {metadata(method data for {method} {0x0000018a1c6af018} 'parseUniformNode' '(Lcom/google/gson/JsonElement;)V' in 'net/minecraft/client/renderer/ShaderInstance')}
  0x0000018a5ebb3748: 0048 bbd0 | b8cf 4e8a | 0100 0048 | 8383 5806 

  0x0000018a5ebb3758: ;   {metadata(method data for {method} {0x0000018a001dfc88} 'copyOfRange' '([FII)[F' in 'java/util/Arrays')}
  0x0000018a5ebb3758: 0000 0148 | bb18 edea | 228a 0100 | 008b 93cc | 0000 0083 | c202 8993 | cc00 0000 | 81e2 feff 
  0x0000018a5ebb3778: 1f00 85d2 | 0f84 f11d 

  0x0000018a5ebb3780: ;   {metadata(method data for {method} {0x0000018a001dfc88} 'copyOfRange' '([FII)[F' in 'java/util/Arrays')}
  0x0000018a5ebb3780: 0000 48bb | 18ed ea22 | 8a01 0000 | ff83 2001 | 0000 488b | 8424 1801 | 0000 448b | 8c24 1401 
  0x0000018a5ebb37a0: 0000 448b | 400c 453b 

  0x0000018a5ebb37a8: ;   {metadata(method data for {method} {0x0000018a001dfc88} 'copyOfRange' '([FII)[F' in 'java/util/Arrays')}
  0x0000018a5ebb37a8: c848 bb18 | edea 228a | 0100 0048 | c7c2 3001 | 0000 7407 | 48c7 c240 | 0100 0048 | 8b34 1348 
  0x0000018a5ebb37c8: 8d76 0148 | 8934 130f | 844a 0200 

  0x0000018a5ebb37d4: ;   {metadata(method data for {method} {0x0000018a001dfc88} 'copyOfRange' '([FII)[F' in 'java/util/Arrays')}
  0x0000018a5ebb37d4: 0048 bb18 | edea 228a | 0100 0048 | 8383 5001 

  0x0000018a5ebb37e4: ;   {metadata(method data for {method} {0x0000018a001dfda0} 'copyOfRangeFloat' '([FII)[F' in 'java/util/Arrays')}
  0x0000018a5ebb37e4: 0000 0148 | bb38 efea | 228a 0100 | 008b 93cc | 0000 0083 | c202 8993 | cc00 0000 | 81e2 feff 
  0x0000018a5ebb3804: 1f00 85d2 | 0f84 861d 

  0x0000018a5ebb380c: ;   {metadata(method data for {method} {0x0000018a001dfda0} 'copyOfRangeFloat' '([FII)[F' in 'java/util/Arrays')}
  0x0000018a5ebb380c: 0000 48bb | 38ef ea22 | 8a01 0000 | 4883 8310 | 0100 0001 

  0x0000018a5ebb3820: ;   {metadata(method data for {method} {0x0000018a001df190} 'checkLength' '(II)V' in 'java/util/Arrays')}
  0x0000018a5ebb3820: 48bb 6886 | 3800 8a01 | 0000 8b93 | cc00 0000 | 83c2 0289 | 93cc 0000 | 0081 e2fe | ff1f 0085 
  0x0000018a5ebb3840: d20f 846e | 1d00 0045 

  0x0000018a5ebb3848: ;   {metadata(method data for {method} {0x0000018a001df190} 'checkLength' '(II)V' in 'java/util/Arrays')}
  0x0000018a5ebb3848: 85c9 48bb | 6886 3800 | 8a01 0000 | 48c7 c220 | 0100 007c | 0748 c7c2 | 1001 0000 | 488b 3413 
  0x0000018a5ebb3868: 488d 7601 | 4889 3413 | 0f8c f405 | 0000 498b 

  0x0000018a5ebb3878: ;   {metadata({type array float})}
  0x0000018a5ebb3878: d948 bab8 | 0504 0008 | 0000 004c | 8bd8 4863 | db48 8bfb | 4881 fbff | ffff 000f | 873d 1d00 
  0x0000018a5ebb3898: 0048 c7c6 | 1700 0000 | 488d 349e | 4883 e6f8 | 498b 87b8 | 0100 0048 | 8d34 3049 | 3bb7 c801 
  0x0000018a5ebb38b8: 0000 0f87 | 161d 0000 | 4989 b7b8 | 0100 0048 | 2bf0 48c7 | 0001 0000 | 0048 8bca | 49ba 0000 
  0x0000018a5ebb38d8: 0000 0800 | 0000 492b | ca89 4808 | 8958 0c48 | 83ee 1048 | 85f6 0f84 | 1100 0000 | 4833 db48 
  0x0000018a5ebb38f8: c1ee 0348 | 895c f008 | 48ff ce75 

  0x0000018a5ebb3904: ;   {metadata(method data for {method} {0x0000018a001dfda0} 'copyOfRangeFloat' '([FII)[F' in 'java/util/Arrays')}
  0x0000018a5ebb3904: f648 ba38 | efea 228a | 0100 0048 | 8382 2001 

  0x0000018a5ebb3914: ;   {metadata(method data for {method} {0x0000018a001a9b70} 'min' '(II)I' in 'java/lang/Math')}
  0x0000018a5ebb3914: 0000 0148 | bac0 6038 | 008a 0100 | 008b bacc | 0000 0083 | c702 89ba | cc00 0000 | 81e7 feff 
  0x0000018a5ebb3934: 1f00 85ff | 0f84 a21c | 0000 453b 

  0x0000018a5ebb3940: ;   {metadata(method data for {method} {0x0000018a001a9b70} 'min' '(II)I' in 'java/lang/Math')}
  0x0000018a5ebb3940: c148 bac0 | 6038 008a | 0100 0048 | c7c7 1001 | 0000 7f07 | 48c7 c720 | 0100 0048 | 8b34 3a48 
  0x0000018a5ebb3960: 8d76 0148 | 8934 3a0f | 8f18 0000 

  0x0000018a5ebb396c: ;   {metadata(method data for {method} {0x0000018a001a9b70} 'min' '(II)I' in 'java/lang/Math')}
  0x0000018a5ebb396c: 0048 bac0 | 6038 008a | 0100 00ff | 8230 0100 | 0049 8bf0 | e903 0000 | 0049 8bf1 

  0x0000018a5ebb3988: ;   {metadata(method data for {method} {0x0000018a001dfda0} 'copyOfRangeFloat' '([FII)[F' in 'java/util/Arrays')}
  0x0000018a5ebb3988: 48ba 38ef | ea22 8a01 | 0000 4883 | 8230 0100 | 0001 498b | d341 b800 | 0000 004c | 8bc8 bf00 
  0x0000018a5ebb39a8: 0000 0048 | 8984 2440 | 0100 0049 | 8d0c 303b | 4a0c 0f87 | 411c 0000 | 488d 0c37 | 413b 490c 
  0x0000018a5ebb39c8: 0f87 331c | 0000 85f6 | 0f8c 2b1c | 0000 4d63 | c048 63ff | 4a8d 4c82 | 1049 8d54 | b910 4c8b 
  0x0000018a5ebb39e8: c648 83ec | 2040 f6c4 | 0f0f 8412 | 0000 0048 

  0x0000018a5ebb39f8: ;   {runtime_call StubRoutines (final stubs)}
  0x0000018a5ebb39f8: 83ec 08e8 | 00f6 0206 | 4883 c408 | e905 0000 

  0x0000018a5ebb3a08: ;   {runtime_call StubRoutines (final stubs)}
  0x0000018a5ebb3a08: 00e8 f2f5 | 0206 4883 | c420 488b | 8424 4001 | 0000 e9a3 | 0100 004c | 8bd8 498b 

  0x0000018a5ebb3a24: ;   {metadata(method data for {method} {0x0000018a001dfc88} 'copyOfRange' '([FII)[F' in 'java/util/Arrays')}
  0x0000018a5ebb3a24: c348 ba18 | edea 228a | 0100 008b | 4008 49ba | 0000 0000 | 0800 0000 | 4903 c248 | 3b82 7001 
  0x0000018a5ebb3a44: 0000 750d | 4883 8278 | 0100 0001 | e960 0000 | 0048 3b82 | 8001 0000 | 750d 4883 | 8288 0100 
  0x0000018a5ebb3a64: 0001 e94a | 0000 0048 | 83ba 7001 | 0000 0075 | 1748 8982 | 7001 0000 | 48c7 8278 | 0100 0001 
  0x0000018a5ebb3a84: 0000 00e9 | 2900 0000 | 4883 ba80 | 0100 0000 | 7517 4889 | 8280 0100 | 0048 c782 | 8801 0000 
  0x0000018a5ebb3aa4: 0100 0000 | e908 0000 | 0048 8382 | 6001 0000 | 0149 8bd3 | 0f1f 4400 | 0048 b8b8 | 0504 0008 
  0x0000018a5ebb3ac4: ;   {virtual_call}
  0x0000018a5ebb3ac4: 0000 00e8 

  0x0000018a5ebb3ac8: ; ImmutableOopMap {[248]=Oop [312]=Oop }
                      ;*invokevirtual clone {reexecute=0 rethrow=0 return_oop=0}
                      ; - java.util.Arrays::copyOfRange@18 (line 4076)
                      ; - net.minecraft.client.renderer.ShaderInstance::parseUniformNode@330 (line 395)
  0x0000018a5ebb3ac8: f4f1 7406 

  0x0000018a5ebb3acc: ;   {other}
  0x0000018a5ebb3acc: 0f1f 8400 | bc37 0013 | 4885 c075 

  0x0000018a5ebb3ad8: ;   {metadata(method data for {method} {0x0000018a001dfc88} 'copyOfRange' '([FII)[F' in 'java/util/Arrays')}
  0x0000018a5ebb3ad8: 1648 be18 | edea 228a | 0100 0080 | 8e91 0100 | 0001 e9cd 

  0x0000018a5ebb3aec: ;   {metadata({type array float})}
  0x0000018a5ebb3aec: 0000 0048 | bfb8 0504 | 0008 0000 | 008b 7008 | 49ba 0000 | 0000 0800 | 0000 4903 | f248 3b7e 
  0x0000018a5ebb3b0c: 380f 858d 

  0x0000018a5ebb3b10: ;   {metadata(method data for {method} {0x0000018a001dfc88} 'copyOfRange' '([FII)[F' in 'java/util/Arrays')}
  0x0000018a5ebb3b10: 0000 0048 | be18 edea | 228a 0100 | 008b 7808 | 49ba 0000 | 0000 0800 | 0000 4903 | fa48 3bbe 
  0x0000018a5ebb3b30: a801 0000 | 750d 4883 | 86b0 0100 | 0001 e979 | 0000 0048 | 3bbe b801 | 0000 750d | 4883 86c0 
  0x0000018a5ebb3b50: 0100 0001 | e963 0000 | 0048 83be | a801 0000 | 0075 1748 | 89be a801 | 0000 48c7 | 86b0 0100 
  0x0000018a5ebb3b70: 0001 0000 | 00e9 4200 | 0000 4883 | beb8 0100 | 0000 7517 | 4889 beb8 | 0100 0048 | c786 c001 
  0x0000018a5ebb3b90: 0000 0100 | 0000 e921 | 0000 00e9 | 1c00 0000 

  0x0000018a5ebb3ba0: ;   {metadata(method data for {method} {0x0000018a001dfc88} 'copyOfRange' '([FII)[F' in 'java/util/Arrays')}
  0x0000018a5ebb3ba0: 48be 18ed | ea22 8a01 | 0000 4883 | ae98 0100 | 0001 e95a | 1a00 00e9 | 0000 0000 | 4c8b c049 
  0x0000018a5ebb3bc0: 8bc0 4c8b | 8424 3801 

  0x0000018a5ebb3bc8: ;   {metadata(method data for {method} {0x0000018a1c6af018} 'parseUniformNode' '(Lcom/google/gson/JsonElement;)V' in 'net/minecraft/client/renderer/ShaderInstance')}
  0x0000018a5ebb3bc8: 0000 48ba | d0b8 cf4e | 8a01 0000 | 4883 8268 | 0600 0001 | 4c8b c048 | 8b94 2438 

  0x0000018a5ebb3be4: ;   {optimized virtual_call}
  0x0000018a5ebb3be4: 0100 00e8 

  0x0000018a5ebb3be8: ; ImmutableOopMap {[248]=Oop [312]=Oop }
                      ;*invokevirtual set {reexecute=0 rethrow=0 return_oop=0}
                      ; - net.minecraft.client.renderer.ShaderInstance::parseUniformNode@333 (line 395)
  0x0000018a5ebb3be8: f40c 2f09 

  0x0000018a5ebb3bec: ;   {other}
  0x0000018a5ebb3bec: 0f1f 8400 | dc38 0014 | e994 0100 | 004c 8b9c | 2418 0100 | 0041 837b | 0c00 0f86 | 0e1a 0000 
  0x0000018a5ebb3c0c: c4c1 7a10 | 4310 4183 | 7b0c 010f | 860f 1a00 | 00c4 c17a | 104b 1441 | 837b 0c02 | 0f86 101a 
  0x0000018a5ebb3c2c: 0000 c4c1 | 7a10 5318 | 4183 7b0c | 030f 8611 | 1a00 00c4 | c17a 105b | 1c48 8b84 | 2438 0100 
  0x0000018a5ebb3c4c: ;   {metadata(method data for {method} {0x0000018a1c6af018} 'parseUniformNode' '(Lcom/google/gson/JsonElement;)V' in 'net/minecraft/client/renderer/ShaderInstance')}
  0x0000018a5ebb3c4c: 0048 bad0 | b8cf 4e8a | 0100 0048 | 8382 0806 | 0000 0148 | 8b94 2438 

  0x0000018a5ebb3c64: ;   {optimized virtual_call}
  0x0000018a5ebb3c64: 0100 00e8 

  0x0000018a5ebb3c68: ; ImmutableOopMap {[248]=Oop [312]=Oop }
                      ;*invokevirtual setSafe {reexecute=0 rethrow=0 return_oop=0}
                      ; - net.minecraft.client.renderer.ShaderInstance::parseUniformNode@317 (line 393)
  0x0000018a5ebb3c68: 14ae 0406 

  0x0000018a5ebb3c6c: ;   {other}
  0x0000018a5ebb3c6c: 0f1f 8400 | 5c39 0015 

  0x0000018a5ebb3c74: ;   {metadata(method data for {method} {0x0000018a1c6af018} 'parseUniformNode' '(Lcom/google/gson/JsonElement;)V' in 'net/minecraft/client/renderer/ShaderInstance')}
  0x0000018a5ebb3c74: 49b8 d0b8 | cf4e 8a01 | 0000 41ff | 8040 0600 | 00e9 0301 | 0000 4c8b | 9c24 1801 | 0000 4183 
  0x0000018a5ebb3c94: 7b0c 000f | 86c5 1900 | 00c4 c17a | 1043 1041 | 837b 0c01 | 0f86 c619 | 0000 c4c1 | 7a10 4b14 
  0x0000018a5ebb3cb4: 4183 7b0c | 020f 86c7 | 1900 00c4 | c17a 1053 | 1841 837b | 0c03 0f86 | c819 0000 | c4c1 7a10 
  0x0000018a5ebb3cd4: 5b1c 488b | 8424 3801 

  0x0000018a5ebb3cdc: ;   {metadata(method data for {method} {0x0000018a1c6af018} 'parseUniformNode' '(Lcom/google/gson/JsonElement;)V' in 'net/minecraft/client/renderer/ShaderInstance')}
  0x0000018a5ebb3cdc: 0000 49b8 | d0b8 cf4e | 8a01 0000 | 4983 8098 | 0500 0001 | c57a 2cc0 | 4181 f800 | 0000 8075 
  0x0000018a5ebb3cfc: 1048 83ec | 08c5 fa11 

  0x0000018a5ebb3d04: ;   {runtime_call StubRoutines (initial stubs)}
  0x0000018a5ebb3d04: 0424 e8ff | d3ff 0541 | 58c5 7a2c | c941 81f9 | 0000 0080 | 7510 4883 | ec08 c5fa 

  0x0000018a5ebb3d20: ;   {runtime_call StubRoutines (initial stubs)}
  0x0000018a5ebb3d20: 110c 24e8 | e2d3 ff05 | 4159 c5fa | 2cfa 81ff | 0000 0080 | 750f 4883 | ec08 c5fa 

  0x0000018a5ebb3d3c: ;   {runtime_call StubRoutines (initial stubs)}
  0x0000018a5ebb3d3c: 1114 24e8 | c6d3 ff05 | 5fc5 fa2c | f381 fe00 | 0000 8075 | 0f48 83ec | 08c5 fa11 

  0x0000018a5ebb3d58: ;   {runtime_call StubRoutines (initial stubs)}
  0x0000018a5ebb3d58: 1c24 e8ab | d3ff 055e | 488b 9424 | 3801 0000 | 0f1f 8000 

  0x0000018a5ebb3d6c: ;   {optimized virtual_call}
  0x0000018a5ebb3d6c: 0000 00e8 

  0x0000018a5ebb3d70: ; ImmutableOopMap {[248]=Oop [312]=Oop }
                      ;*invokevirtual setSafe {reexecute=0 rethrow=0 return_oop=0}
                      ; - net.minecraft.client.renderer.ShaderInstance::parseUniformNode@286 (line 391)
  0x0000018a5ebb3d70: 0cad 0406 

  0x0000018a5ebb3d74: ;   {other}
  0x0000018a5ebb3d74: 0f1f 8400 | 643a 0016 

  0x0000018a5ebb3d7c: ;   {metadata(method data for {method} {0x0000018a1c6af018} 'parseUniformNode' '(Lcom/google/gson/JsonElement;)V' in 'net/minecraft/client/renderer/ShaderInstance')}
  0x0000018a5ebb3d7c: 49b8 d0b8 | cf4e 8a01 | 0000 41ff | 80d0 0500 | 0048 8b94 | 24f8 0000 | 008b 5220 | 48c1 e203 
  0x0000018a5ebb3d9c: ; implicit exception: dispatches to 0x0000018a5ebb56aa
  0x0000018a5ebb3d9c: 483b 024c 

  0x0000018a5ebb3da0: ;   {metadata(method data for {method} {0x0000018a1c6af018} 'parseUniformNode' '(Lcom/google/gson/JsonElement;)V' in 'net/minecraft/client/renderer/ShaderInstance')}
  0x0000018a5ebb3da0: 8bc2 48be | d0b8 cf4e | 8a01 0000 | 458b 4008 | 49ba 0000 | 0000 0800 | 0000 4d03 | c24c 3b86 
  0x0000018a5ebb3dc0: b006 0000 | 750d 4883 | 86b8 0600 | 0001 e960 | 0000 004c | 3b86 c006 | 0000 750d | 4883 86c8 
  0x0000018a5ebb3de0: 0600 0001 | e94a 0000 | 0048 83be | b006 0000 | 0075 174c | 8986 b006 | 0000 48c7 | 86b8 0600 
  0x0000018a5ebb3e00: 0001 0000 | 00e9 2900 | 0000 4883 | bec0 0600 | 0000 7517 | 4c89 86c0 | 0600 0048 | c786 c806 
  0x0000018a5ebb3e20: 0000 0100 | 0000 e908 | 0000 0048 | 8386 a006 | 0000 014c | 8b84 2438 | 0100 0066 | 9048 b838 
  0x0000018a5ebb3e40: 5905 0008 

  0x0000018a5ebb3e44: ;   {virtual_call}
  0x0000018a5ebb3e44: 0000 00e8 

  0x0000018a5ebb3e48: ; ImmutableOopMap {}
                      ;*invokeinterface add {reexecute=0 rethrow=0 return_oop=0}
                      ; - net.minecraft.client.renderer.ShaderInstance::parseUniformNode@342 (line 398)
  0x0000018a5ebb3e48: 74a3 7c06 

  0x0000018a5ebb3e4c: ;   {other}
  0x0000018a5ebb3e4c: 0f1f 8400 | 3c3b 0017 | 4881 c4c0 | 0100 005d 

  0x0000018a5ebb3e5c: ;   {poll_return}
  0x0000018a5ebb3e5c: 493b a748 | 0400 000f | 8746 1800 | 00c3 660f | 1f44 0000 

  0x0000018a5ebb3e70: ;   {no_reloc}
  0x0000018a5ebb3e70: e95f 1800 | 0000 0000 | 0000 498b | 87b8 0100 | 0048 8d78 | 2849 3bbf | c801 0000 | 0f87 4c18 
  0x0000018a5ebb3e90: 0000 4989 | bfb8 0100 | 0048 c700 | 0100 0000 | 488b ca49 | ba00 0000 | 0008 0000 | 0049 2bca 
  0x0000018a5ebb3eb0: 8948 0848 | 33c9 8948 | 0c48 33c9 | 4889 4810 | 4889 4818 | 4889 4820 

  0x0000018a5ebb3ec8: ;   {metadata('java/lang/StringBuilder')}
  0x0000018a5ebb3ec8: 48ba 4010 | 0500 0800 | 0000 4889 | 8424 5001 | 0000 498b | 87b8 0100 | 0048 8d78 | 1849 3bbf 
  0x0000018a5ebb3ee8: c801 0000 | 0f87 f917 | 0000 4989 | bfb8 0100 | 0048 c700 | 0100 0000 | 488b ca49 | ba00 0000 
  0x0000018a5ebb3f08: 0008 0000 | 0049 2bca | 8948 0848 | 33c9 8948 | 0c48 33c9 | 4889 4810 

  0x0000018a5ebb3f20: ;   {metadata(method data for {method} {0x0000018a001df190} 'checkLength' '(II)V' in 'java/util/Arrays')}
  0x0000018a5ebb3f20: 4c8b c048 | ba68 8638 | 008a 0100 | 0048 8382 | 3001 0000 

  0x0000018a5ebb3f34: ;   {metadata(method data for {method} {0x0000018a000d7688} '<init>' '()V' in 'java/lang/StringBuilder')}
  0x0000018a5ebb3f34: 0149 b840 | 5b33 008a | 0100 0041 | 8b90 cc00 | 0000 83c2 | 0241 8990 | cc00 0000 | 81e2 feff 
  0x0000018a5ebb3f54: 1f00 85d2 | 0f84 9a17 | 0000 4c8b 

  0x0000018a5ebb3f60: ;   {metadata(method data for {method} {0x0000018a000d7688} '<init>' '()V' in 'java/lang/StringBuilder')}
  0x0000018a5ebb3f60: c048 ba40 | 5b33 008a | 0100 0048 | 8382 1001 | 0000 0141 | b810 0000 | 0048 8bd0 | 4889 8424 
  0x0000018a5ebb3f80: 4801 0000 

  0x0000018a5ebb3f84: ;   {optimized virtual_call}
  0x0000018a5ebb3f84: 6666 90e8 

  0x0000018a5ebb3f88: ; ImmutableOopMap {[248]=Oop [280]=Oop [312]=Oop [328]=Oop [336]=Oop }
                      ;*invokespecial <init> {reexecute=0 rethrow=0 return_oop=0}
                      ; - java.lang.StringBuilder::<init>@3 (line 106)
                      ; - java.util.Arrays::checkLength@13 (line 3821)
                      ; - java.util.Arrays::copyOfRangeFloat@2 (line 4081)
                      ; - java.util.Arrays::copyOfRange@13 (line 4074)
                      ; - net.minecraft.client.renderer.ShaderInstance::parseUniformNode@330 (line 395)
  0x0000018a5ebb3f88: f4aa 0406 

  0x0000018a5ebb3f8c: ;   {other}
  0x0000018a5ebb3f8c: 0f1f 8400 | 7c3c 0018 | 488b 8424 | 4801 0000 

  0x0000018a5ebb3f9c: ;   {metadata(method data for {method} {0x0000018a001df190} 'checkLength' '(II)V' in 'java/util/Arrays')}
  0x0000018a5ebb3f9c: 49b8 6886 | 3800 8a01 | 0000 4983 | 8040 0100 

  0x0000018a5ebb3fac: ;   {metadata(method data for {method} {0x0000018a000d8150} 'append' '(I)Ljava/lang/StringBuilder;' in 'java/lang/StringBuilder')}
  0x0000018a5ebb3fac: 0001 49b8 | 106f 3300 | 8a01 0000 | 418b 90cc | 0000 0083 | c202 4189 | 90cc 0000 | 0081 e2fe 
  0x0000018a5ebb3fcc: ff1f 0085 | d20f 8442 | 1700 0048 | 8b84 2448 

  0x0000018a5ebb3fdc: ;   {metadata(method data for {method} {0x0000018a000d8150} 'append' '(I)Ljava/lang/StringBuilder;' in 'java/lang/StringBuilder')}
  0x0000018a5ebb3fdc: 0100 0049 | b810 6f33 | 008a 0100 | 0049 8380 | 1001 0000 | 0141 b800 | 0000 0048 | 8b94 2448 
  0x0000018a5ebb3ffc: ;   {optimized virtual_call}
  0x0000018a5ebb3ffc: 0100 00e8 

  0x0000018a5ebb4000: ; ImmutableOopMap {[248]=Oop [280]=Oop [312]=Oop [328]=Oop [336]=Oop }
                      ;*invokespecial append {reexecute=0 rethrow=0 return_oop=0}
                      ; - java.lang.StringBuilder::append@2 (line 253)
                      ; - java.util.Arrays::checkLength@17 (line 3821)
                      ; - java.util.Arrays::copyOfRangeFloat@2 (line 4081)
                      ; - java.util.Arrays::copyOfRange@13 (line 4074)
                      ; - net.minecraft.client.renderer.ShaderInstance::parseUniformNode@330 (line 395)
  0x0000018a5ebb4000: 7caa 0406 

  0x0000018a5ebb4004: ;   {other}
  0x0000018a5ebb4004: 0f1f 8400 | f43c 0019 | 488b 8424 | 4801 0000 

  0x0000018a5ebb4014: ;   {metadata(method data for {method} {0x0000018a001df190} 'checkLength' '(II)V' in 'java/util/Arrays')}
  0x0000018a5ebb4014: 49b8 6886 | 3800 8a01 | 0000 4983 | 8078 0100 

  0x0000018a5ebb4024: ;   {metadata(method data for {method} {0x0000018a000d7b20} 'append' '(Ljava/lang/String;)Ljava/lang/StringBuilder;' in 'java/lang/StringBuilder')}
  0x0000018a5ebb4024: 0001 49b8 | 7862 3300 | 8a01 0000 | 418b 90cc | 0000 0083 | c202 4189 | 90cc 0000 | 0081 e2fe 
  0x0000018a5ebb4044: ff1f 0085 | d20f 84eb | 1600 0048 | 8b84 2448 

  0x0000018a5ebb4054: ;   {metadata(method data for {method} {0x0000018a000d7b20} 'append' '(Ljava/lang/String;)Ljava/lang/StringBuilder;' in 'java/lang/StringBuilder')}
  0x0000018a5ebb4054: 0100 0049 | b878 6233 | 008a 0100 | 0049 8380 | 1001 0000 

  0x0000018a5ebb4068: ;   {oop(" > "{0x00000004edd93570})}
  0x0000018a5ebb4068: 0149 b870 | 35d9 ed04 | 0000 0048 | 8b94 2448 | 0100 000f 

  0x0000018a5ebb407c: ;   {optimized virtual_call}
  0x0000018a5ebb407c: 1f40 00e8 

  0x0000018a5ebb4080: ; ImmutableOopMap {[248]=Oop [280]=Oop [312]=Oop [328]=Oop [336]=Oop }
                      ;*invokespecial append {reexecute=0 rethrow=0 return_oop=0}
                      ; - java.lang.StringBuilder::append@2 (line 179)
                      ; - java.util.Arrays::checkLength@23 (line 3821)
                      ; - java.util.Arrays::copyOfRangeFloat@2 (line 4081)
                      ; - java.util.Arrays::copyOfRange@13 (line 4074)
                      ; - net.minecraft.client.renderer.ShaderInstance::parseUniformNode@330 (line 395)
  0x0000018a5ebb4080: fca9 0406 

  0x0000018a5ebb4084: ;   {other}
  0x0000018a5ebb4084: 0f1f 8400 | 743d 001a | 488b 8424 | 4801 0000 

  0x0000018a5ebb4094: ;   {metadata(method data for {method} {0x0000018a001df190} 'checkLength' '(II)V' in 'java/util/Arrays')}
  0x0000018a5ebb4094: 49b8 6886 | 3800 8a01 | 0000 4983 | 80b0 0100 

  0x0000018a5ebb40a4: ;   {metadata(method data for {method} {0x0000018a000d8150} 'append' '(I)Ljava/lang/StringBuilder;' in 'java/lang/StringBuilder')}
  0x0000018a5ebb40a4: 0001 49b8 | 106f 3300 | 8a01 0000 | 418b 90cc | 0000 0083 | c202 4189 | 90cc 0000 | 0081 e2fe 
  0x0000018a5ebb40c4: ff1f 0085 | d20f 848c | 1600 0048 | 8b84 2448 

  0x0000018a5ebb40d4: ;   {metadata(method data for {method} {0x0000018a000d8150} 'append' '(I)Ljava/lang/StringBuilder;' in 'java/lang/StringBuilder')}
  0x0000018a5ebb40d4: 0100 0049 | b810 6f33 | 008a 0100 | 0049 8380 | 1001 0000 | 0144 8b84 | 2414 0100 | 0048 8b94 
  0x0000018a5ebb40f4: 2448 0100 | 0066 0f1f 

  0x0000018a5ebb40fc: ;   {optimized virtual_call}
  0x0000018a5ebb40fc: 4400 00e8 

  0x0000018a5ebb4100: ; ImmutableOopMap {[248]=Oop [280]=Oop [312]=Oop [328]=Oop [336]=Oop }
                      ;*invokespecial append {reexecute=0 rethrow=0 return_oop=0}
                      ; - java.lang.StringBuilder::append@2 (line 253)
                      ; - java.util.Arrays::checkLength@27 (line 3821)
                      ; - java.util.Arrays::copyOfRangeFloat@2 (line 4081)
                      ; - java.util.Arrays::copyOfRange@13 (line 4074)
                      ; - net.minecraft.client.renderer.ShaderInstance::parseUniformNode@330 (line 395)
  0x0000018a5ebb4100: 7ca9 0406 

  0x0000018a5ebb4104: ;   {other}
  0x0000018a5ebb4104: 0f1f 8400 | f43d 001b | 488b 8424 | 4801 0000 

  0x0000018a5ebb4114: ;   {metadata(method data for {method} {0x0000018a001df190} 'checkLength' '(II)V' in 'java/util/Arrays')}
  0x0000018a5ebb4114: 48ba 6886 | 3800 8a01 | 0000 4883 | 82e8 0100 

  0x0000018a5ebb4124: ;   {metadata(method data for {method} {0x0000018a000d9620} 'toString' '()Ljava/lang/String;' in 'java/lang/StringBuilder')}
  0x0000018a5ebb4124: 0001 48ba | e072 3300 | 8a01 0000 | 8bb2 cc00 | 0000 83c6 | 0289 b2cc | 0000 0081 | e6fe ff1f 
  0x0000018a5ebb4144: 0085 f60f | 842f 1600 

  0x0000018a5ebb414c: ;   {metadata('java/lang/String')}
  0x0000018a5ebb414c: 0048 bad0 | 1c04 0008 | 0000 0049 | 8b87 b801 | 0000 488d | 7818 493b | bfc8 0100 | 000f 872e 
  0x0000018a5ebb416c: 1600 0049 | 89bf b801 | 0000 48c7 | 0001 0000 | 0048 8bca | 49ba 0000 | 0000 0800 | 0000 492b 
  0x0000018a5ebb418c: ca89 4808 | 4833 c989 | 480c 4833 | c948 8948 | 104c 8bc0 

  0x0000018a5ebb41a0: ;   {metadata(method data for {method} {0x0000018a000d9620} 'toString' '()Ljava/lang/String;' in 'java/lang/StringBuilder')}
  0x0000018a5ebb41a0: 49b9 e072 | 3300 8a01 | 0000 4983 | 8110 0100 

  0x0000018a5ebb41b0: ;   {metadata(method data for {method} {0x0000018a0000a650} '<init>' '(Ljava/lang/StringBuilder;)V' in 'java/lang/String')}
  0x0000018a5ebb41b0: 0001 49b8 | 2874 3300 | 8a01 0000 | 458b 88cc | 0000 0041 | 83c1 0245 | 8988 cc00 | 0000 4181 
  0x0000018a5ebb41d0: e1fe ff1f | 0045 85c9 | 0f84 cc15 | 0000 4c8b 

  0x0000018a5ebb41e0: ;   {metadata(method data for {method} {0x0000018a0000a650} '<init>' '(Ljava/lang/StringBuilder;)V' in 'java/lang/String')}
  0x0000018a5ebb41e0: c049 b928 | 7433 008a | 0100 0049 | 8381 1001 | 0000 014c | 8b84 2448 

  0x0000018a5ebb41f8: ;   {oop(nullptr)}
  0x0000018a5ebb41f8: 0100 0049 | b900 0000 | 0000 0000 | 0048 8bd0 | 4889 8424 | 5801 0000 | 0f1f 8000 

  0x0000018a5ebb4214: ;   {optimized virtual_call}
  0x0000018a5ebb4214: 0000 00e8 

  0x0000018a5ebb4218: ; ImmutableOopMap {[248]=Oop [280]=Oop [312]=Oop [336]=Oop [344]=Oop }
                      ;*invokespecial <init> {reexecute=0 rethrow=0 return_oop=0}
                      ; - java.lang.String::<init>@3 (line 1507)
                      ; - java.lang.StringBuilder::toString@5 (line 475)
                      ; - java.util.Arrays::checkLength@30 (line 3821)
                      ; - java.util.Arrays::copyOfRangeFloat@2 (line 4081)
                      ; - java.util.Arrays::copyOfRange@13 (line 4074)
                      ; - net.minecraft.client.renderer.ShaderInstance::parseUniformNode@330 (line 395)
  0x0000018a5ebb4218: 64a8 0406 

  0x0000018a5ebb421c: ;   {other}
  0x0000018a5ebb421c: 0f1f 8400 | 0c3f 001c | 488b 8424 | 5001 0000 

  0x0000018a5ebb422c: ;   {metadata(method data for {method} {0x0000018a001df190} 'checkLength' '(II)V' in 'java/util/Arrays')}
  0x0000018a5ebb422c: 49b8 6886 | 3800 8a01 | 0000 4983 | 8020 0200 | 0001 4c8b | 8424 5801 | 0000 488b | 9424 5001 
  0x0000018a5ebb424c: ;   {optimized virtual_call}
  0x0000018a5ebb424c: 0000 90e8 

  0x0000018a5ebb4250: ; ImmutableOopMap {[248]=Oop [280]=Oop [312]=Oop [336]=Oop }
                      ;*invokespecial <init> {reexecute=0 rethrow=0 return_oop=0}
                      ; - java.util.Arrays::checkLength@33 (line 3821)
                      ; - java.util.Arrays::copyOfRangeFloat@2 (line 4081)
                      ; - java.util.Arrays::copyOfRange@13 (line 4074)
                      ; - net.minecraft.client.renderer.ShaderInstance::parseUniformNode@330 (line 395)
  0x0000018a5ebb4250: 2ca8 0406 

  0x0000018a5ebb4254: ;   {other}
  0x0000018a5ebb4254: 0f1f 8400 | 443f 001d | 488b 8424 | 5001 0000 | e933 1800 | 004c 8bc8 | 0f1f 4000 

  0x0000018a5ebb4270: ;   {no_reloc}
  0x0000018a5ebb4270: e965 1500 | 0000 0000 | 0000 80ba | 2101 0000 | 040f 8562 | 1500 0049 | 8b87 b801 | 0000 488d 
  0x0000018a5ebb4290: 7830 493b | bfc8 0100 | 000f 874a | 1500 0049 | 89bf b801 | 0000 48c7 | 0001 0000 | 0048 8bca 
  0x0000018a5ebb42b0: 49ba 0000 | 0000 0800 | 0000 492b | ca89 4808 | 4833 c989 | 480c 4833 | c948 8948 | 1048 8948 
  0x0000018a5ebb42d0: 1848 8948 | 2048 8948 | 2849 8bd1 

  0x0000018a5ebb42dc: ;   {metadata(method data for {method} {0x0000018a1c6af018} 'parseUniformNode' '(Lcom/google/gson/JsonElement;)V' in 'net/minecraft/client/renderer/ShaderInstance')}
  0x0000018a5ebb42dc: 48be d0b8 | cf4e 8a01 | 0000 4883 | 8630 0200 

  0x0000018a5ebb42ec: ;   {metadata(method data for {method} {0x0000018a01eb22e0} 'size' '()I' in 'com/google/gson/JsonArray')}
  0x0000018a5ebb42ec: 0001 48ba | 3018 8f22 | 8a01 0000 | 8bb2 cc00 | 0000 83c6 | 0289 b2cc | 0000 0081 | e6fe ff1f 
  0x0000018a5ebb430c: 0085 f60f | 84e1 1400 

  0x0000018a5ebb4314: ;   {metadata(method data for {method} {0x0000018a01eb22e0} 'size' '()I' in 'com/google/gson/JsonArray')}
  0x0000018a5ebb4314: 0048 ba30 | 188f 228a | 0100 008b | 5b08 49ba | 0000 0000 | 0800 0000 | 4903 da48 | 3b9a 2001 
  0x0000018a5ebb4334: 0000 750d | 4883 8228 | 0100 0001 | e960 0000 | 0048 3b9a | 3001 0000 | 750d 4883 | 8238 0100 
  0x0000018a5ebb4354: 0001 e94a | 0000 0048 | 83ba 2001 | 0000 0075 | 1748 899a | 2001 0000 | 48c7 8228 | 0100 0001 
  0x0000018a5ebb4374: 0000 00e9 | 2900 0000 | 4883 ba30 | 0100 0000 | 7517 4889 | 9a30 0100 | 0048 c782 | 3801 0000 
  0x0000018a5ebb4394: 0100 0000 | e908 0000 | 0048 8382 | 1001 0000 | 0166 6690 

  0x0000018a5ebb43a8: ;   {no_reloc}
  0x0000018a5ebb43a8: e979 1400 | 0090 9090 | 9090 8b94 | 2414 0100 | 0048 8984 | 2460 0100 | 0066 0f1f 

  0x0000018a5ebb43c4: ;   {static_call}
  0x0000018a5ebb43c4: 4400 00e8 

  0x0000018a5ebb43c8: ; ImmutableOopMap {[352]=Oop }
                      ;*invokedynamic {reexecute=0 rethrow=0 return_oop=0}
                      ; - net.minecraft.client.renderer.ShaderInstance::parseUniformNode@87 (line 365)
  0x0000018a5ebb43c8: b4ac 0406 

  0x0000018a5ebb43cc: ;   {other}
  0x0000018a5ebb43cc: 0f1f 8400 | bc40 001e 

  0x0000018a5ebb43d4: ;   {metadata(method data for {method} {0x0000018a1c6af018} 'parseUniformNode' '(Lcom/google/gson/JsonElement;)V' in 'net/minecraft/client/renderer/ShaderInstance')}
  0x0000018a5ebb43d4: 49b8 d0b8 | cf4e 8a01 | 0000 4d8d | 8078 0200 | 0048 85c0 | 750b 41f6 | 0001 7505 | f049 8308 
  0x0000018a5ebb43f4: 014c 8b84 | 2460 0100 

  0x0000018a5ebb43fc: ;   {metadata(method data for {method} {0x0000018a1c6af018} 'parseUniformNode' '(Lcom/google/gson/JsonElement;)V' in 'net/minecraft/client/renderer/ShaderInstance')}
  0x0000018a5ebb43fc: 0048 bad0 | b8cf 4e8a | 0100 0048 | 8382 8802 | 0000 014c | 8bc0 488b | 9424 6001 | 0000 0f1f 
  0x0000018a5ebb441c: ;   {optimized virtual_call}
  0x0000018a5ebb441c: 4400 00e8 

  0x0000018a5ebb4420: ; ImmutableOopMap {[352]=Oop }
                      ;*invokespecial <init> {reexecute=0 rethrow=0 return_oop=0}
                      ; - net.minecraft.client.renderer.ShaderInstance::parseUniformNode@92 (line 365)
  0x0000018a5ebb4420: 5ca6 0406 

  0x0000018a5ebb4424: ;   {other}
  0x0000018a5ebb4424: 0f1f 8400 | 1441 001f | 488b 8424 | 6001 0000 | e963 1600 | 000f 1f80 | 0000 0000 

  0x0000018a5ebb4440: ;   {no_reloc}
  0x0000018a5ebb4440: e9fa 1300 | 0000 0000 | 0000 80ba | 2101 0000 | 040f 85f7 | 1300 0049 | 8b87 b801 | 0000 488d 
  0x0000018a5ebb4460: 7828 493b | bfc8 0100 | 000f 87df | 1300 0049 | 89bf b801 | 0000 48c7 | 0001 0000 | 0048 8bca 
  0x0000018a5ebb4480: 49ba 0000 | 0000 0800 | 0000 492b | ca89 4808 | 4833 c989 | 480c 4833 | c948 8948 | 1048 8948 
  0x0000018a5ebb44a0: 1848 8948 

  0x0000018a5ebb44a4: ;   {metadata(method data for {method} {0x0000018a032bd1a0} 'convertToJsonArray' '(Lcom/google/gson/JsonElement;Ljava/lang/String;)Lcom/google/gson/JsonArray;' in 'net/minecraft/util/GsonHelper')}
  0x0000018a5ebb44a4: 2048 ba28 | e194 228a | 0100 0048 | 8382 a001 | 0000 0148 | 8bd3 4889 | 8424 6801 | 0000 0f1f 
  0x0000018a5ebb44c4: ;   {static_call}
  0x0000018a5ebb44c4: 4400 00e8 

  0x0000018a5ebb44c8: ; ImmutableOopMap {[248]=Oop [264]=Oop [280]=Oop [360]=Oop }
                      ;*invokestatic getType {reexecute=0 rethrow=0 return_oop=0}
                      ; - net.minecraft.util.GsonHelper::convertToJsonArray@18 (line 440)
                      ; - net.minecraft.util.GsonHelper::getAsJsonArray@14 (line 446)
                      ; - net.minecraft.client.renderer.ShaderInstance::parseUniformNode@52 (line 363)
  0x0000018a5ebb44c8: b4ab 0406 

  0x0000018a5ebb44cc: ;   {other}
  0x0000018a5ebb44cc: 0f1f 8400 | bc41 0020 | 0f1f 4000 

  0x0000018a5ebb44d8: ;   {no_reloc}
  0x0000018a5ebb44d8: e98d 1300 | 0090 9090 

  0x0000018a5ebb44e0: ;   {oop("values"{0x00000004eda65540})}
  0x0000018a5ebb44e0: 9090 48ba | 4055 a6ed | 0400 0000 

  0x0000018a5ebb44ec: ;   {static_call}
  0x0000018a5ebb44ec: 4c8b c0e8 

  0x0000018a5ebb44f0: ; ImmutableOopMap {[248]=Oop [264]=Oop [280]=Oop [360]=Oop }
                      ;*invokedynamic {reexecute=0 rethrow=0 return_oop=0}
                      ; - net.minecraft.util.GsonHelper::convertToJsonArray@21 (line 440)
                      ; - net.minecraft.util.GsonHelper::getAsJsonArray@14 (line 446)
                      ; - net.minecraft.client.renderer.ShaderInstance::parseUniformNode@52 (line 363)
  0x0000018a5ebb44f0: 8cab 0406 

  0x0000018a5ebb44f4: ;   {other}
  0x0000018a5ebb44f4: 0f1f 8400 | e441 0021 

  0x0000018a5ebb44fc: ;   {metadata(method data for {method} {0x0000018a032bd1a0} 'convertToJsonArray' '(Lcom/google/gson/JsonElement;Ljava/lang/String;)Lcom/google/gson/JsonArray;' in 'net/minecraft/util/GsonHelper')}
  0x0000018a5ebb44fc: 49b8 28e1 | 9422 8a01 | 0000 4d8d | 80e0 0100 | 0048 85c0 | 750b 41f6 | 0001 7505 | f049 8308 
  0x0000018a5ebb451c: 014c 8b84 | 2468 0100 

  0x0000018a5ebb4524: ;   {metadata(method data for {method} {0x0000018a032bd1a0} 'convertToJsonArray' '(Lcom/google/gson/JsonElement;Ljava/lang/String;)Lcom/google/gson/JsonArray;' in 'net/minecraft/util/GsonHelper')}
  0x0000018a5ebb4524: 0048 ba28 | e194 228a | 0100 0048 | 8382 f001 | 0000 014c | 8bc0 488b | 9424 6801 | 0000 0f1f 
  0x0000018a5ebb4544: ;   {optimized virtual_call}
  0x0000018a5ebb4544: 4400 00e8 

  0x0000018a5ebb4548: ; ImmutableOopMap {[248]=Oop [264]=Oop [280]=Oop [360]=Oop }
                      ;*invokespecial <init> {reexecute=0 rethrow=0 return_oop=0}
                      ; - net.minecraft.util.GsonHelper::convertToJsonArray@26 (line 440)
                      ; - net.minecraft.util.GsonHelper::getAsJsonArray@14 (line 446)
                      ; - net.minecraft.client.renderer.ShaderInstance::parseUniformNode@52 (line 363)
  0x0000018a5ebb4548: 34a5 0406 

  0x0000018a5ebb454c: ;   {other}
  0x0000018a5ebb454c: 0f1f 8400 | 3c42 0022 | 488b 8424 | 6801 0000 | e93b 1500 | 000f 1f80 | 0000 0000 

  0x0000018a5ebb4568: ;   {no_reloc}
  0x0000018a5ebb4568: e916 1300 | 0000 0000 | 0000 80ba | 2101 0000 | 040f 8513 | 1300 0049 | 8b87 b801 | 0000 488d 
  0x0000018a5ebb4588: 7828 493b | bfc8 0100 | 000f 87fb | 1200 0049 | 89bf b801 | 0000 48c7 | 0001 0000 | 0048 8bca 
  0x0000018a5ebb45a8: 49ba 0000 | 0000 0800 | 0000 492b | ca89 4808 | 4833 c989 | 480c 4833 | c948 8948 | 1048 8948 
  0x0000018a5ebb45c8: 1848 8948 | 2066 6690 

  0x0000018a5ebb45d0: ;   {no_reloc}
  0x0000018a5ebb45d0: e9d9 1200 | 0090 9090 

  0x0000018a5ebb45d8: ;   {oop("values"{0x00000004eda65540})}
  0x0000018a5ebb45d8: 9090 48ba | 4055 a6ed | 0400 0000 | 4889 8424 | 7001 0000 

  0x0000018a5ebb45ec: ;   {static_call}
  0x0000018a5ebb45ec: 6666 90e8 

  0x0000018a5ebb45f0: ; ImmutableOopMap {[248]=Oop [264]=Oop [280]=Oop [368]=Oop }
                      ;*invokedynamic {reexecute=0 rethrow=0 return_oop=0}
                      ; - net.minecraft.util.GsonHelper::getAsJsonArray@23 (line 448)
                      ; - net.minecraft.client.renderer.ShaderInstance::parseUniformNode@52 (line 363)
  0x0000018a5ebb45f0: 8caa 0406 

  0x0000018a5ebb45f4: ;   {other}
  0x0000018a5ebb45f4: 0f1f 8400 | e442 0023 

  0x0000018a5ebb45fc: ;   {metadata(method data for {method} {0x0000018a032bd288} 'getAsJsonArray' '(Lcom/google/gson/JsonObject;Ljava/lang/String;)Lcom/google/gson/JsonArray;' in 'net/minecraft/util/GsonHelper')}
  0x0000018a5ebb45fc: 49b8 88f6 | 9c22 8a01 | 0000 4d8d | 80d0 0100 | 0048 85c0 | 750b 41f6 | 0001 7505 | f049 8308 
  0x0000018a5ebb461c: 014c 8b84 | 2470 0100 

  0x0000018a5ebb4624: ;   {metadata(method data for {method} {0x0000018a032bd288} 'getAsJsonArray' '(Lcom/google/gson/JsonObject;Ljava/lang/String;)Lcom/google/gson/JsonArray;' in 'net/minecraft/util/GsonHelper')}
  0x0000018a5ebb4624: 0048 ba88 | f69c 228a | 0100 0048 | 8382 e001 | 0000 014c | 8bc0 488b | 9424 7001 | 0000 0f1f 
  0x0000018a5ebb4644: ;   {optimized virtual_call}
  0x0000018a5ebb4644: 4400 00e8 

  0x0000018a5ebb4648: ; ImmutableOopMap {[248]=Oop [264]=Oop [280]=Oop [368]=Oop }
                      ;*invokespecial <init> {reexecute=0 rethrow=0 return_oop=0}
                      ; - net.minecraft.util.GsonHelper::getAsJsonArray@28 (line 448)
                      ; - net.minecraft.client.renderer.ShaderInstance::parseUniformNode@52 (line 363)
  0x0000018a5ebb4648: 34a4 0406 

  0x0000018a5ebb464c: ;   {other}
  0x0000018a5ebb464c: 0f1f 8400 | 3c43 0024 | 488b 8424 | 7001 0000 | e93b 1400 | 000f 1f80 | 0000 0000 

  0x0000018a5ebb4668: ;   {no_reloc}
  0x0000018a5ebb4668: e95a 1200 | 0000 0000 | 0000 80ba | 2101 0000 | 040f 8557 | 1200 0049 | 8b87 b801 | 0000 488d 
  0x0000018a5ebb4688: 7828 493b | bfc8 0100 | 000f 873f | 1200 0049 | 89bf b801 | 0000 48c7 | 0001 0000 | 0048 8bca 
  0x0000018a5ebb46a8: 49ba 0000 | 0000 0800 | 0000 492b | ca89 4808 | 4833 c989 | 480c 4833 | c948 8948 | 1048 8948 
  0x0000018a5ebb46c8: 1848 8948 | 2066 6690 

  0x0000018a5ebb46d0: ;   {no_reloc}
  0x0000018a5ebb46d0: e91d 1200 | 0090 9090 

  0x0000018a5ebb46d8: ;   {oop("count"{0x00000004eda1f138})}
  0x0000018a5ebb46d8: 9090 48ba | 38f1 a1ed | 0400 0000 | 4889 8424 | 7801 0000 

  0x0000018a5ebb46ec: ;   {static_call}
  0x0000018a5ebb46ec: 6666 90e8 

  0x0000018a5ebb46f0: ; ImmutableOopMap {[248]=Oop [256]=Oop [264]=Oop [376]=Oop }
                      ;*invokedynamic {reexecute=0 rethrow=0 return_oop=0}
                      ; - net.minecraft.util.GsonHelper::getAsInt@23 (line 278)
                      ; - net.minecraft.client.renderer.ShaderInstance::parseUniformNode@32 (line 361)
  0x0000018a5ebb46f0: 8ca9 0406 

  0x0000018a5ebb46f4: ;   {other}
  0x0000018a5ebb46f4: 0f1f 8400 | e443 0025 

  0x0000018a5ebb46fc: ;   {metadata(method data for {method} {0x0000018a032bbec0} 'getAsInt' '(Lcom/google/gson/JsonObject;Ljava/lang/String;)I' in 'net/minecraft/util/GsonHelper')}
  0x0000018a5ebb46fc: 49b8 082d | f822 8a01 | 0000 4d8d | 80d0 0100 | 0048 85c0 | 750b 41f6 | 0001 7505 | f049 8308 
  0x0000018a5ebb471c: 014c 8b84 | 2478 0100 

  0x0000018a5ebb4724: ;   {metadata(method data for {method} {0x0000018a032bbec0} 'getAsInt' '(Lcom/google/gson/JsonObject;Ljava/lang/String;)I' in 'net/minecraft/util/GsonHelper')}
  0x0000018a5ebb4724: 0048 ba08 | 2df8 228a | 0100 0048 | 8382 e001 | 0000 014c | 8bc0 488b | 9424 7801 | 0000 0f1f 
  0x0000018a5ebb4744: ;   {optimized virtual_call}
  0x0000018a5ebb4744: 4400 00e8 

  0x0000018a5ebb4748: ; ImmutableOopMap {[248]=Oop [256]=Oop [264]=Oop [376]=Oop }
                      ;*invokespecial <init> {reexecute=0 rethrow=0 return_oop=0}
                      ; - net.minecraft.util.GsonHelper::getAsInt@28 (line 278)
                      ; - net.minecraft.client.renderer.ShaderInstance::parseUniformNode@32 (line 361)
  0x0000018a5ebb4748: 34a3 0406 

  0x0000018a5ebb474c: ;   {other}
  0x0000018a5ebb474c: 0f1f 8400 | 3c44 0026 | 488b 8424 | 7801 0000 | e93b 1300 | 000f 1f80 | 0000 0000 

  0x0000018a5ebb4768: ;   {no_reloc}
  0x0000018a5ebb4768: e99e 1100 | 0000 0000 | 0000 80ba | 2101 0000 | 040f 859b | 1100 0049 | 8b87 b801 | 0000 488d 
  0x0000018a5ebb4788: 7828 493b | bfc8 0100 | 000f 8783 | 1100 0049 | 89bf b801 | 0000 48c7 | 0001 0000 | 0048 8bca 
  0x0000018a5ebb47a8: 49ba 0000 | 0000 0800 | 0000 492b | ca89 4808 | 4833 c989 | 480c 4833 | c948 8948 | 1048 8948 
  0x0000018a5ebb47c8: 1848 8948 

  0x0000018a5ebb47cc: ;   {metadata(method data for {method} {0x0000018a032bac78} 'convertToString' '(Lcom/google/gson/JsonElement;Ljava/lang/String;)Ljava/lang/String;' in 'net/minecraft/util/GsonHelper')}
  0x0000018a5ebb47cc: 2048 ba20 | 9164 1c8a | 0100 0048 | 8382 a001 | 0000 0148 | 8bd3 4889 | 8424 8001 | 0000 0f1f 
  0x0000018a5ebb47ec: ;   {static_call}
  0x0000018a5ebb47ec: 4400 00e8 

  0x0000018a5ebb47f0: ; ImmutableOopMap {[248]=Oop [256]=Oop [264]=Oop [384]=Oop }
                      ;*invokestatic getType {reexecute=0 rethrow=0 return_oop=0}
                      ; - net.minecraft.util.GsonHelper::convertToString@18 (line 120)
                      ; - net.minecraft.util.GsonHelper::getAsString@14 (line 126)
                      ; - net.minecraft.client.renderer.ShaderInstance::parseUniformNode@20 (line 360)
  0x0000018a5ebb47f0: 8ca8 0406 

  0x0000018a5ebb47f4: ;   {other}
  0x0000018a5ebb47f4: 0f1f 8400 | e444 0027 | 0f1f 4000 

  0x0000018a5ebb4800: ;   {no_reloc}
  0x0000018a5ebb4800: e931 1100 | 0090 9090 

  0x0000018a5ebb4808: ;   {oop("type"{0x00000004dc433bf0})}
  0x0000018a5ebb4808: 9090 48ba | f03b 43dc | 0400 0000 

  0x0000018a5ebb4814: ;   {static_call}
  0x0000018a5ebb4814: 4c8b c0e8 

  0x0000018a5ebb4818: ; ImmutableOopMap {[248]=Oop [256]=Oop [264]=Oop [384]=Oop }
                      ;*invokedynamic {reexecute=0 rethrow=0 return_oop=0}
                      ; - net.minecraft.util.GsonHelper::convertToString@21 (line 120)
                      ; - net.minecraft.util.GsonHelper::getAsString@14 (line 126)
                      ; - net.minecraft.client.renderer.ShaderInstance::parseUniformNode@20 (line 360)
  0x0000018a5ebb4818: 64a8 0406 

  0x0000018a5ebb481c: ;   {other}
  0x0000018a5ebb481c: 0f1f 8400 | 0c45 0028 

  0x0000018a5ebb4824: ;   {metadata(method data for {method} {0x0000018a032bac78} 'convertToString' '(Lcom/google/gson/JsonElement;Ljava/lang/String;)Ljava/lang/String;' in 'net/minecraft/util/GsonHelper')}
  0x0000018a5ebb4824: 49b8 2091 | 641c 8a01 | 0000 4d8d | 80e0 0100 | 0048 85c0 | 750b 41f6 | 0001 7505 | f049 8308 
  0x0000018a5ebb4844: 014c 8b84 | 2480 0100 

  0x0000018a5ebb484c: ;   {metadata(method data for {method} {0x0000018a032bac78} 'convertToString' '(Lcom/google/gson/JsonElement;Ljava/lang/String;)Ljava/lang/String;' in 'net/minecraft/util/GsonHelper')}
  0x0000018a5ebb484c: 0048 ba20 | 9164 1c8a | 0100 0048 | 8382 f001 | 0000 014c | 8bc0 488b | 9424 8001 | 0000 0f1f 
  0x0000018a5ebb486c: ;   {optimized virtual_call}
  0x0000018a5ebb486c: 4400 00e8 

  0x0000018a5ebb4870: ; ImmutableOopMap {[248]=Oop [256]=Oop [264]=Oop [384]=Oop }
                      ;*invokespecial <init> {reexecute=0 rethrow=0 return_oop=0}
                      ; - net.minecraft.util.GsonHelper::convertToString@26 (line 120)
                      ; - net.minecraft.util.GsonHelper::getAsString@14 (line 126)
                      ; - net.minecraft.client.renderer.ShaderInstance::parseUniformNode@20 (line 360)
  0x0000018a5ebb4870: 0ca2 0406 

  0x0000018a5ebb4874: ;   {other}
  0x0000018a5ebb4874: 0f1f 8400 | 6445 0029 | 488b 8424 | 8001 0000 | e913 1200 | 000f 1f80 | 0000 0000 

  0x0000018a5ebb4890: ;   {no_reloc}
  0x0000018a5ebb4890: e9ba 1000 | 0000 0000 | 0000 80ba | 2101 0000 | 040f 85b7 | 1000 0049 | 8b87 b801 | 0000 488d 
  0x0000018a5ebb48b0: 7828 493b | bfc8 0100 | 000f 879f | 1000 0049 | 89bf b801 | 0000 48c7 | 0001 0000 | 0048 8bca 
  0x0000018a5ebb48d0: 49ba 0000 | 0000 0800 | 0000 492b | ca89 4808 | 4833 c989 | 480c 4833 | c948 8948 | 1048 8948 
  0x0000018a5ebb48f0: 1848 8948 | 2066 6690 

  0x0000018a5ebb48f8: ;   {no_reloc}
  0x0000018a5ebb48f8: e97d 1000 | 0090 9090 

  0x0000018a5ebb4900: ;   {oop("type"{0x00000004dc433bf0})}
  0x0000018a5ebb4900: 9090 48ba | f03b 43dc | 0400 0000 | 4889 8424 | 8801 0000 

  0x0000018a5ebb4914: ;   {static_call}
  0x0000018a5ebb4914: 6666 90e8 

  0x0000018a5ebb4918: ; ImmutableOopMap {[248]=Oop [256]=Oop [264]=Oop [392]=Oop }
                      ;*invokedynamic {reexecute=0 rethrow=0 return_oop=0}
                      ; - net.minecraft.util.GsonHelper::getAsString@23 (line 128)
                      ; - net.minecraft.client.renderer.ShaderInstance::parseUniformNode@20 (line 360)
  0x0000018a5ebb4918: 64a7 0406 

  0x0000018a5ebb491c: ;   {other}
  0x0000018a5ebb491c: 0f1f 8400 | 0c46 002a 

  0x0000018a5ebb4924: ;   {metadata(method data for {method} {0x0000018a032bad60} 'getAsString' '(Lcom/google/gson/JsonObject;Ljava/lang/String;)Ljava/lang/String;' in 'net/minecraft/util/GsonHelper')}
  0x0000018a5ebb4924: 49b8 68e1 | 7a1c 8a01 | 0000 4d8d | 80d0 0100 | 0048 85c0 | 750b 41f6 | 0001 7505 | f049 8308 
  0x0000018a5ebb4944: 014c 8b84 | 2488 0100 

  0x0000018a5ebb494c: ;   {metadata(method data for {method} {0x0000018a032bad60} 'getAsString' '(Lcom/google/gson/JsonObject;Ljava/lang/String;)Ljava/lang/String;' in 'net/minecraft/util/GsonHelper')}
  0x0000018a5ebb494c: 0048 ba68 | e17a 1c8a | 0100 0048 | 8382 e001 | 0000 014c | 8bc0 488b | 9424 8801 | 0000 0f1f 
  0x0000018a5ebb496c: ;   {optimized virtual_call}
  0x0000018a5ebb496c: 4400 00e8 

  0x0000018a5ebb4970: ; ImmutableOopMap {[248]=Oop [256]=Oop [264]=Oop [392]=Oop }
                      ;*invokespecial <init> {reexecute=0 rethrow=0 return_oop=0}
                      ; - net.minecraft.util.GsonHelper::getAsString@28 (line 128)
                      ; - net.minecraft.client.renderer.ShaderInstance::parseUniformNode@20 (line 360)
  0x0000018a5ebb4970: 0ca1 0406 

  0x0000018a5ebb4974: ;   {other}
  0x0000018a5ebb4974: 0f1f 8400 | 6446 002b | 488b 8424 | 8801 0000 | e913 1100 | 000f 1f80 | 0000 0000 

  0x0000018a5ebb4990: ;   {no_reloc}
  0x0000018a5ebb4990: e9fe 0f00 | 0000 0000 | 0000 80ba | 2101 0000 | 040f 85fb | 0f00 0049 | 8b87 b801 | 0000 488d 
  0x0000018a5ebb49b0: 7828 493b | bfc8 0100 | 000f 87e3 | 0f00 0049 | 89bf b801 | 0000 48c7 | 0001 0000 | 0048 8bca 
  0x0000018a5ebb49d0: 49ba 0000 | 0000 0800 | 0000 492b | ca89 4808 | 4833 c989 | 480c 4833 | c948 8948 | 1048 8948 
  0x0000018a5ebb49f0: 1848 8948 

  0x0000018a5ebb49f4: ;   {metadata(method data for {method} {0x0000018a032bac78} 'convertToString' '(Lcom/google/gson/JsonElement;Ljava/lang/String;)Ljava/lang/String;' in 'net/minecraft/util/GsonHelper')}
  0x0000018a5ebb49f4: 2048 ba20 | 9164 1c8a | 0100 0048 | 8382 a001 | 0000 0148 | 8bd3 4889 | 8424 9001 | 0000 0f1f 
  0x0000018a5ebb4a14: ;   {static_call}
  0x0000018a5ebb4a14: 4400 00e8 

  0x0000018a5ebb4a18: ; ImmutableOopMap {[248]=Oop [256]=Oop [400]=Oop }
                      ;*invokestatic getType {reexecute=0 rethrow=0 return_oop=0}
                      ; - net.minecraft.util.GsonHelper::convertToString@18 (line 120)
                      ; - net.minecraft.util.GsonHelper::getAsString@14 (line 126)
                      ; - net.minecraft.client.renderer.ShaderInstance::parseUniformNode@12 (line 359)
  0x0000018a5ebb4a18: 64a6 0406 

  0x0000018a5ebb4a1c: ;   {other}
  0x0000018a5ebb4a1c: 0f1f 8400 | 0c47 002c | 0f1f 4000 

  0x0000018a5ebb4a28: ;   {no_reloc}
  0x0000018a5ebb4a28: e991 0f00 | 0090 9090 

  0x0000018a5ebb4a30: ;   {oop("name"{0x00000004edd5cb08})}
  0x0000018a5ebb4a30: 9090 48ba | 08cb d5ed | 0400 0000 

  0x0000018a5ebb4a3c: ;   {static_call}
  0x0000018a5ebb4a3c: 4c8b c0e8 

  0x0000018a5ebb4a40: ; ImmutableOopMap {[248]=Oop [256]=Oop [400]=Oop }
                      ;*invokedynamic {reexecute=0 rethrow=0 return_oop=0}
                      ; - net.minecraft.util.GsonHelper::convertToString@21 (line 120)
                      ; - net.minecraft.util.GsonHelper::getAsString@14 (line 126)
                      ; - net.minecraft.client.renderer.ShaderInstance::parseUniformNode@12 (line 359)
  0x0000018a5ebb4a40: 3ca6 0406 

  0x0000018a5ebb4a44: ;   {other}
  0x0000018a5ebb4a44: 0f1f 8400 | 3447 002d 

  0x0000018a5ebb4a4c: ;   {metadata(method data for {method} {0x0000018a032bac78} 'convertToString' '(Lcom/google/gson/JsonElement;Ljava/lang/String;)Ljava/lang/String;' in 'net/minecraft/util/GsonHelper')}
  0x0000018a5ebb4a4c: 49b8 2091 | 641c 8a01 | 0000 4d8d | 80e0 0100 | 0048 85c0 | 750b 41f6 | 0001 7505 | f049 8308 
  0x0000018a5ebb4a6c: 014c 8b84 | 2490 0100 

  0x0000018a5ebb4a74: ;   {metadata(method data for {method} {0x0000018a032bac78} 'convertToString' '(Lcom/google/gson/JsonElement;Ljava/lang/String;)Ljava/lang/String;' in 'net/minecraft/util/GsonHelper')}
  0x0000018a5ebb4a74: 0048 ba20 | 9164 1c8a | 0100 0048 | 8382 f001 | 0000 014c | 8bc0 488b | 9424 9001 | 0000 0f1f 
  0x0000018a5ebb4a94: ;   {optimized virtual_call}
  0x0000018a5ebb4a94: 4400 00e8 

  0x0000018a5ebb4a98: ; ImmutableOopMap {[248]=Oop [256]=Oop [400]=Oop }
                      ;*invokespecial <init> {reexecute=0 rethrow=0 return_oop=0}
                      ; - net.minecraft.util.GsonHelper::convertToString@26 (line 120)
                      ; - net.minecraft.util.GsonHelper::getAsString@14 (line 126)
                      ; - net.minecraft.client.renderer.ShaderInstance::parseUniformNode@12 (line 359)
  0x0000018a5ebb4a98: e49f 0406 

  0x0000018a5ebb4a9c: ;   {other}
  0x0000018a5ebb4a9c: 0f1f 8400 | 8c47 002e | 488b 8424 | 9001 0000 | e9eb 0f00 | 000f 1f80 | 0000 0000 

  0x0000018a5ebb4ab8: ;   {no_reloc}
  0x0000018a5ebb4ab8: e91a 0f00 | 0000 0000 | 0000 80ba | 2101 0000 | 040f 8517 | 0f00 0049 | 8b87 b801 | 0000 488d 
  0x0000018a5ebb4ad8: 7828 493b | bfc8 0100 | 000f 87ff | 0e00 0049 | 89bf b801 | 0000 48c7 | 0001 0000 | 0048 8bca 
  0x0000018a5ebb4af8: 49ba 0000 | 0000 0800 | 0000 492b | ca89 4808 | 4833 c989 | 480c 4833 | c948 8948 | 1048 8948 
  0x0000018a5ebb4b18: 1848 8948 | 2066 6690 

  0x0000018a5ebb4b20: ;   {no_reloc}
  0x0000018a5ebb4b20: e9dd 0e00 | 0090 9090 

  0x0000018a5ebb4b28: ;   {oop("name"{0x00000004edd5cb08})}
  0x0000018a5ebb4b28: 9090 48ba | 08cb d5ed | 0400 0000 | 4889 8424 | 9801 0000 

  0x0000018a5ebb4b3c: ;   {static_call}
  0x0000018a5ebb4b3c: 6666 90e8 

  0x0000018a5ebb4b40: ; ImmutableOopMap {[248]=Oop [256]=Oop [408]=Oop }
                      ;*invokedynamic {reexecute=0 rethrow=0 return_oop=0}
                      ; - net.minecraft.util.GsonHelper::getAsString@23 (line 128)
                      ; - net.minecraft.client.renderer.ShaderInstance::parseUniformNode@12 (line 359)
  0x0000018a5ebb4b40: 3ca5 0406 

  0x0000018a5ebb4b44: ;   {other}
  0x0000018a5ebb4b44: 0f1f 8400 | 3448 002f 

  0x0000018a5ebb4b4c: ;   {metadata(method data for {method} {0x0000018a032bad60} 'getAsString' '(Lcom/google/gson/JsonObject;Ljava/lang/String;)Ljava/lang/String;' in 'net/minecraft/util/GsonHelper')}
  0x0000018a5ebb4b4c: 49b8 68e1 | 7a1c 8a01 | 0000 4d8d | 80d0 0100 | 0048 85c0 | 750b 41f6 | 0001 7505 | f049 8308 
  0x0000018a5ebb4b6c: 014c 8b84 | 2498 0100 

  0x0000018a5ebb4b74: ;   {metadata(method data for {method} {0x0000018a032bad60} 'getAsString' '(Lcom/google/gson/JsonObject;Ljava/lang/String;)Ljava/lang/String;' in 'net/minecraft/util/GsonHelper')}
  0x0000018a5ebb4b74: 0048 ba68 | e17a 1c8a | 0100 0048 | 8382 e001 | 0000 014c | 8bc0 488b | 9424 9801 | 0000 0f1f 
  0x0000018a5ebb4b94: ;   {optimized virtual_call}
  0x0000018a5ebb4b94: 4400 00e8 

  0x0000018a5ebb4b98: ; ImmutableOopMap {[248]=Oop [256]=Oop [408]=Oop }
                      ;*invokespecial <init> {reexecute=0 rethrow=0 return_oop=0}
                      ; - net.minecraft.util.GsonHelper::getAsString@28 (line 128)
                      ; - net.minecraft.client.renderer.ShaderInstance::parseUniformNode@12 (line 359)
  0x0000018a5ebb4b98: e49e 0406 

  0x0000018a5ebb4b9c: ;   {other}
  0x0000018a5ebb4b9c: 0f1f 8400 | 8c48 0030 | 488b 8424 | 9801 0000 | e9eb 0e00 | 000f 1f80 | 0000 0000 

  0x0000018a5ebb4bb8: ;   {no_reloc}
  0x0000018a5ebb4bb8: e95e 0e00 | 0000 0000 | 0000 80ba | 2101 0000 | 040f 855b | 0e00 0049 | 8b87 b801 | 0000 488d 
  0x0000018a5ebb4bd8: 7828 493b | bfc8 0100 | 000f 8743 | 0e00 0049 | 89bf b801 | 0000 48c7 | 0001 0000 | 0048 8bca 
  0x0000018a5ebb4bf8: 49ba 0000 | 0000 0800 | 0000 492b | ca89 4808 | 4833 c989 | 480c 4833 | c948 8948 | 1048 8948 
  0x0000018a5ebb4c18: 1848 8948 

  0x0000018a5ebb4c1c: ;   {metadata(method data for {method} {0x0000018a032bcea8} 'convertToJsonObject' '(Lcom/google/gson/JsonElement;Ljava/lang/String;)Lcom/google/gson/JsonObject;' in 'net/minecraft/util/GsonHelper')}
  0x0000018a5ebb4c1c: 2048 baf0 | 3f7a 228a | 0100 0048 | 8382 a001 | 0000 0149 | 8bd0 4889 | 8424 a001 | 0000 0f1f 
  0x0000018a5ebb4c3c: ;   {static_call}
  0x0000018a5ebb4c3c: 4400 00e8 

  0x0000018a5ebb4c40: ; ImmutableOopMap {[248]=Oop [416]=Oop }
                      ;*invokestatic getType {reexecute=0 rethrow=0 return_oop=0}
                      ; - net.minecraft.util.GsonHelper::convertToJsonObject@18 (line 414)
                      ; - net.minecraft.client.renderer.ShaderInstance::parseUniformNode@4 (line 358)
  0x0000018a5ebb4c40: 3ca4 0406 

  0x0000018a5ebb4c44: ;   {other}
  0x0000018a5ebb4c44: 0f1f 8400 | 3449 0031 | 0f1f 4000 

  0x0000018a5ebb4c50: ;   {no_reloc}
  0x0000018a5ebb4c50: e9f1 0d00 | 0090 9090 

  0x0000018a5ebb4c58: ;   {oop("uniform"{0x00000004ea07f9d0})}
  0x0000018a5ebb4c58: 9090 48ba | d0f9 07ea | 0400 0000 

  0x0000018a5ebb4c64: ;   {static_call}
  0x0000018a5ebb4c64: 4c8b c0e8 

  0x0000018a5ebb4c68: ; ImmutableOopMap {[248]=Oop [416]=Oop }
                      ;*invokedynamic {reexecute=0 rethrow=0 return_oop=0}
                      ; - net.minecraft.util.GsonHelper::convertToJsonObject@21 (line 414)
                      ; - net.minecraft.client.renderer.ShaderInstance::parseUniformNode@4 (line 358)
  0x0000018a5ebb4c68: 14a4 0406 

  0x0000018a5ebb4c6c: ;   {other}
  0x0000018a5ebb4c6c: 0f1f 8400 | 5c49 0032 

  0x0000018a5ebb4c74: ;   {metadata(method data for {method} {0x0000018a032bcea8} 'convertToJsonObject' '(Lcom/google/gson/JsonElement;Ljava/lang/String;)Lcom/google/gson/JsonObject;' in 'net/minecraft/util/GsonHelper')}
  0x0000018a5ebb4c74: 49b8 f03f | 7a22 8a01 | 0000 4d8d | 80e0 0100 | 0048 85c0 | 750b 41f6 | 0001 7505 | f049 8308 
  0x0000018a5ebb4c94: 014c 8b84 | 24a0 0100 

  0x0000018a5ebb4c9c: ;   {metadata(method data for {method} {0x0000018a032bcea8} 'convertToJsonObject' '(Lcom/google/gson/JsonElement;Ljava/lang/String;)Lcom/google/gson/JsonObject;' in 'net/minecraft/util/GsonHelper')}
  0x0000018a5ebb4c9c: 0048 baf0 | 3f7a 228a | 0100 0048 | 8382 f001 | 0000 014c | 8bc0 488b | 9424 a001 | 0000 0f1f 
  0x0000018a5ebb4cbc: ;   {optimized virtual_call}
  0x0000018a5ebb4cbc: 4400 00e8 

  0x0000018a5ebb4cc0: ; ImmutableOopMap {[248]=Oop [416]=Oop }
                      ;*invokespecial <init> {reexecute=0 rethrow=0 return_oop=0}
                      ; - net.minecraft.util.GsonHelper::convertToJsonObject@26 (line 414)
                      ; - net.minecraft.client.renderer.ShaderInstance::parseUniformNode@4 (line 358)
  0x0000018a5ebb4cc0: bc9d 0406 

  0x0000018a5ebb4cc4: ;   {other}
  0x0000018a5ebb4cc4: 0f1f 8400 | b449 0033 | 488b 8424 | a001 0000 | e9c3 0d00 | 0049 8b87 | f804 0000 | 4d33 d24d 
  0x0000018a5ebb4ce4: 8997 f804 | 0000 4d33 | d24d 8997 | 0005 0000 

  0x0000018a5ebb4cf4: ;   {static_call}
  0x0000018a5ebb4cf4: 488b d0e8 

  0x0000018a5ebb4cf8: ; ImmutableOopMap {}
                      ;*invokestatic forException {reexecute=0 rethrow=0 return_oop=0}
                      ; - net.minecraft.client.renderer.ShaderInstance::parseUniformNode@148 (line 373)
  0x0000018a5ebb4cf8: 84a3 0406 

  0x0000018a5ebb4cfc: ;   {other}
  0x0000018a5ebb4cfc: 0f1f 8400 | ec49 0034 | 4889 8424 | a801 0000 | 0f1f 4000 

  0x0000018a5ebb4d10: ;   {no_reloc}
  0x0000018a5ebb4d10: e94a 0d00 | 0090 9090 | 9090 8b94 | 2420 0100 | 0066 0f1f 

  0x0000018a5ebb4d24: ;   {static_call}
  0x0000018a5ebb4d24: 4400 00e8 

  0x0000018a5ebb4d28: ; ImmutableOopMap {[424]=Oop }
                      ;*invokedynamic {reexecute=0 rethrow=0 return_oop=0}
                      ; - net.minecraft.client.renderer.ShaderInstance::parseUniformNode@157 (line 374)
  0x0000018a5ebb4d28: 54a3 0406 

  0x0000018a5ebb4d2c: ;   {other}
  0x0000018a5ebb4d2c: 0f1f 8400 | 1c4a 0035 

  0x0000018a5ebb4d34: ;   {metadata(method data for {method} {0x0000018a1c6af018} 'parseUniformNode' '(Lcom/google/gson/JsonElement;)V' in 'net/minecraft/client/renderer/ShaderInstance')}
  0x0000018a5ebb4d34: 49b8 d0b8 | cf4e 8a01 | 0000 4d8d | 80e0 0300 | 0048 85c0 | 750b 41f6 | 0001 7505 | f049 8308 
  0x0000018a5ebb4d54: 0148 8bb4 | 24a8 0100 | 0048 3b06 

  0x0000018a5ebb4d60: ;   {metadata(method data for {method} {0x0000018a1c6af018} 'parseUniformNode' '(Lcom/google/gson/JsonElement;)V' in 'net/minecraft/client/renderer/ShaderInstance')}
  0x0000018a5ebb4d60: 4c8b c648 | bad0 b8cf | 4e8a 0100 | 0045 8b40 | 0849 ba00 | 0000 0008 | 0000 004d | 03c2 4c3b 
  0x0000018a5ebb4d80: 8200 0400 | 0075 0d48 | 8382 0804 | 0000 01e9 | 6000 0000 | 4c3b 8210 | 0400 0075 | 0d48 8382 
  0x0000018a5ebb4da0: 1804 0000 | 01e9 4a00 | 0000 4883 | ba00 0400 | 0000 7517 | 4c89 8200 | 0400 0048 | c782 0804 
  0x0000018a5ebb4dc0: 0000 0100 | 0000 e929 | 0000 0048 | 83ba 1004 | 0000 0075 | 174c 8982 | 1004 0000 | 48c7 8218 
  0x0000018a5ebb4de0: 0400 0001 | 0000 00e9 | 0800 0000 | 4883 82f0 | 0300 0001 | 4c8b c048 | 8bd6 6666 | 9048 b8ff 
  0x0000018a5ebb4e00: ffff ffff 

  0x0000018a5ebb4e04: ;   {virtual_call}
  0x0000018a5ebb4e04: ffff ffe8 

  0x0000018a5ebb4e08: ; ImmutableOopMap {[424]=Oop }
                      ;*invokevirtual prependJsonKey {reexecute=0 rethrow=0 return_oop=0}
                      ; - net.minecraft.client.renderer.ShaderInstance::parseUniformNode@162 (line 374)
  0x0000018a5ebb4e08: 749f 0406 

  0x0000018a5ebb4e0c: ;   {other}
  0x0000018a5ebb4e0c: 0f1f 8400 | fc4a 0036 | 488b 8424 | a801 0000 

  0x0000018a5ebb4e1c: ; implicit exception: dispatches to 0x0000018a5ebb5a6e
  0x0000018a5ebb4e1c: 483b 00e9 | 780c 0000 

  0x0000018a5ebb4e24: ;   {metadata({method} {0x0000018a1c6af018} 'parseUniformNode' '(Lcom/google/gson/JsonElement;)V' in 'net/minecraft/client/renderer/ShaderInstance')}
  0x0000018a5ebb4e24: 49ba 10f0 | 6a1c 8a01 | 0000 4c89 | 5424 0848 | c704 24ff 

  0x0000018a5ebb4e38: ;   {runtime_call counter_overflow Runtime1 stub}
  0x0000018a5ebb4e38: ffff ffe8 

  0x0000018a5ebb4e3c: ; ImmutableOopMap {rdx=Oop r8=Oop [248]=Oop }
                      ;*synchronization entry
                      ; - net.minecraft.client.renderer.ShaderInstance::parseUniformNode@-1 (line 358)
  0x0000018a5ebb4e3c: 400e 1106 | e909 beff 

  0x0000018a5ebb4e44: ;   {metadata({method} {0x0000018a032bcea8} 'convertToJsonObject' '(Lcom/google/gson/JsonElement;Ljava/lang/String;)Lcom/google/gson/JsonObject;' in 'net/minecraft/util/GsonHelper')}
  0x0000018a5ebb4e44: ff49 baa0 | ce2b 038a | 0100 004c | 8954 2408 | 48c7 0424 | ffff ffff 

  0x0000018a5ebb4e5c: ;   {runtime_call counter_overflow Runtime1 stub}
  0x0000018a5ebb4e5c: e81f 0e11 

  0x0000018a5ebb4e60: ; ImmutableOopMap {rdx=Oop r8=Oop [248]=Oop }
                      ;*synchronization entry
                      ; - net.minecraft.util.GsonHelper::convertToJsonObject@-1 (line 411)
                      ; - net.minecraft.client.renderer.ShaderInstance::parseUniformNode@4 (line 358)
  0x0000018a5ebb4e60: 06e9 21be 

  0x0000018a5ebb4e64: ;   {runtime_call throw_null_pointer_exception Runtime1 stub}
  0x0000018a5ebb4e64: ffff e815 

  0x0000018a5ebb4e68: ; ImmutableOopMap {rdx=Oop r8=Oop [248]=Oop }
                      ;*invokevirtual isJsonObject {reexecute=0 rethrow=0 return_oop=0}
                      ; - net.minecraft.util.GsonHelper::convertToJsonObject@1 (line 411)
                      ; - net.minecraft.client.renderer.ShaderInstance::parseUniformNode@4 (line 358)
                      ;   {metadata({method} {0x0000018a01e5bfe8} 'isJsonObject' '()Z' in 'com/google/gson/JsonElement')}
  0x0000018a5ebb4e68: bd10 0649 | bae0 bfe5 | 018a 0100 | 004c 8954 | 2408 48c7 | 0424 ffff 

  0x0000018a5ebb4e80: ;   {runtime_call counter_overflow Runtime1 stub}
  0x0000018a5ebb4e80: ffff e8f9 

  0x0000018a5ebb4e84: ; ImmutableOopMap {rdx=Oop r8=Oop [248]=Oop }
                      ;*synchronization entry
                      ; - com.google.gson.JsonElement::isJsonObject@-1 (line 66)
                      ; - net.minecraft.util.GsonHelper::convertToJsonObject@1 (line 411)
                      ; - net.minecraft.client.renderer.ShaderInstance::parseUniformNode@4 (line 358)
  0x0000018a5ebb4e84: 0d11 06e9 | b8be ffff 

  0x0000018a5ebb4e8c: ;   {metadata({method} {0x0000018a032bad60} 'getAsString' '(Lcom/google/gson/JsonObject;Ljava/lang/String;)Ljava/lang/String;' in 'net/minecraft/util/GsonHelper')}
  0x0000018a5ebb4e8c: 49ba 58ad | 2b03 8a01 | 0000 4c89 | 5424 0848 | c704 24ff 

  0x0000018a5ebb4ea0: ;   {runtime_call counter_overflow Runtime1 stub}
  0x0000018a5ebb4ea0: ffff ffe8 

  0x0000018a5ebb4ea4: ; ImmutableOopMap {rax=Oop [248]=Oop [256]=Oop }
                      ;*synchronization entry
                      ; - net.minecraft.util.GsonHelper::getAsString@-1 (line 125)
                      ; - net.minecraft.client.renderer.ShaderInstance::parseUniformNode@12 (line 359)
  0x0000018a5ebb4ea4: d80d 1106 | e9ad c0ff 

  0x0000018a5ebb4eac: ;   {runtime_call throw_null_pointer_exception Runtime1 stub}
  0x0000018a5ebb4eac: ffe8 cebc 

  0x0000018a5ebb4eb0: ; ImmutableOopMap {rax=Oop [248]=Oop [256]=Oop }
                      ;*invokevirtual has {reexecute=0 rethrow=0 return_oop=0}
                      ; - net.minecraft.util.GsonHelper::getAsString@2 (line 125)
                      ; - net.minecraft.client.renderer.ShaderInstance::parseUniformNode@12 (line 359)
                      ;   {metadata({method} {0x0000018a01e896e8} 'has' '(Ljava/lang/String;)Z' in 'com/google/gson/JsonObject')}
  0x0000018a5ebb4eb0: 1006 49ba | e096 e801 | 8a01 0000 | 4c89 5424 | 0848 c704 | 24ff ffff 

  0x0000018a5ebb4ec8: ;   {runtime_call counter_overflow Runtime1 stub}
  0x0000018a5ebb4ec8: ffe8 b20d 

  0x0000018a5ebb4ecc: ; ImmutableOopMap {rax=Oop [248]=Oop [256]=Oop }
                      ;*synchronization entry
                      ; - com.google.gson.JsonObject::has@-1 (line 175)
                      ; - net.minecraft.util.GsonHelper::getAsString@2 (line 125)
                      ; - net.minecraft.client.renderer.ShaderInstance::parseUniformNode@12 (line 359)
  0x0000018a5ebb4ecc: 1106 e9cb 

  0x0000018a5ebb4ed0: ;   {runtime_call throw_null_pointer_exception Runtime1 stub}
  0x0000018a5ebb4ed0: c0ff ffe8 

  0x0000018a5ebb4ed4: ; ImmutableOopMap {rax=Oop rdx=Oop [248]=Oop [256]=Oop }
                      ;*invokevirtual containsKey {reexecute=0 rethrow=0 return_oop=0}
                      ; - com.google.gson.JsonObject::has@5 (line 175)
                      ; - net.minecraft.util.GsonHelper::getAsString@2 (line 125)
                      ; - net.minecraft.client.renderer.ShaderInstance::parseUniformNode@12 (line 359)
  0x0000018a5ebb4ed4: a8bc 1006 

  0x0000018a5ebb4ed8: ;   {metadata({method} {0x0000018a01ece9b0} 'containsKey' '(Ljava/lang/Object;)Z' in 'com/google/gson/internal/LinkedTreeMap')}
  0x0000018a5ebb4ed8: 49ba a8e9 | ec01 8a01 | 0000 4c89 | 5424 0848 | c704 24ff 

  0x0000018a5ebb4eec: ;   {runtime_call counter_overflow Runtime1 stub}
  0x0000018a5ebb4eec: ffff ffe8 

  0x0000018a5ebb4ef0: ; ImmutableOopMap {rax=Oop rdx=Oop [248]=Oop [256]=Oop }
                      ;*synchronization entry
                      ; - com.google.gson.internal.LinkedTreeMap::containsKey@-1 (line 107)
                      ; - com.google.gson.JsonObject::has@5 (line 175)
                      ; - net.minecraft.util.GsonHelper::getAsString@2 (line 125)
                      ; - net.minecraft.client.renderer.ShaderInstance::parseUniformNode@12 (line 359)
  0x0000018a5ebb4ef0: 8c0d 1106 | e9f0 c0ff 

  0x0000018a5ebb4ef8: ;   {metadata({method} {0x0000018a01ecf030} 'findByObject' '(Ljava/lang/Object;)Lcom/google/gson/internal/LinkedTreeMap$Node;' in 'com/google/gson/internal/LinkedTreeMap')}
  0x0000018a5ebb4ef8: ff49 ba28 | f0ec 018a | 0100 004c | 8954 2408 | 48c7 0424 | ffff ffff 

  0x0000018a5ebb4f10: ;   {runtime_call counter_overflow Runtime1 stub}
  0x0000018a5ebb4f10: e86b 0d11 

  0x0000018a5ebb4f14: ; ImmutableOopMap {rax=Oop rdx=Oop [248]=Oop [256]=Oop }
                      ;*synchronization entry
                      ; - com.google.gson.internal.LinkedTreeMap::findByObject@-1 (line 209)
                      ; - com.google.gson.internal.LinkedTreeMap::containsKey@2 (line 107)
                      ; - com.google.gson.JsonObject::has@5 (line 175)
                      ; - net.minecraft.util.GsonHelper::getAsString@2 (line 125)
                      ; - net.minecraft.client.renderer.ShaderInstance::parseUniformNode@12 (line 359)
  0x0000018a5ebb4f14: 06e9 10c1 

  0x0000018a5ebb4f18: ;   {metadata({method} {0x0000018a01e897a8} 'get' '(Ljava/lang/String;)Lcom/google/gson/JsonElement;' in 'com/google/gson/JsonObject')}
  0x0000018a5ebb4f18: ffff 49ba | a097 e801 | 8a01 0000 | 4c89 5424 | 0848 c704 | 24ff ffff 

  0x0000018a5ebb4f30: ;   {runtime_call counter_overflow Runtime1 stub}
  0x0000018a5ebb4f30: ffe8 4a0d 

  0x0000018a5ebb4f34: ; ImmutableOopMap {rax=Oop [248]=Oop [256]=Oop }
                      ;*synchronization entry
                      ; - com.google.gson.JsonObject::get@-1 (line 185)
                      ; - net.minecraft.util.GsonHelper::getAsString@10 (line 126)
                      ; - net.minecraft.client.renderer.ShaderInstance::parseUniformNode@12 (line 359)
  0x0000018a5ebb4f34: 1106 e945 

  0x0000018a5ebb4f38: ;   {runtime_call throw_null_pointer_exception Runtime1 stub}
  0x0000018a5ebb4f38: c2ff ffe8 

  0x0000018a5ebb4f3c: ; ImmutableOopMap {rax=Oop rdx=Oop [248]=Oop [256]=Oop }
                      ;*invokevirtual get {reexecute=0 rethrow=0 return_oop=0}
                      ; - com.google.gson.JsonObject::get@5 (line 185)
                      ; - net.minecraft.util.GsonHelper::getAsString@10 (line 126)
                      ; - net.minecraft.client.renderer.ShaderInstance::parseUniformNode@12 (line 359)
  0x0000018a5ebb4f3c: 40bc 1006 

  0x0000018a5ebb4f40: ;   {metadata({method} {0x0000018a01ece8d8} 'get' '(Ljava/lang/Object;)Ljava/lang/Object;' in 'com/google/gson/internal/LinkedTreeMap')}
  0x0000018a5ebb4f40: 49ba d0e8 | ec01 8a01 | 0000 4c89 | 5424 0848 | c704 24ff 

  0x0000018a5ebb4f54: ;   {runtime_call counter_overflow Runtime1 stub}
  0x0000018a5ebb4f54: ffff ffe8 

  0x0000018a5ebb4f58: ; ImmutableOopMap {rax=Oop rdx=Oop [248]=Oop [256]=Oop }
                      ;*synchronization entry
                      ; - com.google.gson.internal.LinkedTreeMap::get@-1 (line 102)
                      ; - com.google.gson.JsonObject::get@5 (line 185)
                      ; - net.minecraft.util.GsonHelper::getAsString@10 (line 126)
                      ; - net.minecraft.client.renderer.ShaderInstance::parseUniformNode@12 (line 359)
  0x0000018a5ebb4f58: 240d 1106 | e96a c2ff 

  0x0000018a5ebb4f60: ;   {metadata({method} {0x0000018a01ecf030} 'findByObject' '(Ljava/lang/Object;)Lcom/google/gson/internal/LinkedTreeMap$Node;' in 'com/google/gson/internal/LinkedTreeMap')}
  0x0000018a5ebb4f60: ff49 ba28 | f0ec 018a | 0100 004c | 8954 2408 | 48c7 0424 | ffff ffff 

  0x0000018a5ebb4f78: ;   {runtime_call counter_overflow Runtime1 stub}
  0x0000018a5ebb4f78: e803 0d11 

  0x0000018a5ebb4f7c: ; ImmutableOopMap {rax=Oop rdx=Oop [248]=Oop [256]=Oop }
                      ;*synchronization entry
                      ; - com.google.gson.internal.LinkedTreeMap::findByObject@-1 (line 209)
                      ; - com.google.gson.internal.LinkedTreeMap::get@2 (line 102)
                      ; - com.google.gson.JsonObject::get@5 (line 185)
                      ; - net.minecraft.util.GsonHelper::getAsString@10 (line 126)
                      ; - net.minecraft.client.renderer.ShaderInstance::parseUniformNode@12 (line 359)
  0x0000018a5ebb4f7c: 06e9 8ac2 

  0x0000018a5ebb4f80: ;   {runtime_call throw_null_pointer_exception Runtime1 stub}
  0x0000018a5ebb4f80: ffff e8f9 

  0x0000018a5ebb4f84: ; ImmutableOopMap {[248]=Oop [256]=Oop }
                      ;*getfield value {reexecute=1 rethrow=0 return_oop=0}
                      ; - (reexecute) com.google.gson.internal.LinkedTreeMap::get@11 (line 103)
                      ; - com.google.gson.JsonObject::get@5 (line 185)
                      ; - net.minecraft.util.GsonHelper::getAsString@10 (line 126)
                      ; - net.minecraft.client.renderer.ShaderInstance::parseUniformNode@12 (line 359)
  0x0000018a5ebb4f84: bb10 0648 

  0x0000018a5ebb4f88: ;   {runtime_call throw_class_cast_exception Runtime1 stub}
  0x0000018a5ebb4f88: 8914 24e8 

  0x0000018a5ebb4f8c: ; ImmutableOopMap {[248]=Oop [256]=Oop }
                      ;*checkcast {reexecute=0 rethrow=0 return_oop=0}
                      ; - com.google.gson.JsonObject::get@8 (line 185)
                      ; - net.minecraft.util.GsonHelper::getAsString@10 (line 126)
                      ; - net.minecraft.client.renderer.ShaderInstance::parseUniformNode@12 (line 359)
  0x0000018a5ebb4f8c: f0df 1006 

  0x0000018a5ebb4f90: ;   {metadata({method} {0x0000018a032bac78} 'convertToString' '(Lcom/google/gson/JsonElement;Ljava/lang/String;)Ljava/lang/String;' in 'net/minecraft/util/GsonHelper')}
  0x0000018a5ebb4f90: 49ba 70ac | 2b03 8a01 | 0000 4c89 | 5424 0848 | c704 24ff 

  0x0000018a5ebb4fa4: ;   {runtime_call counter_overflow Runtime1 stub}
  0x0000018a5ebb4fa4: ffff ffe8 

  0x0000018a5ebb4fa8: ; ImmutableOopMap {rbx=Oop [248]=Oop [256]=Oop }
                      ;*synchronization entry
                      ; - net.minecraft.util.GsonHelper::convertToString@-1 (line 117)
                      ; - net.minecraft.util.GsonHelper::getAsString@14 (line 126)
                      ; - net.minecraft.client.renderer.ShaderInstance::parseUniformNode@12 (line 359)
  0x0000018a5ebb4fa8: d40c 1106 | e956 c4ff 

  0x0000018a5ebb4fb0: ;   {runtime_call throw_null_pointer_exception Runtime1 stub}
  0x0000018a5ebb4fb0: ffe8 cabb 

  0x0000018a5ebb4fb4: ; ImmutableOopMap {rbx=Oop [248]=Oop [256]=Oop }
                      ;*invokevirtual isJsonPrimitive {reexecute=0 rethrow=0 return_oop=0}
                      ; - net.minecraft.util.GsonHelper::convertToString@1 (line 117)
                      ; - net.minecraft.util.GsonHelper::getAsString@14 (line 126)
                      ; - net.minecraft.client.renderer.ShaderInstance::parseUniformNode@12 (line 359)
                      ;   {metadata({method} {0x0000018a01e5c090} 'isJsonPrimitive' '()Z' in 'com/google/gson/JsonElement')}
  0x0000018a5ebb4fb4: 1006 49ba | 88c0 e501 | 8a01 0000 | 4c89 5424 | 0848 c704 | 24ff ffff 

  0x0000018a5ebb4fcc: ;   {runtime_call counter_overflow Runtime1 stub}
  0x0000018a5ebb4fcc: ffe8 ae0c 

  0x0000018a5ebb4fd0: ; ImmutableOopMap {rbx=Oop [248]=Oop [256]=Oop }
                      ;*synchronization entry
                      ; - com.google.gson.JsonElement::isJsonPrimitive@-1 (line 75)
                      ; - net.minecraft.util.GsonHelper::convertToString@1 (line 117)
                      ; - net.minecraft.util.GsonHelper::getAsString@14 (line 126)
                      ; - net.minecraft.client.renderer.ShaderInstance::parseUniformNode@12 (line 359)
  0x0000018a5ebb4fd0: 1106 e9ed 

  0x0000018a5ebb4fd4: ;   {metadata({method} {0x0000018a032bad60} 'getAsString' '(Lcom/google/gson/JsonObject;Ljava/lang/String;)Ljava/lang/String;' in 'net/minecraft/util/GsonHelper')}
  0x0000018a5ebb4fd4: c4ff ff49 | ba58 ad2b | 038a 0100 | 004c 8954 | 2408 48c7 | 0424 ffff 

  0x0000018a5ebb4fec: ;   {runtime_call counter_overflow Runtime1 stub}
  0x0000018a5ebb4fec: ffff e88d 

  0x0000018a5ebb4ff0: ; ImmutableOopMap {rax=Oop rsi=Oop [248]=Oop [256]=Oop [264]=Oop }
                      ;*synchronization entry
                      ; - net.minecraft.util.GsonHelper::getAsString@-1 (line 125)
                      ; - net.minecraft.client.renderer.ShaderInstance::parseUniformNode@20 (line 360)
  0x0000018a5ebb4ff0: 0c11 06e9 | f2c6 ffff 

  0x0000018a5ebb4ff8: ;   {metadata({method} {0x0000018a01e896e8} 'has' '(Ljava/lang/String;)Z' in 'com/google/gson/JsonObject')}
  0x0000018a5ebb4ff8: 49ba e096 | e801 8a01 | 0000 4c89 | 5424 0848 | c704 24ff 

  0x0000018a5ebb500c: ;   {runtime_call counter_overflow Runtime1 stub}
  0x0000018a5ebb500c: ffff ffe8 

  0x0000018a5ebb5010: ; ImmutableOopMap {rax=Oop rsi=Oop [248]=Oop [256]=Oop [264]=Oop }
                      ;*synchronization entry
                      ; - com.google.gson.JsonObject::has@-1 (line 175)
                      ; - net.minecraft.util.GsonHelper::getAsString@2 (line 125)
                      ; - net.minecraft.client.renderer.ShaderInstance::parseUniformNode@20 (line 360)
  0x0000018a5ebb5010: 6c0c 1106 | e912 c7ff 

  0x0000018a5ebb5018: ;   {runtime_call throw_null_pointer_exception Runtime1 stub}
  0x0000018a5ebb5018: ffe8 62bb 

  0x0000018a5ebb501c: ; ImmutableOopMap {rax=Oop rsi=Oop rdx=Oop [248]=Oop [256]=Oop [264]=Oop }
                      ;*invokevirtual containsKey {reexecute=0 rethrow=0 return_oop=0}
                      ; - com.google.gson.JsonObject::has@5 (line 175)
                      ; - net.minecraft.util.GsonHelper::getAsString@2 (line 125)
                      ; - net.minecraft.client.renderer.ShaderInstance::parseUniformNode@20 (line 360)
                      ;   {metadata({method} {0x0000018a01ece9b0} 'containsKey' '(Ljava/lang/Object;)Z' in 'com/google/gson/internal/LinkedTreeMap')}
  0x0000018a5ebb501c: 1006 49ba | a8e9 ec01 | 8a01 0000 | 4c89 5424 | 0848 c704 | 24ff ffff 

  0x0000018a5ebb5034: ;   {runtime_call counter_overflow Runtime1 stub}
  0x0000018a5ebb5034: ffe8 460c 

  0x0000018a5ebb5038: ; ImmutableOopMap {rax=Oop rsi=Oop rdx=Oop [248]=Oop [256]=Oop [264]=Oop }
                      ;*synchronization entry
                      ; - com.google.gson.internal.LinkedTreeMap::containsKey@-1 (line 107)
                      ; - com.google.gson.JsonObject::has@5 (line 175)
                      ; - net.minecraft.util.GsonHelper::getAsString@2 (line 125)
                      ; - net.minecraft.client.renderer.ShaderInstance::parseUniformNode@20 (line 360)
  0x0000018a5ebb5038: 1106 e937 

  0x0000018a5ebb503c: ;   {metadata({method} {0x0000018a01ecf030} 'findByObject' '(Ljava/lang/Object;)Lcom/google/gson/internal/LinkedTreeMap$Node;' in 'com/google/gson/internal/LinkedTreeMap')}
  0x0000018a5ebb503c: c7ff ff49 | ba28 f0ec | 018a 0100 | 004c 8954 | 2408 48c7 | 0424 ffff 

  0x0000018a5ebb5054: ;   {runtime_call counter_overflow Runtime1 stub}
  0x0000018a5ebb5054: ffff e825 

  0x0000018a5ebb5058: ; ImmutableOopMap {rax=Oop rsi=Oop rdx=Oop [248]=Oop [256]=Oop [264]=Oop }
                      ;*synchronization entry
                      ; - com.google.gson.internal.LinkedTreeMap::findByObject@-1 (line 209)
                      ; - com.google.gson.internal.LinkedTreeMap::containsKey@2 (line 107)
                      ; - com.google.gson.JsonObject::has@5 (line 175)
                      ; - net.minecraft.util.GsonHelper::getAsString@2 (line 125)
                      ; - net.minecraft.client.renderer.ShaderInstance::parseUniformNode@20 (line 360)
  0x0000018a5ebb5058: 0c11 06e9 | 57c7 ffff 

  0x0000018a5ebb5060: ;   {metadata({method} {0x0000018a01e897a8} 'get' '(Ljava/lang/String;)Lcom/google/gson/JsonElement;' in 'com/google/gson/JsonObject')}
  0x0000018a5ebb5060: 49ba a097 | e801 8a01 | 0000 4c89 | 5424 0848 | c704 24ff 

  0x0000018a5ebb5074: ;   {runtime_call counter_overflow Runtime1 stub}
  0x0000018a5ebb5074: ffff ffe8 

  0x0000018a5ebb5078: ; ImmutableOopMap {rax=Oop [248]=Oop [256]=Oop [264]=Oop }
                      ;*synchronization entry
                      ; - com.google.gson.JsonObject::get@-1 (line 185)
                      ; - net.minecraft.util.GsonHelper::getAsString@10 (line 126)
                      ; - net.minecraft.client.renderer.ShaderInstance::parseUniformNode@20 (line 360)
  0x0000018a5ebb5078: 040c 1106 | e987 c8ff 

  0x0000018a5ebb5080: ;   {runtime_call throw_null_pointer_exception Runtime1 stub}
  0x0000018a5ebb5080: ffe8 faba 

  0x0000018a5ebb5084: ; ImmutableOopMap {rax=Oop rdx=Oop [248]=Oop [256]=Oop [264]=Oop }
                      ;*invokevirtual get {reexecute=0 rethrow=0 return_oop=0}
                      ; - com.google.gson.JsonObject::get@5 (line 185)
                      ; - net.minecraft.util.GsonHelper::getAsString@10 (line 126)
                      ; - net.minecraft.client.renderer.ShaderInstance::parseUniformNode@20 (line 360)
                      ;   {metadata({method} {0x0000018a01ece8d8} 'get' '(Ljava/lang/Object;)Ljava/lang/Object;' in 'com/google/gson/internal/LinkedTreeMap')}
  0x0000018a5ebb5084: 1006 49ba | d0e8 ec01 | 8a01 0000 | 4c89 5424 | 0848 c704 | 24ff ffff 

  0x0000018a5ebb509c: ;   {runtime_call counter_overflow Runtime1 stub}
  0x0000018a5ebb509c: ffe8 de0b 

  0x0000018a5ebb50a0: ; ImmutableOopMap {rax=Oop rdx=Oop [248]=Oop [256]=Oop [264]=Oop }
                      ;*synchronization entry
                      ; - com.google.gson.internal.LinkedTreeMap::get@-1 (line 102)
                      ; - com.google.gson.JsonObject::get@5 (line 185)
                      ; - net.minecraft.util.GsonHelper::getAsString@10 (line 126)
                      ; - net.minecraft.client.renderer.ShaderInstance::parseUniformNode@20 (line 360)
  0x0000018a5ebb50a0: 1106 e9ac 

  0x0000018a5ebb50a4: ;   {metadata({method} {0x0000018a01ecf030} 'findByObject' '(Ljava/lang/Object;)Lcom/google/gson/internal/LinkedTreeMap$Node;' in 'com/google/gson/internal/LinkedTreeMap')}
  0x0000018a5ebb50a4: c8ff ff49 | ba28 f0ec | 018a 0100 | 004c 8954 | 2408 48c7 | 0424 ffff 

  0x0000018a5ebb50bc: ;   {runtime_call counter_overflow Runtime1 stub}
  0x0000018a5ebb50bc: ffff e8bd 

  0x0000018a5ebb50c0: ; ImmutableOopMap {rax=Oop rdx=Oop [248]=Oop [256]=Oop [264]=Oop }
                      ;*synchronization entry
                      ; - com.google.gson.internal.LinkedTreeMap::findByObject@-1 (line 209)
                      ; - com.google.gson.internal.LinkedTreeMap::get@2 (line 102)
                      ; - com.google.gson.JsonObject::get@5 (line 185)
                      ; - net.minecraft.util.GsonHelper::getAsString@10 (line 126)
                      ; - net.minecraft.client.renderer.ShaderInstance::parseUniformNode@20 (line 360)
  0x0000018a5ebb50c0: 0b11 06e9 | ccc8 ffff 

  0x0000018a5ebb50c8: ;   {runtime_call throw_null_pointer_exception Runtime1 stub}
  0x0000018a5ebb50c8: e8b3 ba10 

  0x0000018a5ebb50cc: ; ImmutableOopMap {[248]=Oop [256]=Oop [264]=Oop }
                      ;*getfield value {reexecute=1 rethrow=0 return_oop=0}
                      ; - (reexecute) com.google.gson.internal.LinkedTreeMap::get@11 (line 103)
                      ; - com.google.gson.JsonObject::get@5 (line 185)
                      ; - net.minecraft.util.GsonHelper::getAsString@10 (line 126)
                      ; - net.minecraft.client.renderer.ShaderInstance::parseUniformNode@20 (line 360)
  0x0000018a5ebb50cc: 0648 8914 

  0x0000018a5ebb50d0: ;   {runtime_call throw_class_cast_exception Runtime1 stub}
  0x0000018a5ebb50d0: 24e8 aade 

  0x0000018a5ebb50d4: ; ImmutableOopMap {[248]=Oop [256]=Oop [264]=Oop }
                      ;*checkcast {reexecute=0 rethrow=0 return_oop=0}
                      ; - com.google.gson.JsonObject::get@8 (line 185)
                      ; - net.minecraft.util.GsonHelper::getAsString@10 (line 126)
                      ; - net.minecraft.client.renderer.ShaderInstance::parseUniformNode@20 (line 360)
                      ;   {metadata({method} {0x0000018a032bac78} 'convertToString' '(Lcom/google/gson/JsonElement;Ljava/lang/String;)Ljava/lang/String;' in 'net/minecraft/util/GsonHelper')}
  0x0000018a5ebb50d4: 1006 49ba | 70ac 2b03 | 8a01 0000 | 4c89 5424 | 0848 c704 | 24ff ffff 

  0x0000018a5ebb50ec: ;   {runtime_call counter_overflow Runtime1 stub}
  0x0000018a5ebb50ec: ffe8 8e0b 

  0x0000018a5ebb50f0: ; ImmutableOopMap {rbx=Oop [248]=Oop [256]=Oop [264]=Oop }
                      ;*synchronization entry
                      ; - net.minecraft.util.GsonHelper::convertToString@-1 (line 117)
                      ; - net.minecraft.util.GsonHelper::getAsString@14 (line 126)
                      ; - net.minecraft.client.renderer.ShaderInstance::parseUniformNode@20 (line 360)
  0x0000018a5ebb50f0: 1106 e998 

  0x0000018a5ebb50f4: ;   {runtime_call throw_null_pointer_exception Runtime1 stub}
  0x0000018a5ebb50f4: caff ffe8 

  0x0000018a5ebb50f8: ; ImmutableOopMap {rbx=Oop [248]=Oop [256]=Oop [264]=Oop }
                      ;*invokevirtual isJsonPrimitive {reexecute=0 rethrow=0 return_oop=0}
                      ; - net.minecraft.util.GsonHelper::convertToString@1 (line 117)
                      ; - net.minecraft.util.GsonHelper::getAsString@14 (line 126)
                      ; - net.minecraft.client.renderer.ShaderInstance::parseUniformNode@20 (line 360)
  0x0000018a5ebb50f8: 84ba 1006 

  0x0000018a5ebb50fc: ;   {metadata({method} {0x0000018a01e5c090} 'isJsonPrimitive' '()Z' in 'com/google/gson/JsonElement')}
  0x0000018a5ebb50fc: 49ba 88c0 | e501 8a01 | 0000 4c89 | 5424 0848 | c704 24ff 

  0x0000018a5ebb5110: ;   {runtime_call counter_overflow Runtime1 stub}
  0x0000018a5ebb5110: ffff ffe8 

  0x0000018a5ebb5114: ; ImmutableOopMap {rbx=Oop [248]=Oop [256]=Oop [264]=Oop }
                      ;*synchronization entry
                      ; - com.google.gson.JsonElement::isJsonPrimitive@-1 (line 75)
                      ; - net.minecraft.util.GsonHelper::convertToString@1 (line 117)
                      ; - net.minecraft.util.GsonHelper::getAsString@14 (line 126)
                      ; - net.minecraft.client.renderer.ShaderInstance::parseUniformNode@20 (line 360)
  0x0000018a5ebb5114: 680b 1106 | e92f cbff 

  0x0000018a5ebb511c: ;   {metadata({method} {0x0000018a032bbec0} 'getAsInt' '(Lcom/google/gson/JsonObject;Ljava/lang/String;)I' in 'net/minecraft/util/GsonHelper')}
  0x0000018a5ebb511c: ff49 bab8 | be2b 038a | 0100 004c | 8954 2408 | 48c7 0424 | ffff ffff 

  0x0000018a5ebb5134: ;   {runtime_call counter_overflow Runtime1 stub}
  0x0000018a5ebb5134: e847 0b11 

  0x0000018a5ebb5138: ; ImmutableOopMap {[248]=Oop [256]=Oop [264]=Oop }
                      ;*synchronization entry
                      ; - net.minecraft.util.GsonHelper::getAsInt@-1 (line 275)
                      ; - net.minecraft.client.renderer.ShaderInstance::parseUniformNode@32 (line 361)
  0x0000018a5ebb5138: 06e9 53cd 

  0x0000018a5ebb513c: ;   {metadata({method} {0x0000018a01e896e8} 'has' '(Ljava/lang/String;)Z' in 'com/google/gson/JsonObject')}
  0x0000018a5ebb513c: ffff 49ba | e096 e801 | 8a01 0000 | 4c89 5424 | 0848 c704 | 24ff ffff 

  0x0000018a5ebb5154: ;   {runtime_call counter_overflow Runtime1 stub}
  0x0000018a5ebb5154: ffe8 260b 

  0x0000018a5ebb5158: ; ImmutableOopMap {[248]=Oop [256]=Oop [264]=Oop }
                      ;*synchronization entry
                      ; - com.google.gson.JsonObject::has@-1 (line 175)
                      ; - net.minecraft.util.GsonHelper::getAsInt@2 (line 275)
                      ; - net.minecraft.client.renderer.ShaderInstance::parseUniformNode@32 (line 361)
  0x0000018a5ebb5158: 1106 e978 

  0x0000018a5ebb515c: ;   {runtime_call throw_null_pointer_exception Runtime1 stub}
  0x0000018a5ebb515c: cdff ffe8 

  0x0000018a5ebb5160: ; ImmutableOopMap {rsi=Oop rdx=Oop [248]=Oop [256]=Oop [264]=Oop }
                      ;*invokevirtual containsKey {reexecute=0 rethrow=0 return_oop=0}
                      ; - com.google.gson.JsonObject::has@5 (line 175)
                      ; - net.minecraft.util.GsonHelper::getAsInt@2 (line 275)
                      ; - net.minecraft.client.renderer.ShaderInstance::parseUniformNode@32 (line 361)
  0x0000018a5ebb5160: 1cba 1006 

  0x0000018a5ebb5164: ;   {metadata({method} {0x0000018a01ece9b0} 'containsKey' '(Ljava/lang/Object;)Z' in 'com/google/gson/internal/LinkedTreeMap')}
  0x0000018a5ebb5164: 49ba a8e9 | ec01 8a01 | 0000 4c89 | 5424 0848 | c704 24ff 

  0x0000018a5ebb5178: ;   {runtime_call counter_overflow Runtime1 stub}
  0x0000018a5ebb5178: ffff ffe8 

  0x0000018a5ebb517c: ; ImmutableOopMap {rsi=Oop rdx=Oop [248]=Oop [256]=Oop [264]=Oop }
                      ;*synchronization entry
                      ; - com.google.gson.internal.LinkedTreeMap::containsKey@-1 (line 107)
                      ; - com.google.gson.JsonObject::has@5 (line 175)
                      ; - net.minecraft.util.GsonHelper::getAsInt@2 (line 275)
                      ; - net.minecraft.client.renderer.ShaderInstance::parseUniformNode@32 (line 361)
  0x0000018a5ebb517c: 000b 1106 | e9a5 cdff 

  0x0000018a5ebb5184: ;   {metadata({method} {0x0000018a01ecf030} 'findByObject' '(Ljava/lang/Object;)Lcom/google/gson/internal/LinkedTreeMap$Node;' in 'com/google/gson/internal/LinkedTreeMap')}
  0x0000018a5ebb5184: ff49 ba28 | f0ec 018a | 0100 004c | 8954 2408 | 48c7 0424 | ffff ffff 

  0x0000018a5ebb519c: ;   {runtime_call counter_overflow Runtime1 stub}
  0x0000018a5ebb519c: e8df 0a11 

  0x0000018a5ebb51a0: ; ImmutableOopMap {rsi=Oop rdx=Oop [248]=Oop [256]=Oop [264]=Oop }
                      ;*synchronization entry
                      ; - com.google.gson.internal.LinkedTreeMap::findByObject@-1 (line 209)
                      ; - com.google.gson.internal.LinkedTreeMap::containsKey@2 (line 107)
                      ; - com.google.gson.JsonObject::has@5 (line 175)
                      ; - net.minecraft.util.GsonHelper::getAsInt@2 (line 275)
                      ; - net.minecraft.client.renderer.ShaderInstance::parseUniformNode@32 (line 361)
  0x0000018a5ebb51a0: 06e9 c5cd 

  0x0000018a5ebb51a4: ;   {metadata({method} {0x0000018a01e897a8} 'get' '(Ljava/lang/String;)Lcom/google/gson/JsonElement;' in 'com/google/gson/JsonObject')}
  0x0000018a5ebb51a4: ffff 49ba | a097 e801 | 8a01 0000 | 4c89 5424 | 0848 c704 | 24ff ffff 

  0x0000018a5ebb51bc: ;   {runtime_call counter_overflow Runtime1 stub}
  0x0000018a5ebb51bc: ffe8 be0a 

  0x0000018a5ebb51c0: ; ImmutableOopMap {rax=Oop [248]=Oop [256]=Oop [264]=Oop }
                      ;*synchronization entry
                      ; - com.google.gson.JsonObject::get@-1 (line 185)
                      ; - net.minecraft.util.GsonHelper::getAsInt@10 (line 276)
                      ; - net.minecraft.client.renderer.ShaderInstance::parseUniformNode@32 (line 361)
  0x0000018a5ebb51c0: 1106 e9f9 

  0x0000018a5ebb51c4: ;   {runtime_call throw_null_pointer_exception Runtime1 stub}
  0x0000018a5ebb51c4: ceff ffe8 

  0x0000018a5ebb51c8: ; ImmutableOopMap {rax=Oop rdx=Oop [248]=Oop [256]=Oop [264]=Oop }
                      ;*invokevirtual get {reexecute=0 rethrow=0 return_oop=0}
                      ; - com.google.gson.JsonObject::get@5 (line 185)
                      ; - net.minecraft.util.GsonHelper::getAsInt@10 (line 276)
                      ; - net.minecraft.client.renderer.ShaderInstance::parseUniformNode@32 (line 361)
  0x0000018a5ebb51c8: b4b9 1006 

  0x0000018a5ebb51cc: ;   {metadata({method} {0x0000018a01ece8d8} 'get' '(Ljava/lang/Object;)Ljava/lang/Object;' in 'com/google/gson/internal/LinkedTreeMap')}
  0x0000018a5ebb51cc: 49ba d0e8 | ec01 8a01 | 0000 4c89 | 5424 0848 | c704 24ff 

  0x0000018a5ebb51e0: ;   {runtime_call counter_overflow Runtime1 stub}
  0x0000018a5ebb51e0: ffff ffe8 

  0x0000018a5ebb51e4: ; ImmutableOopMap {rax=Oop rdx=Oop [248]=Oop [256]=Oop [264]=Oop }
                      ;*synchronization entry
                      ; - com.google.gson.internal.LinkedTreeMap::get@-1 (line 102)
                      ; - com.google.gson.JsonObject::get@5 (line 185)
                      ; - net.minecraft.util.GsonHelper::getAsInt@10 (line 276)
                      ; - net.minecraft.client.renderer.ShaderInstance::parseUniformNode@32 (line 361)
  0x0000018a5ebb51e4: 980a 1106 | e91e cfff 

  0x0000018a5ebb51ec: ;   {metadata({method} {0x0000018a01ecf030} 'findByObject' '(Ljava/lang/Object;)Lcom/google/gson/internal/LinkedTreeMap$Node;' in 'com/google/gson/internal/LinkedTreeMap')}
  0x0000018a5ebb51ec: ff49 ba28 | f0ec 018a | 0100 004c | 8954 2408 | 48c7 0424 | ffff ffff 

  0x0000018a5ebb5204: ;   {runtime_call counter_overflow Runtime1 stub}
  0x0000018a5ebb5204: e877 0a11 

  0x0000018a5ebb5208: ; ImmutableOopMap {rax=Oop rdx=Oop [248]=Oop [256]=Oop [264]=Oop }
                      ;*synchronization entry
                      ; - com.google.gson.internal.LinkedTreeMap::findByObject@-1 (line 209)
                      ; - com.google.gson.internal.LinkedTreeMap::get@2 (line 102)
                      ; - com.google.gson.JsonObject::get@5 (line 185)
                      ; - net.minecraft.util.GsonHelper::getAsInt@10 (line 276)
                      ; - net.minecraft.client.renderer.ShaderInstance::parseUniformNode@32 (line 361)
  0x0000018a5ebb5208: 06e9 3ecf 

  0x0000018a5ebb520c: ;   {runtime_call throw_null_pointer_exception Runtime1 stub}
  0x0000018a5ebb520c: ffff e86d 

  0x0000018a5ebb5210: ; ImmutableOopMap {[248]=Oop [256]=Oop [264]=Oop }
                      ;*getfield value {reexecute=1 rethrow=0 return_oop=0}
                      ; - (reexecute) com.google.gson.internal.LinkedTreeMap::get@11 (line 103)
                      ; - com.google.gson.JsonObject::get@5 (line 185)
                      ; - net.minecraft.util.GsonHelper::getAsInt@10 (line 276)
                      ; - net.minecraft.client.renderer.ShaderInstance::parseUniformNode@32 (line 361)
  0x0000018a5ebb5210: b910 0648 

  0x0000018a5ebb5214: ;   {runtime_call throw_class_cast_exception Runtime1 stub}
  0x0000018a5ebb5214: 8914 24e8 

  0x0000018a5ebb5218: ; ImmutableOopMap {[248]=Oop [256]=Oop [264]=Oop }
                      ;*checkcast {reexecute=0 rethrow=0 return_oop=0}
                      ; - com.google.gson.JsonObject::get@8 (line 185)
                      ; - net.minecraft.util.GsonHelper::getAsInt@10 (line 276)
                      ; - net.minecraft.client.renderer.ShaderInstance::parseUniformNode@32 (line 361)
  0x0000018a5ebb5218: 64dd 1006 

  0x0000018a5ebb521c: ;   {metadata({method} {0x0000018a001a9798} 'max' '(II)I' in 'java/lang/Math')}
  0x0000018a5ebb521c: 49ba 9097 | 1a00 8a01 | 0000 4c89 | 5424 0848 | c704 24ff 

  0x0000018a5ebb5230: ;   {runtime_call counter_overflow Runtime1 stub}
  0x0000018a5ebb5230: ffff ffe8 

  0x0000018a5ebb5234: ; ImmutableOopMap {[248]=Oop [256]=Oop [264]=Oop }
                      ;*synchronization entry
                      ; - java.lang.Math::max@-1 (line 2020)
                      ; - net.minecraft.client.renderer.ShaderInstance::parseUniformNode@41 (line 362)
  0x0000018a5ebb5234: 480a 1106 | e93f d1ff 

  0x0000018a5ebb523c: ;   {runtime_call new_type_array Runtime1 stub}
  0x0000018a5ebb523c: ffe8 3ec8 

  0x0000018a5ebb5240: ; ImmutableOopMap {r13=Oop [248]=Oop [256]=Oop [264]=Oop }
                      ;*newarray {reexecute=0 rethrow=0 return_oop=0}
                      ; - net.minecraft.client.renderer.ShaderInstance::parseUniformNode@44 (line 362)
  0x0000018a5ebb5240: 1006 e915 

  0x0000018a5ebb5244: ;   {metadata({method} {0x0000018a032bd288} 'getAsJsonArray' '(Lcom/google/gson/JsonObject;Ljava/lang/String;)Lcom/google/gson/JsonArray;' in 'net/minecraft/util/GsonHelper')}
  0x0000018a5ebb5244: d2ff ff49 | ba80 d22b | 038a 0100 | 004c 8954 | 2408 48c7 | 0424 ffff 

  0x0000018a5ebb525c: ;   {runtime_call counter_overflow Runtime1 stub}
  0x0000018a5ebb525c: ffff e81d 

  0x0000018a5ebb5260: ; ImmutableOopMap {r13=Oop rax=Oop [248]=Oop [256]=Oop [264]=Oop [280]=Oop }
                      ;*synchronization entry
                      ; - net.minecraft.util.GsonHelper::getAsJsonArray@-1 (line 445)
                      ; - net.minecraft.client.renderer.ShaderInstance::parseUniformNode@52 (line 363)
  0x0000018a5ebb5260: 0a11 06e9 | 3ad2 ffff 

  0x0000018a5ebb5268: ;   {metadata({method} {0x0000018a01e896e8} 'has' '(Ljava/lang/String;)Z' in 'com/google/gson/JsonObject')}
  0x0000018a5ebb5268: 49ba e096 | e801 8a01 | 0000 4c89 | 5424 0848 | c704 24ff 

  0x0000018a5ebb527c: ;   {runtime_call counter_overflow Runtime1 stub}
  0x0000018a5ebb527c: ffff ffe8 

  0x0000018a5ebb5280: ; ImmutableOopMap {r13=Oop rax=Oop [248]=Oop [256]=Oop [264]=Oop [280]=Oop }
                      ;*synchronization entry
                      ; - com.google.gson.JsonObject::has@-1 (line 175)
                      ; - net.minecraft.util.GsonHelper::getAsJsonArray@2 (line 445)
                      ; - net.minecraft.client.renderer.ShaderInstance::parseUniformNode@52 (line 363)
  0x0000018a5ebb5280: fc09 1106 | e95a d2ff 

  0x0000018a5ebb5288: ;   {runtime_call throw_null_pointer_exception Runtime1 stub}
  0x0000018a5ebb5288: ffe8 f2b8 

  0x0000018a5ebb528c: ; ImmutableOopMap {r13=Oop rax=Oop rdx=Oop [248]=Oop [256]=Oop [264]=Oop [280]=Oop }
                      ;*invokevirtual containsKey {reexecute=0 rethrow=0 return_oop=0}
                      ; - com.google.gson.JsonObject::has@5 (line 175)
                      ; - net.minecraft.util.GsonHelper::getAsJsonArray@2 (line 445)
                      ; - net.minecraft.client.renderer.ShaderInstance::parseUniformNode@52 (line 363)
                      ;   {metadata({method} {0x0000018a01ece9b0} 'containsKey' '(Ljava/lang/Object;)Z' in 'com/google/gson/internal/LinkedTreeMap')}
  0x0000018a5ebb528c: 1006 49ba | a8e9 ec01 | 8a01 0000 | 4c89 5424 | 0848 c704 | 24ff ffff 

  0x0000018a5ebb52a4: ;   {runtime_call counter_overflow Runtime1 stub}
  0x0000018a5ebb52a4: ffe8 d609 

  0x0000018a5ebb52a8: ; ImmutableOopMap {r13=Oop rax=Oop rdx=Oop [248]=Oop [256]=Oop [264]=Oop [280]=Oop }
                      ;*synchronization entry
                      ; - com.google.gson.internal.LinkedTreeMap::containsKey@-1 (line 107)
                      ; - com.google.gson.JsonObject::has@5 (line 175)
                      ; - net.minecraft.util.GsonHelper::getAsJsonArray@2 (line 445)
                      ; - net.minecraft.client.renderer.ShaderInstance::parseUniformNode@52 (line 363)
  0x0000018a5ebb52a8: 1106 e980 

  0x0000018a5ebb52ac: ;   {metadata({method} {0x0000018a01ecf030} 'findByObject' '(Ljava/lang/Object;)Lcom/google/gson/internal/LinkedTreeMap$Node;' in 'com/google/gson/internal/LinkedTreeMap')}
  0x0000018a5ebb52ac: d2ff ff49 | ba28 f0ec | 018a 0100 | 004c 8954 | 2408 48c7 | 0424 ffff 

  0x0000018a5ebb52c4: ;   {runtime_call counter_overflow Runtime1 stub}
  0x0000018a5ebb52c4: ffff e8b5 

  0x0000018a5ebb52c8: ; ImmutableOopMap {r13=Oop rax=Oop rdx=Oop [248]=Oop [256]=Oop [264]=Oop [280]=Oop }
                      ;*synchronization entry
                      ; - com.google.gson.internal.LinkedTreeMap::findByObject@-1 (line 209)
                      ; - com.google.gson.internal.LinkedTreeMap::containsKey@2 (line 107)
                      ; - com.google.gson.JsonObject::has@5 (line 175)
                      ; - net.minecraft.util.GsonHelper::getAsJsonArray@2 (line 445)
                      ; - net.minecraft.client.renderer.ShaderInstance::parseUniformNode@52 (line 363)
  0x0000018a5ebb52c8: 0911 06e9 | a0d2 ffff 

  0x0000018a5ebb52d0: ;   {metadata({method} {0x0000018a01e897a8} 'get' '(Ljava/lang/String;)Lcom/google/gson/JsonElement;' in 'com/google/gson/JsonObject')}
  0x0000018a5ebb52d0: 49ba a097 | e801 8a01 | 0000 4c89 | 5424 0848 | c704 24ff 

  0x0000018a5ebb52e4: ;   {runtime_call counter_overflow Runtime1 stub}
  0x0000018a5ebb52e4: ffff ffe8 

  0x0000018a5ebb52e8: ; ImmutableOopMap {rax=Oop [248]=Oop [256]=Oop [264]=Oop [280]=Oop }
                      ;*synchronization entry
                      ; - com.google.gson.JsonObject::get@-1 (line 185)
                      ; - net.minecraft.util.GsonHelper::getAsJsonArray@10 (line 446)
                      ; - net.minecraft.client.renderer.ShaderInstance::parseUniformNode@52 (line 363)
  0x0000018a5ebb52e8: 9409 1106 | e9cf d3ff 

  0x0000018a5ebb52f0: ;   {runtime_call throw_null_pointer_exception Runtime1 stub}
  0x0000018a5ebb52f0: ffe8 8ab8 

  0x0000018a5ebb52f4: ; ImmutableOopMap {rdx=Oop [248]=Oop [264]=Oop [280]=Oop }
                      ;*invokevirtual get {reexecute=0 rethrow=0 return_oop=0}
                      ; - com.google.gson.JsonObject::get@5 (line 185)
                      ; - net.minecraft.util.GsonHelper::getAsJsonArray@10 (line 446)
                      ; - net.minecraft.client.renderer.ShaderInstance::parseUniformNode@52 (line 363)
                      ;   {metadata({method} {0x0000018a01ece8d8} 'get' '(Ljava/lang/Object;)Ljava/lang/Object;' in 'com/google/gson/internal/LinkedTreeMap')}
  0x0000018a5ebb52f4: 1006 49ba | d0e8 ec01 | 8a01 0000 | 4c89 5424 | 0848 c704 | 24ff ffff 

  0x0000018a5ebb530c: ;   {runtime_call counter_overflow Runtime1 stub}
  0x0000018a5ebb530c: ffe8 6e09 

  0x0000018a5ebb5310: ; ImmutableOopMap {rdx=Oop [248]=Oop [264]=Oop [280]=Oop }
                      ;*synchronization entry
                      ; - com.google.gson.internal.LinkedTreeMap::get@-1 (line 102)
                      ; - com.google.gson.JsonObject::get@5 (line 185)
                      ; - net.minecraft.util.GsonHelper::getAsJsonArray@10 (line 446)
                      ; - net.minecraft.client.renderer.ShaderInstance::parseUniformNode@52 (line 363)
  0x0000018a5ebb5310: 1106 e9f4 

  0x0000018a5ebb5314: ;   {metadata({method} {0x0000018a01ecf030} 'findByObject' '(Ljava/lang/Object;)Lcom/google/gson/internal/LinkedTreeMap$Node;' in 'com/google/gson/internal/LinkedTreeMap')}
  0x0000018a5ebb5314: d3ff ff49 | ba28 f0ec | 018a 0100 | 004c 8954 | 2408 48c7 | 0424 ffff 

  0x0000018a5ebb532c: ;   {runtime_call counter_overflow Runtime1 stub}
  0x0000018a5ebb532c: ffff e84d 

  0x0000018a5ebb5330: ; ImmutableOopMap {rdx=Oop [248]=Oop [264]=Oop [280]=Oop }
                      ;*synchronization entry
                      ; - com.google.gson.internal.LinkedTreeMap::findByObject@-1 (line 209)
                      ; - com.google.gson.internal.LinkedTreeMap::get@2 (line 102)
                      ; - com.google.gson.JsonObject::get@5 (line 185)
                      ; - net.minecraft.util.GsonHelper::getAsJsonArray@10 (line 446)
                      ; - net.minecraft.client.renderer.ShaderInstance::parseUniformNode@52 (line 363)
  0x0000018a5ebb5330: 0911 06e9 | 14d4 ffff 

  0x0000018a5ebb5338: ;   {runtime_call throw_null_pointer_exception Runtime1 stub}
  0x0000018a5ebb5338: e843 b810 

  0x0000018a5ebb533c: ; ImmutableOopMap {[248]=Oop [264]=Oop [280]=Oop }
                      ;*getfield value {reexecute=1 rethrow=0 return_oop=0}
                      ; - (reexecute) com.google.gson.internal.LinkedTreeMap::get@11 (line 103)
                      ; - com.google.gson.JsonObject::get@5 (line 185)
                      ; - net.minecraft.util.GsonHelper::getAsJsonArray@10 (line 446)
                      ; - net.minecraft.client.renderer.ShaderInstance::parseUniformNode@52 (line 363)
  0x0000018a5ebb533c: 0648 8914 

  0x0000018a5ebb5340: ;   {runtime_call throw_class_cast_exception Runtime1 stub}
  0x0000018a5ebb5340: 24e8 3adc 

  0x0000018a5ebb5344: ; ImmutableOopMap {[248]=Oop [264]=Oop [280]=Oop }
                      ;*checkcast {reexecute=0 rethrow=0 return_oop=0}
                      ; - com.google.gson.JsonObject::get@8 (line 185)
                      ; - net.minecraft.util.GsonHelper::getAsJsonArray@10 (line 446)
                      ; - net.minecraft.client.renderer.ShaderInstance::parseUniformNode@52 (line 363)
                      ;   {metadata({method} {0x0000018a032bd1a0} 'convertToJsonArray' '(Lcom/google/gson/JsonElement;Ljava/lang/String;)Lcom/google/gson/JsonArray;' in 'net/minecraft/util/GsonHelper')}
  0x0000018a5ebb5344: 1006 49ba | 98d1 2b03 | 8a01 0000 | 4c89 5424 | 0848 c704 | 24ff ffff 

  0x0000018a5ebb535c: ;   {runtime_call counter_overflow Runtime1 stub}
  0x0000018a5ebb535c: ffe8 1e09 

  0x0000018a5ebb5360: ; ImmutableOopMap {rbx=Oop [248]=Oop [264]=Oop [280]=Oop }
                      ;*synchronization entry
                      ; - net.minecraft.util.GsonHelper::convertToJsonArray@-1 (line 437)
                      ; - net.minecraft.util.GsonHelper::getAsJsonArray@14 (line 446)
                      ; - net.minecraft.client.renderer.ShaderInstance::parseUniformNode@52 (line 363)
  0x0000018a5ebb5360: 1106 e9e0 

  0x0000018a5ebb5364: ;   {runtime_call throw_null_pointer_exception Runtime1 stub}
  0x0000018a5ebb5364: d5ff ffe8 

  0x0000018a5ebb5368: ; ImmutableOopMap {rbx=Oop [248]=Oop [264]=Oop [280]=Oop }
                      ;*invokevirtual isJsonArray {reexecute=0 rethrow=0 return_oop=0}
                      ; - net.minecraft.util.GsonHelper::convertToJsonArray@1 (line 437)
                      ; - net.minecraft.util.GsonHelper::getAsJsonArray@14 (line 446)
                      ; - net.minecraft.client.renderer.ShaderInstance::parseUniformNode@52 (line 363)
  0x0000018a5ebb5368: 14b8 1006 

  0x0000018a5ebb536c: ;   {metadata({method} {0x0000018a01e5bf40} 'isJsonArray' '()Z' in 'com/google/gson/JsonElement')}
  0x0000018a5ebb536c: 49ba 38bf | e501 8a01 | 0000 4c89 | 5424 0848 | c704 24ff 

  0x0000018a5ebb5380: ;   {runtime_call counter_overflow Runtime1 stub}
  0x0000018a5ebb5380: ffff ffe8 

  0x0000018a5ebb5384: ; ImmutableOopMap {rbx=Oop [248]=Oop [264]=Oop [280]=Oop }
                      ;*synchronization entry
                      ; - com.google.gson.JsonElement::isJsonArray@-1 (line 57)
                      ; - net.minecraft.util.GsonHelper::convertToJsonArray@1 (line 437)
                      ; - net.minecraft.util.GsonHelper::getAsJsonArray@14 (line 446)
                      ; - net.minecraft.client.renderer.ShaderInstance::parseUniformNode@52 (line 363)
  0x0000018a5ebb5384: f808 1106 | e977 d6ff 

  0x0000018a5ebb538c: ;   {runtime_call throw_null_pointer_exception Runtime1 stub}
  0x0000018a5ebb538c: ffe8 eeb7 

  0x0000018a5ebb5390: ; ImmutableOopMap {rax=Oop [248]=Oop [264]=Oop [280]=Oop [304]=Oop }
                      ;*invokevirtual size {reexecute=0 rethrow=0 return_oop=0}
                      ; - net.minecraft.client.renderer.ShaderInstance::parseUniformNode@59 (line 364)
                      ;   {metadata({method} {0x0000018a01eb22e0} 'size' '()I' in 'com/google/gson/JsonArray')}
  0x0000018a5ebb5390: 1006 49ba | d822 eb01 | 8a01 0000 | 4c89 5424 | 0848 c704 | 24ff ffff 

  0x0000018a5ebb53a8: ;   {runtime_call counter_overflow Runtime1 stub}
  0x0000018a5ebb53a8: ffe8 d208 

  0x0000018a5ebb53ac: ; ImmutableOopMap {rax=Oop [248]=Oop [264]=Oop [280]=Oop [304]=Oop }
                      ;*synchronization entry
                      ; - com.google.gson.JsonArray::size@-1 (line 195)
                      ; - net.minecraft.client.renderer.ShaderInstance::parseUniformNode@59 (line 364)
  0x0000018a5ebb53ac: 1106 e960 

  0x0000018a5ebb53b0: ;   {runtime_call throw_null_pointer_exception Runtime1 stub}
  0x0000018a5ebb53b0: d8ff ffe8 

  0x0000018a5ebb53b4: ; ImmutableOopMap {rax=Oop rbx=Oop [248]=Oop [264]=Oop [280]=Oop [304]=Oop }
                      ;*invokevirtual size {reexecute=0 rethrow=0 return_oop=0}
                      ; - com.google.gson.JsonArray::size@4 (line 195)
                      ; - net.minecraft.client.renderer.ShaderInstance::parseUniformNode@59 (line 364)
  0x0000018a5ebb53b4: c8b7 1006 

  0x0000018a5ebb53b8: ;   {metadata({method} {0x0000018a01eb22e0} 'size' '()I' in 'com/google/gson/JsonArray')}
  0x0000018a5ebb53b8: 49ba d822 | eb01 8a01 | 0000 4c89 | 5424 0848 | c704 24ff 

  0x0000018a5ebb53cc: ;   {runtime_call counter_overflow Runtime1 stub}
  0x0000018a5ebb53cc: ffff ffe8 

  0x0000018a5ebb53d0: ; ImmutableOopMap {rax=Oop rbx=Oop [248]=Oop [264]=Oop [280]=Oop [304]=Oop }
                      ;*synchronization entry
                      ; - com.google.gson.JsonArray::size@-1 (line 195)
                      ; - net.minecraft.client.renderer.ShaderInstance::parseUniformNode@69 (line 364)
  0x0000018a5ebb53d0: ac08 1106 | e94b d9ff 

  0x0000018a5ebb53d8: ;   {metadata({method} {0x0000018a01eb2440} 'iterator' '()Ljava/util/Iterator;' in 'com/google/gson/JsonArray')}
  0x0000018a5ebb53d8: ff49 ba38 | 24eb 018a | 0100 004c | 8954 2408 | 48c7 0424 | ffff ffff 

  0x0000018a5ebb53f0: ;   {runtime_call counter_overflow Runtime1 stub}
  0x0000018a5ebb53f0: e88b 0811 

  0x0000018a5ebb53f4: ; ImmutableOopMap {rax=Oop rbx=Oop [248]=Oop [264]=Oop [280]=Oop [304]=Oop }
                      ;*synchronization entry
                      ; - com.google.gson.JsonArray::iterator@-1 (line 216)
                      ; - net.minecraft.client.renderer.ShaderInstance::parseUniformNode@101 (line 369)
  0x0000018a5ebb53f4: 06e9 29da 

  0x0000018a5ebb53f8: ;   {metadata({method} {0x0000018a0012e610} 'iterator' '()Ljava/util/Iterator;' in 'java/util/ArrayList')}
  0x0000018a5ebb53f8: ffff 49ba | 08e6 1200 | 8a01 0000 | 4c89 5424 | 0848 c704 | 24ff ffff 

  0x0000018a5ebb5410: ;   {runtime_call counter_overflow Runtime1 stub}
  0x0000018a5ebb5410: ffe8 6a08 

  0x0000018a5ebb5414: ; ImmutableOopMap {rax=Oop rbx=Oop [248]=Oop [264]=Oop [280]=Oop [304]=Oop }
                      ;*synchronization entry
                      ; - java.util.ArrayList::iterator@-1 (line 1029)
                      ; - com.google.gson.JsonArray::iterator@4 (line 216)
                      ; - net.minecraft.client.renderer.ShaderInstance::parseUniformNode@101 (line 369)
  0x0000018a5ebb5414: 1106 e9c2 | daff ff48 

  0x0000018a5ebb541c: ;   {runtime_call fast_new_instance Runtime1 stub}
  0x0000018a5ebb541c: 8bd2 e85d 

  0x0000018a5ebb5420: ; ImmutableOopMap {rbx=Oop [248]=Oop [264]=Oop [280]=Oop [304]=Oop }
                      ;*new {reexecute=0 rethrow=0 return_oop=0}
                      ; - java.util.ArrayList::iterator@0 (line 1029)
                      ; - com.google.gson.JsonArray::iterator@4 (line 216)
                      ; - net.minecraft.client.renderer.ShaderInstance::parseUniformNode@101 (line 369)
  0x0000018a5ebb5420: c010 06e9 | 09db ffff 

  0x0000018a5ebb5428: ;   {metadata({method} {0x0000018a00553b08} '<init>' '(Ljava/util/ArrayList;)V' in 'java/util/ArrayList$Itr')}
  0x0000018a5ebb5428: 49ba 003b | 5500 8a01 | 0000 4c89 | 5424 0848 | c704 24ff 

  0x0000018a5ebb543c: ;   {runtime_call counter_overflow Runtime1 stub}
  0x0000018a5ebb543c: ffff ffe8 

  0x0000018a5ebb5440: ; ImmutableOopMap {rbx=Oop rax=Oop [248]=Oop [264]=Oop [280]=Oop [296]=Oop [304]=Oop }
                      ;*synchronization entry
                      ; - java.util.ArrayList$Itr::<init>@-1 (line 1041)
                      ; - java.util.ArrayList::iterator@5 (line 1029)
                      ; - com.google.gson.JsonArray::iterator@4 (line 216)
                      ; - net.minecraft.client.renderer.ShaderInstance::parseUniformNode@101 (line 369)
  0x0000018a5ebb5440: 3c08 1106 | e92c dbff | ff8b 5018 | 48c1 e203 | 4883 fa00 | 0f84 28db | ffff 4889 

  0x0000018a5ebb545c: ;   {runtime_call g1_pre_barrier_slow}
  0x0000018a5ebb545c: 1424 e81d | 0e11 06e9 | 1adb ffff | 4883 fb00 | 0f84 2fdb | ffff 4889 

  0x0000018a5ebb5474: ;   {runtime_call g1_post_barrier_slow}
  0x0000018a5ebb5474: 0424 e805 | 1111 06e9 | 21db ffff 

  0x0000018a5ebb5480: ;   {metadata({method} {0x0000018a00000648} '<init>' '()V' in 'java/lang/Object')}
  0x0000018a5ebb5480: 49ba 4006 | 0000 8a01 | 0000 4c89 | 5424 0848 | c704 24ff 

  0x0000018a5ebb5494: ;   {runtime_call counter_overflow Runtime1 stub}
  0x0000018a5ebb5494: ffff ffe8 

  0x0000018a5ebb5498: ; ImmutableOopMap {rbx=Oop rax=Oop [248]=Oop [264]=Oop [280]=Oop [296]=Oop [304]=Oop }
                      ;*synchronization entry
                      ; - java.lang.Object::<init>@-1 (line 45)
                      ; - java.util.ArrayList$Itr::<init>@6 (line 1041)
                      ; - java.util.ArrayList::iterator@5 (line 1029)
                      ; - com.google.gson.JsonArray::iterator@4 (line 216)
                      ; - net.minecraft.client.renderer.ShaderInstance::parseUniformNode@101 (line 369)
  0x0000018a5ebb5498: e407 1106 | e93c dbff 

  0x0000018a5ebb54a0: ;   {metadata({method} {0x0000018a00553bc0} 'hasNext' '()Z' in 'java/util/ArrayList$Itr')}
  0x0000018a5ebb54a0: ff49 bab8 | 3b55 008a | 0100 004c | 8954 2408 | 48c7 0424 | ffff ffff 

  0x0000018a5ebb54b8: ;   {runtime_call counter_overflow Runtime1 stub}
  0x0000018a5ebb54b8: e8c3 0711 

  0x0000018a5ebb54bc: ; ImmutableOopMap {rax=Oop [248]=Oop [264]=Oop [280]=Oop [296]=Oop [304]=Oop }
                      ;*synchronization entry
                      ; - java.util.ArrayList$Itr::hasNext@-1 (line 1044)
                      ; - net.minecraft.client.renderer.ShaderInstance::parseUniformNode@108 (line 369)
  0x0000018a5ebb54bc: 06e9 f0db 

  0x0000018a5ebb54c0: ;   {runtime_call throw_null_pointer_exception Runtime1 stub}
  0x0000018a5ebb54c0: ffff e8b9 

  0x0000018a5ebb54c4: ; ImmutableOopMap {rax=Oop [248]=Oop [264]=Oop [280]=Oop [296]=Oop [304]=Oop }
                      ;*getfield size {reexecute=1 rethrow=0 return_oop=0}
                      ; - (reexecute) java.util.ArrayList$Itr::hasNext@8 (line 1044)
                      ; - net.minecraft.client.renderer.ShaderInstance::parseUniformNode@108 (line 369)
  0x0000018a5ebb54c4: b610 0648 

  0x0000018a5ebb54c8: ;   {runtime_call throw_class_cast_exception Runtime1 stub}
  0x0000018a5ebb54c8: 8904 24e8 

  0x0000018a5ebb54cc: ; ImmutableOopMap {[248]=Oop [264]=Oop [280]=Oop [296]=Oop [304]=Oop }
                      ;*checkcast {reexecute=0 rethrow=0 return_oop=0}
                      ; - net.minecraft.client.renderer.ShaderInstance::parseUniformNode@123 (line 369)
  0x0000018a5ebb54cc: b0da 1006 | 4889 3424 | 4889 4424 

  0x0000018a5ebb54d8: ;   {runtime_call throw_range_check_failed Runtime1 stub}
  0x0000018a5ebb54d8: 08e8 a2ad 

  0x0000018a5ebb54dc: ; ImmutableOopMap {rax=Oop [248]=Oop [264]=Oop [280]=Oop [296]=Oop [304]=Oop }
                      ;*fastore {reexecute=0 rethrow=0 return_oop=0}
                      ; - net.minecraft.client.renderer.ShaderInstance::parseUniformNode@140 (line 371)
                      ;   {metadata({method} {0x0000018a1c6af018} 'parseUniformNode' '(Lcom/google/gson/JsonElement;)V' in 'net/minecraft/client/renderer/ShaderInstance')}
  0x0000018a5ebb54dc: 1006 49ba | 10f0 6a1c | 8a01 0000 | 4c89 5424 | 0848 c704 | 24ab 0000 

  0x0000018a5ebb54f4: ;   {runtime_call counter_overflow Runtime1 stub}
  0x0000018a5ebb54f4: 00e8 8607 

  0x0000018a5ebb54f8: ; ImmutableOopMap {rax=Oop [248]=Oop [264]=Oop [280]=Oop [296]=Oop [304]=Oop }
                      ;*goto {reexecute=1 rethrow=0 return_oop=0}
                      ; - (reexecute) net.minecraft.client.renderer.ShaderInstance::parseUniformNode@171 (line 379)
  0x0000018a5ebb54f8: 1106 e957 

  0x0000018a5ebb54fc: ;   {metadata({method} {0x0000018a01eb22e0} 'size' '()I' in 'com/google/gson/JsonArray')}
  0x0000018a5ebb54fc: deff ff49 | bad8 22eb | 018a 0100 | 004c 8954 | 2408 48c7 | 0424 ffff 

  0x0000018a5ebb5514: ;   {runtime_call counter_overflow Runtime1 stub}
  0x0000018a5ebb5514: ffff e865 

  0x0000018a5ebb5518: ; ImmutableOopMap {rax=Oop r9=Oop [248]=Oop [264]=Oop [280]=Oop [304]=Oop }
                      ;*synchronization entry
                      ; - com.google.gson.JsonArray::size@-1 (line 195)
                      ; - net.minecraft.client.renderer.ShaderInstance::parseUniformNode@182 (line 381)
  0x0000018a5ebb5518: 0711 06e9 | edde ffff 

  0x0000018a5ebb5520: ;   {runtime_call throw_null_pointer_exception Runtime1 stub}
  0x0000018a5ebb5520: e85b b610 

  0x0000018a5ebb5524: ; ImmutableOopMap {rax=Oop rdx=Oop [248]=Oop [264]=Oop [280]=Oop }
                      ;*invokevirtual size {reexecute=0 rethrow=0 return_oop=0}
                      ; - com.google.gson.JsonArray::size@4 (line 195)
                      ; - net.minecraft.client.renderer.ShaderInstance::parseUniformNode@182 (line 381)
  0x0000018a5ebb5524: 0648 c704 | 2400 0000 | 0048 8944 

  0x0000018a5ebb5530: ;   {runtime_call throw_range_check_failed Runtime1 stub}
  0x0000018a5ebb5530: 2408 e849 

  0x0000018a5ebb5534: ; ImmutableOopMap {rax=Oop [248]=Oop [264]=Oop [280]=Oop }
                      ;*faload {reexecute=0 rethrow=0 return_oop=0}
                      ; - net.minecraft.client.renderer.ShaderInstance::parseUniformNode@203 (line 383)
  0x0000018a5ebb5534: ad10 0648 | 8934 2448 | 8944 2408 

  0x0000018a5ebb5540: ;   {runtime_call throw_range_check_failed Runtime1 stub}
  0x0000018a5ebb5540: e83b ad10 

  0x0000018a5ebb5544: ; ImmutableOopMap {rax=Oop [248]=Oop [264]=Oop [280]=Oop }
                      ;*fastore {reexecute=0 rethrow=0 return_oop=0}
                      ; - net.minecraft.client.renderer.ShaderInstance::parseUniformNode@204 (line 383)
                      ;   {metadata({method} {0x0000018a1c6af018} 'parseUniformNode' '(Lcom/google/gson/JsonElement;)V' in 'net/minecraft/client/renderer/ShaderInstance')}
  0x0000018a5ebb5544: 0649 ba10 | f06a 1c8a | 0100 004c | 8954 2408 | 48c7 0424 | d000 0000 

  0x0000018a5ebb555c: ;   {runtime_call counter_overflow Runtime1 stub}
  0x0000018a5ebb555c: e81f 0711 

  0x0000018a5ebb5560: ; ImmutableOopMap {rax=Oop [248]=Oop [264]=Oop [280]=Oop }
                      ;*goto {reexecute=1 rethrow=0 return_oop=0}
                      ; - (reexecute) net.minecraft.client.renderer.ShaderInstance::parseUniformNode@208 (line 384)
  0x0000018a5ebb5560: 06e9 ccdf | ffff 488b 

  0x0000018a5ebb5568: ;   {runtime_call fast_new_instance Runtime1 stub}
  0x0000018a5ebb5568: d2e8 12bf 

  0x0000018a5ebb556c: ; ImmutableOopMap {[248]=Oop [264]=Oop [280]=Oop }
                      ;*new {reexecute=0 rethrow=0 return_oop=0}
                      ; - net.minecraft.client.renderer.ShaderInstance::parseUniformNode@240 (line 389)
  0x0000018a5ebb556c: 1006 e929 

  0x0000018a5ebb5570: ;   {metadata({method} {0x0000018a001dfc88} 'copyOfRange' '([FII)[F' in 'java/util/Arrays')}
  0x0000018a5ebb5570: e1ff ff49 | ba80 fc1d | 008a 0100 | 004c 8954 | 2408 48c7 | 0424 ffff 

  0x0000018a5ebb5588: ;   {runtime_call counter_overflow Runtime1 stub}
  0x0000018a5ebb5588: ffff e8f1 

  0x0000018a5ebb558c: ; ImmutableOopMap {[248]=Oop [280]=Oop [312]=Oop }
                      ;*synchronization entry
                      ; - java.util.Arrays::copyOfRange@-1 (line 4073)
                      ; - net.minecraft.client.renderer.ShaderInstance::parseUniformNode@330 (line 395)
  0x0000018a5ebb558c: 0611 06e9 | eee1 ffff 

  0x0000018a5ebb5594: ;   {metadata({method} {0x0000018a001dfda0} 'copyOfRangeFloat' '([FII)[F' in 'java/util/Arrays')}
  0x0000018a5ebb5594: 49ba 98fd | 1d00 8a01 | 0000 4c89 | 5424 0848 | c704 24ff 

  0x0000018a5ebb55a8: ;   {runtime_call counter_overflow Runtime1 stub}
  0x0000018a5ebb55a8: ffff ffe8 

  0x0000018a5ebb55ac: ; ImmutableOopMap {rax=Oop [248]=Oop [280]=Oop [312]=Oop }
                      ;*synchronization entry
                      ; - java.util.Arrays::copyOfRangeFloat@-1 (line 4081)
                      ; - java.util.Arrays::copyOfRange@13 (line 4074)
                      ; - net.minecraft.client.renderer.ShaderInstance::parseUniformNode@330 (line 395)
  0x0000018a5ebb55ac: d006 1106 | e959 e2ff 

  0x0000018a5ebb55b4: ;   {metadata({method} {0x0000018a001df190} 'checkLength' '(II)V' in 'java/util/Arrays')}
  0x0000018a5ebb55b4: ff49 ba88 | f11d 008a | 0100 004c | 8954 2408 | 48c7 0424 | ffff ffff 

  0x0000018a5ebb55cc: ;   {runtime_call counter_overflow Runtime1 stub}
  0x0000018a5ebb55cc: e8af 0611 

  0x0000018a5ebb55d0: ; ImmutableOopMap {rax=Oop [248]=Oop [280]=Oop [312]=Oop }
                      ;*synchronization entry
                      ; - java.util.Arrays::checkLength@-1 (line 3820)
                      ; - java.util.Arrays::copyOfRangeFloat@2 (line 4081)
                      ; - java.util.Arrays::copyOfRange@13 (line 4074)
                      ; - net.minecraft.client.renderer.ShaderInstance::parseUniformNode@330 (line 395)
  0x0000018a5ebb55d0: 06e9 71e2 

  0x0000018a5ebb55d4: ;   {runtime_call new_type_array Runtime1 stub}
  0x0000018a5ebb55d4: ffff e8a5 

  0x0000018a5ebb55d8: ; ImmutableOopMap {r11=Oop [248]=Oop [280]=Oop [312]=Oop }
                      ;*newarray {reexecute=0 rethrow=0 return_oop=0}
                      ; - java.util.Arrays::copyOfRangeFloat@10 (line 4083)
                      ; - java.util.Arrays::copyOfRange@13 (line 4074)
                      ; - net.minecraft.client.renderer.ShaderInstance::parseUniformNode@330 (line 395)
  0x0000018a5ebb55d8: c410 06e9 | 25e3 ffff 

  0x0000018a5ebb55e0: ;   {metadata({method} {0x0000018a001a9b70} 'min' '(II)I' in 'java/lang/Math')}
  0x0000018a5ebb55e0: 49ba 689b | 1a00 8a01 | 0000 4c89 | 5424 0848 | c704 24ff 

  0x0000018a5ebb55f4: ;   {runtime_call counter_overflow Runtime1 stub}
  0x0000018a5ebb55f4: ffff ffe8 

  0x0000018a5ebb55f8: ; ImmutableOopMap {r11=Oop rax=Oop [248]=Oop [280]=Oop [312]=Oop }
                      ;*synchronization entry
                      ; - java.lang.Math::min@-1 (line 2115)
                      ; - java.util.Arrays::copyOfRangeFloat@24 (line 4085)
                      ; - java.util.Arrays::copyOfRange@13 (line 4074)
                      ; - net.minecraft.client.renderer.ShaderInstance::parseUniformNode@330 (line 395)
  0x0000018a5ebb55f8: 8406 1106 | e93d e3ff | ff66 0f1f 

  0x0000018a5ebb5604: ;   {static_call}
  0x0000018a5ebb5604: 4400 00e8 

  0x0000018a5ebb5608: ; ImmutableOopMap {[248]=Oop [312]=Oop [320]=Oop }
                      ;*invokestatic arraycopy {reexecute=0 rethrow=0 return_oop=0}
                      ; - java.util.Arrays::copyOfRangeFloat@27 (line 4084)
                      ; - java.util.Arrays::copyOfRange@13 (line 4074)
                      ; - net.minecraft.client.renderer.ShaderInstance::parseUniformNode@330 (line 395)
  0x0000018a5ebb5608: 749a 0406 | e901 e4ff | ff48 8904 

  0x0000018a5ebb5614: ;   {runtime_call throw_class_cast_exception Runtime1 stub}
  0x0000018a5ebb5614: 24e8 66d9 

  0x0000018a5ebb5618: ; ImmutableOopMap {[248]=Oop [312]=Oop }
                      ;*checkcast {reexecute=0 rethrow=0 return_oop=0}
                      ; - java.util.Arrays::copyOfRange@21 (line 4076)
                      ; - net.minecraft.client.renderer.ShaderInstance::parseUniformNode@330 (line 395)
  0x0000018a5ebb5618: 1006 48c7 | 0424 0000 | 0000 4c89 

  0x0000018a5ebb5624: ;   {runtime_call throw_range_check_failed Runtime1 stub}
  0x0000018a5ebb5624: 5c24 08e8 

  0x0000018a5ebb5628: ; ImmutableOopMap {r11=Oop [248]=Oop [280]=Oop [312]=Oop }
                      ;*faload {reexecute=0 rethrow=0 return_oop=0}
                      ; - net.minecraft.client.renderer.ShaderInstance::parseUniformNode@304 (line 393)
  0x0000018a5ebb5628: 54ac 1006 | 48c7 0424 | 0100 0000 | 4c89 5c24 

  0x0000018a5ebb5638: ;   {runtime_call throw_range_check_failed Runtime1 stub}
  0x0000018a5ebb5638: 08e8 42ac 

  0x0000018a5ebb563c: ; ImmutableOopMap {r11=Oop [248]=Oop [280]=Oop [312]=Oop }
                      ;*faload {reexecute=0 rethrow=0 return_oop=0}
                      ; - net.minecraft.client.renderer.ShaderInstance::parseUniformNode@308 (line 393)
  0x0000018a5ebb563c: 1006 48c7 | 0424 0200 | 0000 4c89 

  0x0000018a5ebb5648: ;   {runtime_call throw_range_check_failed Runtime1 stub}
  0x0000018a5ebb5648: 5c24 08e8 

  0x0000018a5ebb564c: ; ImmutableOopMap {r11=Oop [248]=Oop [280]=Oop [312]=Oop }
                      ;*faload {reexecute=0 rethrow=0 return_oop=0}
                      ; - net.minecraft.client.renderer.ShaderInstance::parseUniformNode@312 (line 393)
  0x0000018a5ebb564c: 30ac 1006 | 48c7 0424 | 0300 0000 | 4c89 5c24 

  0x0000018a5ebb565c: ;   {runtime_call throw_range_check_failed Runtime1 stub}
  0x0000018a5ebb565c: 08e8 1eac 

  0x0000018a5ebb5660: ; ImmutableOopMap {r11=Oop [248]=Oop [280]=Oop [312]=Oop }
                      ;*faload {reexecute=0 rethrow=0 return_oop=0}
                      ; - net.minecraft.client.renderer.ShaderInstance::parseUniformNode@316 (line 393)
  0x0000018a5ebb5660: 1006 48c7 | 0424 0000 | 0000 4c89 

  0x0000018a5ebb566c: ;   {runtime_call throw_range_check_failed Runtime1 stub}
  0x0000018a5ebb566c: 5c24 08e8 

  0x0000018a5ebb5670: ; ImmutableOopMap {r11=Oop [248]=Oop [280]=Oop [312]=Oop }
                      ;*faload {reexecute=0 rethrow=0 return_oop=0}
                      ; - net.minecraft.client.renderer.ShaderInstance::parseUniformNode@269 (line 391)
  0x0000018a5ebb5670: 0cac 1006 | 48c7 0424 | 0100 0000 | 4c89 5c24 

  0x0000018a5ebb5680: ;   {runtime_call throw_range_check_failed Runtime1 stub}
  0x0000018a5ebb5680: 08e8 faab 

  0x0000018a5ebb5684: ; ImmutableOopMap {r11=Oop [248]=Oop [280]=Oop [312]=Oop }
                      ;*faload {reexecute=0 rethrow=0 return_oop=0}
                      ; - net.minecraft.client.renderer.ShaderInstance::parseUniformNode@274 (line 391)
  0x0000018a5ebb5684: 1006 48c7 | 0424 0200 | 0000 4c89 

  0x0000018a5ebb5690: ;   {runtime_call throw_range_check_failed Runtime1 stub}
  0x0000018a5ebb5690: 5c24 08e8 

  0x0000018a5ebb5694: ; ImmutableOopMap {r11=Oop [248]=Oop [280]=Oop [312]=Oop }
                      ;*faload {reexecute=0 rethrow=0 return_oop=0}
                      ; - net.minecraft.client.renderer.ShaderInstance::parseUniformNode@279 (line 391)
  0x0000018a5ebb5694: e8ab 1006 | 48c7 0424 | 0300 0000 | 4c89 5c24 

  0x0000018a5ebb56a4: ;   {runtime_call throw_range_check_failed Runtime1 stub}
  0x0000018a5ebb56a4: 08e8 d6ab 

  0x0000018a5ebb56a8: ; ImmutableOopMap {r11=Oop [248]=Oop [280]=Oop [312]=Oop }
                      ;*faload {reexecute=0 rethrow=0 return_oop=0}
                      ; - net.minecraft.client.renderer.ShaderInstance::parseUniformNode@284 (line 391)
                      ;   {runtime_call throw_null_pointer_exception Runtime1 stub}
  0x0000018a5ebb56a8: 1006 e8d1 

  0x0000018a5ebb56ac: ; ImmutableOopMap {rdx=Oop [312]=Oop }
                      ;*invokeinterface add {reexecute=0 rethrow=0 return_oop=0}
                      ; - net.minecraft.client.renderer.ShaderInstance::parseUniformNode@342 (line 398)
                      ;   {internal_word}
  0x0000018a5ebb56ac: b410 0649 | ba5c 3ebb | 5e8a 0100 | 004d 8997 | 6004 0000 

  0x0000018a5ebb56c0: ;   {runtime_call SafepointBlob}
  0x0000018a5ebb56c0: e93b 0005 

  0x0000018a5ebb56c4: ;   {metadata(nullptr)}
  0x0000018a5ebb56c4: 0648 ba00 | 0000 0000 | 0000 00b8 | 000f 050a 

  0x0000018a5ebb56d4: ;   {runtime_call load_klass_patching Runtime1 stub}
  0x0000018a5ebb56d4: e827 f510 

  0x0000018a5ebb56d8: ; ImmutableOopMap {[248]=Oop [280]=Oop [312]=Oop }
                      ;*new {reexecute=1 rethrow=0 return_oop=0}
                      ; - (reexecute) java.util.Arrays::checkLength@5 (line 3821)
                      ; - java.util.Arrays::copyOfRangeFloat@2 (line 4081)
                      ; - java.util.Arrays::copyOfRange@13 (line 4074)
                      ; - net.minecraft.client.renderer.ShaderInstance::parseUniformNode@330 (line 395)
  0x0000018a5ebb56d8: 06e9 92e7 | ffff 488b 

  0x0000018a5ebb56e0: ;   {runtime_call fast_new_instance Runtime1 stub}
  0x0000018a5ebb56e0: d2e8 9abd 

  0x0000018a5ebb56e4: ; ImmutableOopMap {[248]=Oop [280]=Oop [312]=Oop }
                      ;*new {reexecute=0 rethrow=0 return_oop=0}
                      ; - java.util.Arrays::checkLength@5 (line 3821)
                      ; - java.util.Arrays::copyOfRangeFloat@2 (line 4081)
                      ; - java.util.Arrays::copyOfRange@13 (line 4074)
                      ; - net.minecraft.client.renderer.ShaderInstance::parseUniformNode@330 (line 395)
  0x0000018a5ebb56e4: 1006 e9dd | e7ff ff48 

  0x0000018a5ebb56ec: ;   {runtime_call fast_new_instance Runtime1 stub}
  0x0000018a5ebb56ec: 8bd2 e88d 

  0x0000018a5ebb56f0: ; ImmutableOopMap {[248]=Oop [280]=Oop [312]=Oop [336]=Oop }
                      ;*new {reexecute=0 rethrow=0 return_oop=0}
                      ; - java.util.Arrays::checkLength@9 (line 3821)
                      ; - java.util.Arrays::copyOfRangeFloat@2 (line 4081)
                      ; - java.util.Arrays::copyOfRange@13 (line 4074)
                      ; - net.minecraft.client.renderer.ShaderInstance::parseUniformNode@330 (line 395)
  0x0000018a5ebb56f0: bd10 06e9 | 28e8 ffff 

  0x0000018a5ebb56f8: ;   {metadata({method} {0x0000018a000d7688} '<init>' '()V' in 'java/lang/StringBuilder')}
  0x0000018a5ebb56f8: 49ba 8076 | 0d00 8a01 | 0000 4c89 | 5424 0848 | c704 24ff 

  0x0000018a5ebb570c: ;   {runtime_call counter_overflow Runtime1 stub}
  0x0000018a5ebb570c: ffff ffe8 

  0x0000018a5ebb5710: ; ImmutableOopMap {rax=Oop [248]=Oop [280]=Oop [312]=Oop [336]=Oop }
                      ;*synchronization entry
                      ; - java.lang.StringBuilder::<init>@-1 (line 106)
                      ; - java.util.Arrays::checkLength@13 (line 3821)
                      ; - java.util.Arrays::copyOfRangeFloat@2 (line 4081)
                      ; - java.util.Arrays::copyOfRange@13 (line 4074)
                      ; - net.minecraft.client.renderer.ShaderInstance::parseUniformNode@330 (line 395)
  0x0000018a5ebb5710: 6c05 1106 | e945 e8ff 

  0x0000018a5ebb5718: ;   {metadata({method} {0x0000018a000d8150} 'append' '(I)Ljava/lang/StringBuilder;' in 'java/lang/StringBuilder')}
  0x0000018a5ebb5718: ff49 ba48 | 810d 008a | 0100 004c | 8954 2408 | 48c7 0424 | ffff ffff 

  0x0000018a5ebb5730: ;   {runtime_call counter_overflow Runtime1 stub}
  0x0000018a5ebb5730: e84b 0511 

  0x0000018a5ebb5734: ; ImmutableOopMap {[248]=Oop [280]=Oop [312]=Oop [328]=Oop [336]=Oop }
                      ;*synchronization entry
                      ; - java.lang.StringBuilder::append@-1 (line 253)
                      ; - java.util.Arrays::checkLength@17 (line 3821)
                      ; - java.util.Arrays::copyOfRangeFloat@2 (line 4081)
                      ; - java.util.Arrays::copyOfRange@13 (line 4074)
                      ; - net.minecraft.client.renderer.ShaderInstance::parseUniformNode@330 (line 395)
  0x0000018a5ebb5734: 06e9 9de8 

  0x0000018a5ebb5738: ;   {metadata({method} {0x0000018a000d7b20} 'append' '(Ljava/lang/String;)Ljava/lang/StringBuilder;' in 'java/lang/StringBuilder')}
  0x0000018a5ebb5738: ffff 49ba | 187b 0d00 | 8a01 0000 | 4c89 5424 | 0848 c704 | 24ff ffff 

  0x0000018a5ebb5750: ;   {runtime_call counter_overflow Runtime1 stub}
  0x0000018a5ebb5750: ffe8 2a05 

  0x0000018a5ebb5754: ; ImmutableOopMap {[248]=Oop [280]=Oop [312]=Oop [328]=Oop [336]=Oop }
                      ;*synchronization entry
                      ; - java.lang.StringBuilder::append@-1 (line 179)
                      ; - java.util.Arrays::checkLength@23 (line 3821)
                      ; - java.util.Arrays::copyOfRangeFloat@2 (line 4081)
                      ; - java.util.Arrays::copyOfRange@13 (line 4074)
                      ; - net.minecraft.client.renderer.ShaderInstance::parseUniformNode@330 (line 395)
  0x0000018a5ebb5754: 1106 e9f4 

  0x0000018a5ebb5758: ;   {metadata({method} {0x0000018a000d8150} 'append' '(I)Ljava/lang/StringBuilder;' in 'java/lang/StringBuilder')}
  0x0000018a5ebb5758: e8ff ff49 | ba48 810d | 008a 0100 | 004c 8954 | 2408 48c7 | 0424 ffff 

  0x0000018a5ebb5770: ;   {runtime_call counter_overflow Runtime1 stub}
  0x0000018a5ebb5770: ffff e809 

  0x0000018a5ebb5774: ; ImmutableOopMap {[248]=Oop [280]=Oop [312]=Oop [328]=Oop [336]=Oop }
                      ;*synchronization entry
                      ; - java.lang.StringBuilder::append@-1 (line 253)
                      ; - java.util.Arrays::checkLength@27 (line 3821)
                      ; - java.util.Arrays::copyOfRangeFloat@2 (line 4081)
                      ; - java.util.Arrays::copyOfRange@13 (line 4074)
                      ; - net.minecraft.client.renderer.ShaderInstance::parseUniformNode@330 (line 395)
  0x0000018a5ebb5774: 0511 06e9 | 53e9 ffff 

  0x0000018a5ebb577c: ;   {metadata({method} {0x0000018a000d9620} 'toString' '()Ljava/lang/String;' in 'java/lang/StringBuilder')}
  0x0000018a5ebb577c: 49ba 1896 | 0d00 8a01 | 0000 4c89 | 5424 0848 | c704 24ff 

  0x0000018a5ebb5790: ;   {runtime_call counter_overflow Runtime1 stub}
  0x0000018a5ebb5790: ffff ffe8 

  0x0000018a5ebb5794: ; ImmutableOopMap {[248]=Oop [280]=Oop [312]=Oop [328]=Oop [336]=Oop }
                      ;*synchronization entry
                      ; - java.lang.StringBuilder::toString@-1 (line 475)
                      ; - java.util.Arrays::checkLength@30 (line 3821)
                      ; - java.util.Arrays::copyOfRangeFloat@2 (line 4081)
                      ; - java.util.Arrays::copyOfRange@13 (line 4074)
                      ; - net.minecraft.client.renderer.ShaderInstance::parseUniformNode@330 (line 395)
  0x0000018a5ebb5794: e804 1106 | e9b0 e9ff | ff48 8bd2 

  0x0000018a5ebb57a0: ;   {runtime_call fast_new_instance Runtime1 stub}
  0x0000018a5ebb57a0: e8db bc10 

  0x0000018a5ebb57a4: ; ImmutableOopMap {[248]=Oop [280]=Oop [312]=Oop [328]=Oop [336]=Oop }
                      ;*new {reexecute=0 rethrow=0 return_oop=0}
                      ; - java.lang.StringBuilder::toString@0 (line 475)
                      ; - java.util.Arrays::checkLength@30 (line 3821)
                      ; - java.util.Arrays::copyOfRangeFloat@2 (line 4081)
                      ; - java.util.Arrays::copyOfRange@13 (line 4074)
                      ; - net.minecraft.client.renderer.ShaderInstance::parseUniformNode@330 (line 395)
  0x0000018a5ebb57a4: 06e9 f3e9 

  0x0000018a5ebb57a8: ;   {metadata({method} {0x0000018a0000a650} '<init>' '(Ljava/lang/StringBuilder;)V' in 'java/lang/String')}
  0x0000018a5ebb57a8: ffff 49ba | 48a6 0000 | 8a01 0000 | 4c89 5424 | 0848 c704 | 24ff ffff 

  0x0000018a5ebb57c0: ;   {runtime_call counter_overflow Runtime1 stub}
  0x0000018a5ebb57c0: ffe8 ba04 

  0x0000018a5ebb57c4: ; ImmutableOopMap {rax=Oop [248]=Oop [280]=Oop [312]=Oop [328]=Oop [336]=Oop }
                      ;*synchronization entry
                      ; - java.lang.String::<init>@-1 (line 1507)
                      ; - java.lang.StringBuilder::toString@5 (line 475)
                      ; - java.util.Arrays::checkLength@30 (line 3821)
                      ; - java.util.Arrays::copyOfRangeFloat@2 (line 4081)
                      ; - java.util.Arrays::copyOfRange@13 (line 4074)
                      ; - net.minecraft.client.renderer.ShaderInstance::parseUniformNode@330 (line 395)
  0x0000018a5ebb57c4: 1106 e913 

  0x0000018a5ebb57c8: ;   {metadata(nullptr)}
  0x0000018a5ebb57c8: eaff ff48 | ba00 0000 | 0000 0000 | 00b8 000f 

  0x0000018a5ebb57d8: ;   {runtime_call load_klass_patching Runtime1 stub}
  0x0000018a5ebb57d8: 050a e821 

  0x0000018a5ebb57dc: ; ImmutableOopMap {rbx=Oop r9=Oop [304]=Oop }
                      ;*new {reexecute=1 rethrow=0 return_oop=0}
                      ; - (reexecute) net.minecraft.client.renderer.ShaderInstance::parseUniformNode@76 (line 365)
  0x0000018a5ebb57dc: f410 06e9 | 8cea ffff 

  0x0000018a5ebb57e4: ;   {runtime_call throw_null_pointer_exception Runtime1 stub}
  0x0000018a5ebb57e4: e897 b310 

  0x0000018a5ebb57e8: ; ImmutableOopMap {rbx=Oop r9=Oop [304]=Oop }
                      ;*new {reexecute=0 rethrow=0 return_oop=0}
                      ; - net.minecraft.client.renderer.ShaderInstance::parseUniformNode@76 (line 365)
  0x0000018a5ebb57e8: 0648 8bd2 

  0x0000018a5ebb57ec: ;   {runtime_call fast_new_instance_init_check Runtime1 stub}
  0x0000018a5ebb57ec: e88f bf10 

  0x0000018a5ebb57f0: ; ImmutableOopMap {rbx=Oop r9=Oop [304]=Oop }
                      ;*new {reexecute=0 rethrow=0 return_oop=0}
                      ; - net.minecraft.client.renderer.ShaderInstance::parseUniformNode@76 (line 365)
  0x0000018a5ebb57f0: 06e9 e3ea 

  0x0000018a5ebb57f4: ;   {metadata({method} {0x0000018a01eb22e0} 'size' '()I' in 'com/google/gson/JsonArray')}
  0x0000018a5ebb57f4: ffff 49ba | d822 eb01 | 8a01 0000 | 4c89 5424 | 0848 c704 | 24ff ffff 

  0x0000018a5ebb580c: ;   {runtime_call counter_overflow Runtime1 stub}
  0x0000018a5ebb580c: ffe8 6e04 

  0x0000018a5ebb5810: ; ImmutableOopMap {rbx=Oop r9=Oop rax=Oop [304]=Oop }
                      ;*synchronization entry
                      ; - com.google.gson.JsonArray::size@-1 (line 195)
                      ; - net.minecraft.client.renderer.ShaderInstance::parseUniformNode@84 (line 365)
  0x0000018a5ebb5810: 1106 e9fe | eaff ff49 | b900 0000 | 0000 0000 | 00b8 000f 

  0x0000018a5ebb5824: ;   {runtime_call load_appendix_patching Runtime1 stub}
  0x0000018a5ebb5824: 050a e8d5 

  0x0000018a5ebb5828: ; ImmutableOopMap {rax=Oop }
                      ;*invokedynamic {reexecute=1 rethrow=0 return_oop=0}
                      ; - (reexecute) net.minecraft.client.renderer.ShaderInstance::parseUniformNode@87 (line 365)
  0x0000018a5ebb5828: fc10 06e9 | 78eb ffff 

  0x0000018a5ebb5830: ;   {metadata(nullptr)}
  0x0000018a5ebb5830: 48ba 0000 | 0000 0000 | 0000 b800 

  0x0000018a5ebb583c: ;   {runtime_call load_klass_patching Runtime1 stub}
  0x0000018a5ebb583c: 0f05 0ae8 

  0x0000018a5ebb5840: ; ImmutableOopMap {rbx=Oop [248]=Oop [264]=Oop [280]=Oop }
                      ;*new {reexecute=1 rethrow=0 return_oop=0}
                      ; - (reexecute) net.minecraft.util.GsonHelper::convertToJsonArray@12 (line 440)
                      ; - net.minecraft.util.GsonHelper::getAsJsonArray@14 (line 446)
                      ; - net.minecraft.client.renderer.ShaderInstance::parseUniformNode@52 (line 363)
  0x0000018a5ebb5840: bcf3 1006 | e9f7 ebff 

  0x0000018a5ebb5848: ;   {runtime_call throw_null_pointer_exception Runtime1 stub}
  0x0000018a5ebb5848: ffe8 32b3 

  0x0000018a5ebb584c: ; ImmutableOopMap {rbx=Oop [248]=Oop [264]=Oop [280]=Oop }
                      ;*new {reexecute=0 rethrow=0 return_oop=0}
                      ; - net.minecraft.util.GsonHelper::convertToJsonArray@12 (line 440)
                      ; - net.minecraft.util.GsonHelper::getAsJsonArray@14 (line 446)
                      ; - net.minecraft.client.renderer.ShaderInstance::parseUniformNode@52 (line 363)
  0x0000018a5ebb584c: 1006 488b 

  0x0000018a5ebb5850: ;   {runtime_call fast_new_instance_init_check Runtime1 stub}
  0x0000018a5ebb5850: d2e8 2abf 

  0x0000018a5ebb5854: ; ImmutableOopMap {rbx=Oop [248]=Oop [264]=Oop [280]=Oop }
                      ;*new {reexecute=0 rethrow=0 return_oop=0}
                      ; - net.minecraft.util.GsonHelper::convertToJsonArray@12 (line 440)
                      ; - net.minecraft.util.GsonHelper::getAsJsonArray@14 (line 446)
                      ; - net.minecraft.client.renderer.ShaderInstance::parseUniformNode@52 (line 363)
  0x0000018a5ebb5854: 1006 e94a | ecff ff49 | b900 0000 | 0000 0000 | 00b8 000f 

  0x0000018a5ebb5868: ;   {runtime_call load_appendix_patching Runtime1 stub}
  0x0000018a5ebb5868: 050a e891 

  0x0000018a5ebb586c: ; ImmutableOopMap {rax=Oop [248]=Oop [264]=Oop [280]=Oop [360]=Oop }
                      ;*invokedynamic {reexecute=1 rethrow=0 return_oop=0}
                      ; - (reexecute) net.minecraft.util.GsonHelper::convertToJsonArray@21 (line 440)
                      ; - net.minecraft.util.GsonHelper::getAsJsonArray@14 (line 446)
                      ; - net.minecraft.client.renderer.ShaderInstance::parseUniformNode@52 (line 363)
  0x0000018a5ebb586c: fc10 06e9 | 64ec ffff 

  0x0000018a5ebb5874: ;   {metadata(nullptr)}
  0x0000018a5ebb5874: 48ba 0000 | 0000 0000 | 0000 b800 

  0x0000018a5ebb5880: ;   {runtime_call load_klass_patching Runtime1 stub}
  0x0000018a5ebb5880: 0f05 0ae8 

  0x0000018a5ebb5884: ; ImmutableOopMap {[248]=Oop [264]=Oop [280]=Oop }
                      ;*new {reexecute=1 rethrow=0 return_oop=0}
                      ; - (reexecute) net.minecraft.util.GsonHelper::getAsJsonArray@18 (line 448)
                      ; - net.minecraft.client.renderer.ShaderInstance::parseUniformNode@52 (line 363)
  0x0000018a5ebb5884: 78f3 1006 | e9db ecff 

  0x0000018a5ebb588c: ;   {runtime_call throw_null_pointer_exception Runtime1 stub}
  0x0000018a5ebb588c: ffe8 eeb2 

  0x0000018a5ebb5890: ; ImmutableOopMap {[248]=Oop [264]=Oop [280]=Oop }
                      ;*new {reexecute=0 rethrow=0 return_oop=0}
                      ; - net.minecraft.util.GsonHelper::getAsJsonArray@18 (line 448)
                      ; - net.minecraft.client.renderer.ShaderInstance::parseUniformNode@52 (line 363)
  0x0000018a5ebb5890: 1006 488b 

  0x0000018a5ebb5894: ;   {runtime_call fast_new_instance_init_check Runtime1 stub}
  0x0000018a5ebb5894: d2e8 e6be 

  0x0000018a5ebb5898: ; ImmutableOopMap {[248]=Oop [264]=Oop [280]=Oop }
                      ;*new {reexecute=0 rethrow=0 return_oop=0}
                      ; - net.minecraft.util.GsonHelper::getAsJsonArray@18 (line 448)
                      ; - net.minecraft.client.renderer.ShaderInstance::parseUniformNode@52 (line 363)
  0x0000018a5ebb5898: 1006 e92e | edff ff49 | b800 0000 | 0000 0000 | 00b8 000f 

  0x0000018a5ebb58ac: ;   {runtime_call load_appendix_patching Runtime1 stub}
  0x0000018a5ebb58ac: 050a e84d 

  0x0000018a5ebb58b0: ; ImmutableOopMap {rax=Oop [248]=Oop [264]=Oop [280]=Oop }
                      ;*invokedynamic {reexecute=1 rethrow=0 return_oop=0}
                      ; - (reexecute) net.minecraft.util.GsonHelper::getAsJsonArray@23 (line 448)
                      ; - net.minecraft.client.renderer.ShaderInstance::parseUniformNode@52 (line 363)
  0x0000018a5ebb58b0: fc10 06e9 | 18ed ffff 

  0x0000018a5ebb58b8: ;   {metadata(nullptr)}
  0x0000018a5ebb58b8: 48ba 0000 | 0000 0000 | 0000 b800 

  0x0000018a5ebb58c4: ;   {runtime_call load_klass_patching Runtime1 stub}
  0x0000018a5ebb58c4: 0f05 0ae8 

  0x0000018a5ebb58c8: ; ImmutableOopMap {[248]=Oop [256]=Oop [264]=Oop }
                      ;*new {reexecute=1 rethrow=0 return_oop=0}
                      ; - (reexecute) net.minecraft.util.GsonHelper::getAsInt@18 (line 278)
                      ; - net.minecraft.client.renderer.ShaderInstance::parseUniformNode@32 (line 361)
  0x0000018a5ebb58c8: 34f3 1006 | e997 edff 

  0x0000018a5ebb58d0: ;   {runtime_call throw_null_pointer_exception Runtime1 stub}
  0x0000018a5ebb58d0: ffe8 aab2 

  0x0000018a5ebb58d4: ; ImmutableOopMap {[248]=Oop [256]=Oop [264]=Oop }
                      ;*new {reexecute=0 rethrow=0 return_oop=0}
                      ; - net.minecraft.util.GsonHelper::getAsInt@18 (line 278)
                      ; - net.minecraft.client.renderer.ShaderInstance::parseUniformNode@32 (line 361)
  0x0000018a5ebb58d4: 1006 488b 

  0x0000018a5ebb58d8: ;   {runtime_call fast_new_instance_init_check Runtime1 stub}
  0x0000018a5ebb58d8: d2e8 a2be 

  0x0000018a5ebb58dc: ; ImmutableOopMap {[248]=Oop [256]=Oop [264]=Oop }
                      ;*new {reexecute=0 rethrow=0 return_oop=0}
                      ; - net.minecraft.util.GsonHelper::getAsInt@18 (line 278)
                      ; - net.minecraft.client.renderer.ShaderInstance::parseUniformNode@32 (line 361)
  0x0000018a5ebb58dc: 1006 e9ea | edff ff49 | b800 0000 | 0000 0000 | 00b8 000f 

  0x0000018a5ebb58f0: ;   {runtime_call load_appendix_patching Runtime1 stub}
  0x0000018a5ebb58f0: 050a e809 

  0x0000018a5ebb58f4: ; ImmutableOopMap {rax=Oop [248]=Oop [256]=Oop [264]=Oop }
                      ;*invokedynamic {reexecute=1 rethrow=0 return_oop=0}
                      ; - (reexecute) net.minecraft.util.GsonHelper::getAsInt@23 (line 278)
                      ; - net.minecraft.client.renderer.ShaderInstance::parseUniformNode@32 (line 361)
  0x0000018a5ebb58f4: fc10 06e9 | d4ed ffff 

  0x0000018a5ebb58fc: ;   {metadata(nullptr)}
  0x0000018a5ebb58fc: 48ba 0000 | 0000 0000 | 0000 b800 

  0x0000018a5ebb5908: ;   {runtime_call load_klass_patching Runtime1 stub}
  0x0000018a5ebb5908: 0f05 0ae8 

  0x0000018a5ebb590c: ; ImmutableOopMap {rbx=Oop [248]=Oop [256]=Oop [264]=Oop }
                      ;*new {reexecute=1 rethrow=0 return_oop=0}
                      ; - (reexecute) net.minecraft.util.GsonHelper::convertToString@12 (line 120)
                      ; - net.minecraft.util.GsonHelper::getAsString@14 (line 126)
                      ; - net.minecraft.client.renderer.ShaderInstance::parseUniformNode@20 (line 360)
  0x0000018a5ebb590c: f0f2 1006 | e953 eeff 

  0x0000018a5ebb5914: ;   {runtime_call throw_null_pointer_exception Runtime1 stub}
  0x0000018a5ebb5914: ffe8 66b2 

  0x0000018a5ebb5918: ; ImmutableOopMap {rbx=Oop [248]=Oop [256]=Oop [264]=Oop }
                      ;*new {reexecute=0 rethrow=0 return_oop=0}
                      ; - net.minecraft.util.GsonHelper::convertToString@12 (line 120)
                      ; - net.minecraft.util.GsonHelper::getAsString@14 (line 126)
                      ; - net.minecraft.client.renderer.ShaderInstance::parseUniformNode@20 (line 360)
  0x0000018a5ebb5918: 1006 488b 

  0x0000018a5ebb591c: ;   {runtime_call fast_new_instance_init_check Runtime1 stub}
  0x0000018a5ebb591c: d2e8 5ebe 

  0x0000018a5ebb5920: ; ImmutableOopMap {rbx=Oop [248]=Oop [256]=Oop [264]=Oop }
                      ;*new {reexecute=0 rethrow=0 return_oop=0}
                      ; - net.minecraft.util.GsonHelper::convertToString@12 (line 120)
                      ; - net.minecraft.util.GsonHelper::getAsString@14 (line 126)
                      ; - net.minecraft.client.renderer.ShaderInstance::parseUniformNode@20 (line 360)
  0x0000018a5ebb5920: 1006 e9a6 | eeff ff49 | b900 0000 | 0000 0000 | 00b8 000f 

  0x0000018a5ebb5934: ;   {runtime_call load_appendix_patching Runtime1 stub}
  0x0000018a5ebb5934: 050a e8c5 

  0x0000018a5ebb5938: ; ImmutableOopMap {rax=Oop [248]=Oop [256]=Oop [264]=Oop [384]=Oop }
                      ;*invokedynamic {reexecute=1 rethrow=0 return_oop=0}
                      ; - (reexecute) net.minecraft.util.GsonHelper::convertToString@21 (line 120)
                      ; - net.minecraft.util.GsonHelper::getAsString@14 (line 126)
                      ; - net.minecraft.client.renderer.ShaderInstance::parseUniformNode@20 (line 360)
  0x0000018a5ebb5938: fb10 06e9 | c0ee ffff 

  0x0000018a5ebb5940: ;   {metadata(nullptr)}
  0x0000018a5ebb5940: 48ba 0000 | 0000 0000 | 0000 b800 

  0x0000018a5ebb594c: ;   {runtime_call load_klass_patching Runtime1 stub}
  0x0000018a5ebb594c: 0f05 0ae8 

  0x0000018a5ebb5950: ; ImmutableOopMap {[248]=Oop [256]=Oop [264]=Oop }
                      ;*new {reexecute=1 rethrow=0 return_oop=0}
                      ; - (reexecute) net.minecraft.util.GsonHelper::getAsString@18 (line 128)
                      ; - net.minecraft.client.renderer.ShaderInstance::parseUniformNode@20 (line 360)
  0x0000018a5ebb5950: acf2 1006 | e937 efff 

  0x0000018a5ebb5958: ;   {runtime_call throw_null_pointer_exception Runtime1 stub}
  0x0000018a5ebb5958: ffe8 22b2 

  0x0000018a5ebb595c: ; ImmutableOopMap {[248]=Oop [256]=Oop [264]=Oop }
                      ;*new {reexecute=0 rethrow=0 return_oop=0}
                      ; - net.minecraft.util.GsonHelper::getAsString@18 (line 128)
                      ; - net.minecraft.client.renderer.ShaderInstance::parseUniformNode@20 (line 360)
  0x0000018a5ebb595c: 1006 488b 

  0x0000018a5ebb5960: ;   {runtime_call fast_new_instance_init_check Runtime1 stub}
  0x0000018a5ebb5960: d2e8 1abe 

  0x0000018a5ebb5964: ; ImmutableOopMap {[248]=Oop [256]=Oop [264]=Oop }
                      ;*new {reexecute=0 rethrow=0 return_oop=0}
                      ; - net.minecraft.util.GsonHelper::getAsString@18 (line 128)
                      ; - net.minecraft.client.renderer.ShaderInstance::parseUniformNode@20 (line 360)
  0x0000018a5ebb5964: 1006 e98a | efff ff49 | b800 0000 | 0000 0000 | 00b8 000f 

  0x0000018a5ebb5978: ;   {runtime_call load_appendix_patching Runtime1 stub}
  0x0000018a5ebb5978: 050a e881 

  0x0000018a5ebb597c: ; ImmutableOopMap {rax=Oop [248]=Oop [256]=Oop [264]=Oop }
                      ;*invokedynamic {reexecute=1 rethrow=0 return_oop=0}
                      ; - (reexecute) net.minecraft.util.GsonHelper::getAsString@23 (line 128)
                      ; - net.minecraft.client.renderer.ShaderInstance::parseUniformNode@20 (line 360)
  0x0000018a5ebb597c: fb10 06e9 | 74ef ffff 

  0x0000018a5ebb5984: ;   {metadata(nullptr)}
  0x0000018a5ebb5984: 48ba 0000 | 0000 0000 | 0000 b800 

  0x0000018a5ebb5990: ;   {runtime_call load_klass_patching Runtime1 stub}
  0x0000018a5ebb5990: 0f05 0ae8 

  0x0000018a5ebb5994: ; ImmutableOopMap {rbx=Oop [248]=Oop [256]=Oop }
                      ;*new {reexecute=1 rethrow=0 return_oop=0}
                      ; - (reexecute) net.minecraft.util.GsonHelper::convertToString@12 (line 120)
                      ; - net.minecraft.util.GsonHelper::getAsString@14 (line 126)
                      ; - net.minecraft.client.renderer.ShaderInstance::parseUniformNode@12 (line 359)
  0x0000018a5ebb5994: 68f2 1006 | e9f3 efff 

  0x0000018a5ebb599c: ;   {runtime_call throw_null_pointer_exception Runtime1 stub}
  0x0000018a5ebb599c: ffe8 deb1 

  0x0000018a5ebb59a0: ; ImmutableOopMap {rbx=Oop [248]=Oop [256]=Oop }
                      ;*new {reexecute=0 rethrow=0 return_oop=0}
                      ; - net.minecraft.util.GsonHelper::convertToString@12 (line 120)
                      ; - net.minecraft.util.GsonHelper::getAsString@14 (line 126)
                      ; - net.minecraft.client.renderer.ShaderInstance::parseUniformNode@12 (line 359)
  0x0000018a5ebb59a0: 1006 488b 

  0x0000018a5ebb59a4: ;   {runtime_call fast_new_instance_init_check Runtime1 stub}
  0x0000018a5ebb59a4: d2e8 d6bd 

  0x0000018a5ebb59a8: ; ImmutableOopMap {rbx=Oop [248]=Oop [256]=Oop }
                      ;*new {reexecute=0 rethrow=0 return_oop=0}
                      ; - net.minecraft.util.GsonHelper::convertToString@12 (line 120)
                      ; - net.minecraft.util.GsonHelper::getAsString@14 (line 126)
                      ; - net.minecraft.client.renderer.ShaderInstance::parseUniformNode@12 (line 359)
  0x0000018a5ebb59a8: 1006 e946 | f0ff ff49 | b900 0000 | 0000 0000 | 00b8 000f 

  0x0000018a5ebb59bc: ;   {runtime_call load_appendix_patching Runtime1 stub}
  0x0000018a5ebb59bc: 050a e83d 

  0x0000018a5ebb59c0: ; ImmutableOopMap {rax=Oop [248]=Oop [256]=Oop [400]=Oop }
                      ;*invokedynamic {reexecute=1 rethrow=0 return_oop=0}
                      ; - (reexecute) net.minecraft.util.GsonHelper::convertToString@21 (line 120)
                      ; - net.minecraft.util.GsonHelper::getAsString@14 (line 126)
                      ; - net.minecraft.client.renderer.ShaderInstance::parseUniformNode@12 (line 359)
  0x0000018a5ebb59c0: fb10 06e9 | 60f0 ffff 

  0x0000018a5ebb59c8: ;   {metadata(nullptr)}
  0x0000018a5ebb59c8: 48ba 0000 | 0000 0000 | 0000 b800 

  0x0000018a5ebb59d4: ;   {runtime_call load_klass_patching Runtime1 stub}
  0x0000018a5ebb59d4: 0f05 0ae8 

  0x0000018a5ebb59d8: ; ImmutableOopMap {[248]=Oop [256]=Oop }
                      ;*new {reexecute=1 rethrow=0 return_oop=0}
                      ; - (reexecute) net.minecraft.util.GsonHelper::getAsString@18 (line 128)
                      ; - net.minecraft.client.renderer.ShaderInstance::parseUniformNode@12 (line 359)
  0x0000018a5ebb59d8: 24f2 1006 | e9d7 f0ff 

  0x0000018a5ebb59e0: ;   {runtime_call throw_null_pointer_exception Runtime1 stub}
  0x0000018a5ebb59e0: ffe8 9ab1 

  0x0000018a5ebb59e4: ; ImmutableOopMap {[248]=Oop [256]=Oop }
                      ;*new {reexecute=0 rethrow=0 return_oop=0}
                      ; - net.minecraft.util.GsonHelper::getAsString@18 (line 128)
                      ; - net.minecraft.client.renderer.ShaderInstance::parseUniformNode@12 (line 359)
  0x0000018a5ebb59e4: 1006 488b 

  0x0000018a5ebb59e8: ;   {runtime_call fast_new_instance_init_check Runtime1 stub}
  0x0000018a5ebb59e8: d2e8 92bd 

  0x0000018a5ebb59ec: ; ImmutableOopMap {[248]=Oop [256]=Oop }
                      ;*new {reexecute=0 rethrow=0 return_oop=0}
                      ; - net.minecraft.util.GsonHelper::getAsString@18 (line 128)
                      ; - net.minecraft.client.renderer.ShaderInstance::parseUniformNode@12 (line 359)
  0x0000018a5ebb59ec: 1006 e92a | f1ff ff49 | b800 0000 | 0000 0000 | 00b8 000f 

  0x0000018a5ebb5a00: ;   {runtime_call load_appendix_patching Runtime1 stub}
  0x0000018a5ebb5a00: 050a e8f9 

  0x0000018a5ebb5a04: ; ImmutableOopMap {rax=Oop [248]=Oop [256]=Oop }
                      ;*invokedynamic {reexecute=1 rethrow=0 return_oop=0}
                      ; - (reexecute) net.minecraft.util.GsonHelper::getAsString@23 (line 128)
                      ; - net.minecraft.client.renderer.ShaderInstance::parseUniformNode@12 (line 359)
  0x0000018a5ebb5a04: fa10 06e9 | 14f1 ffff 

  0x0000018a5ebb5a0c: ;   {metadata(nullptr)}
  0x0000018a5ebb5a0c: 48ba 0000 | 0000 0000 | 0000 b800 

  0x0000018a5ebb5a18: ;   {runtime_call load_klass_patching Runtime1 stub}
  0x0000018a5ebb5a18: 0f05 0ae8 

  0x0000018a5ebb5a1c: ; ImmutableOopMap {r8=Oop [248]=Oop }
                      ;*new {reexecute=1 rethrow=0 return_oop=0}
                      ; - (reexecute) net.minecraft.util.GsonHelper::convertToJsonObject@12 (line 414)
                      ; - net.minecraft.client.renderer.ShaderInstance::parseUniformNode@4 (line 358)
  0x0000018a5ebb5a1c: e0f1 1006 | e993 f1ff 

  0x0000018a5ebb5a24: ;   {runtime_call throw_null_pointer_exception Runtime1 stub}
  0x0000018a5ebb5a24: ffe8 56b1 

  0x0000018a5ebb5a28: ; ImmutableOopMap {r8=Oop [248]=Oop }
                      ;*new {reexecute=0 rethrow=0 return_oop=0}
                      ; - net.minecraft.util.GsonHelper::convertToJsonObject@12 (line 414)
                      ; - net.minecraft.client.renderer.ShaderInstance::parseUniformNode@4 (line 358)
  0x0000018a5ebb5a28: 1006 488b 

  0x0000018a5ebb5a2c: ;   {runtime_call fast_new_instance_init_check Runtime1 stub}
  0x0000018a5ebb5a2c: d2e8 4ebd 

  0x0000018a5ebb5a30: ; ImmutableOopMap {r8=Oop [248]=Oop }
                      ;*new {reexecute=0 rethrow=0 return_oop=0}
                      ; - net.minecraft.util.GsonHelper::convertToJsonObject@12 (line 414)
                      ; - net.minecraft.client.renderer.ShaderInstance::parseUniformNode@4 (line 358)
  0x0000018a5ebb5a30: 1006 e9e6 | f1ff ff49 | b900 0000 | 0000 0000 | 00b8 000f 

  0x0000018a5ebb5a44: ;   {runtime_call load_appendix_patching Runtime1 stub}
  0x0000018a5ebb5a44: 050a e8b5 

  0x0000018a5ebb5a48: ; ImmutableOopMap {rax=Oop [248]=Oop [416]=Oop }
                      ;*invokedynamic {reexecute=1 rethrow=0 return_oop=0}
                      ; - (reexecute) net.minecraft.util.GsonHelper::convertToJsonObject@21 (line 414)
                      ; - net.minecraft.client.renderer.ShaderInstance::parseUniformNode@4 (line 358)
  0x0000018a5ebb5a48: fa10 06e9 | 00f2 ffff | 49b8 0000 | 0000 0000 | 0000 b800 

  0x0000018a5ebb5a5c: ;   {runtime_call load_appendix_patching Runtime1 stub}
  0x0000018a5ebb5a5c: 0f05 0ae8 

  0x0000018a5ebb5a60: ; ImmutableOopMap {rax=Oop [424]=Oop }
                      ;*invokedynamic {reexecute=1 rethrow=0 return_oop=0}
                      ; - (reexecute) net.minecraft.client.renderer.ShaderInstance::parseUniformNode@157 (line 374)
  0x0000018a5ebb5a60: 9cfa 1006 | e9a7 f2ff 

  0x0000018a5ebb5a68: ;   {runtime_call throw_null_pointer_exception Runtime1 stub}
  0x0000018a5ebb5a68: ffe8 12b1 

  0x0000018a5ebb5a6c: ; ImmutableOopMap {rax=Oop rsi=Oop [424]=Oop }
                      ;*invokevirtual prependJsonKey {reexecute=0 rethrow=0 return_oop=0}
                      ; - net.minecraft.client.renderer.ShaderInstance::parseUniformNode@162 (line 374)
                      ;   {runtime_call throw_null_pointer_exception Runtime1 stub}
  0x0000018a5ebb5a6c: 1006 e80d 

  0x0000018a5ebb5a70: ; ImmutableOopMap {rax=Oop [424]=Oop }
                      ;*athrow {reexecute=1 rethrow=0 return_oop=0}
                      ; - (reexecute) net.minecraft.client.renderer.ShaderInstance::parseUniformNode@167 (line 375)
  0x0000018a5ebb5a70: b110 0689 | b424 2001 | 0000 e95a | f2ff ff49 | 8b87 f804 | 0000 49c7 | 87f8 0400 | 0000 0000 
  0x0000018a5ebb5a90: 0049 c787 | 0005 0000 | 0000 0000 | 4881 c4c0 | 0100 005d 

  0x0000018a5ebb5aa4: ;   {runtime_call unwind_exception Runtime1 stub}
  0x0000018a5ebb5aa4: e9d7 a110 | 06f4 f4f4 | f4f4 f4f4 
[Stub Code]
  0x0000018a5ebb5ab0: ;   {no_reloc}
  0x0000018a5ebb5ab0: 0f1f 4400 

  0x0000018a5ebb5ab4: ;   {static_stub}
  0x0000018a5ebb5ab4: 0048 bb00 | 0000 0000 

  0x0000018a5ebb5abc: ;   {runtime_call nmethod}
  0x0000018a5ebb5abc: 0000 00e9 | fbff ffff 

  0x0000018a5ebb5ac4: ;   {static_stub}
  0x0000018a5ebb5ac4: 9048 bb00 | 0000 0000 

  0x0000018a5ebb5acc: ;   {runtime_call nmethod}
  0x0000018a5ebb5acc: 0000 00e9 | fbff ffff 

  0x0000018a5ebb5ad4: ;   {static_stub}
  0x0000018a5ebb5ad4: 9048 bb00 | 0000 0000 

  0x0000018a5ebb5adc: ;   {runtime_call nmethod}
  0x0000018a5ebb5adc: 0000 00e9 | fbff ffff 

  0x0000018a5ebb5ae4: ;   {static_stub}
  0x0000018a5ebb5ae4: 9048 bb00 | 0000 0000 

  0x0000018a5ebb5aec: ;   {runtime_call nmethod}
  0x0000018a5ebb5aec: 0000 00e9 | fbff ffff 

  0x0000018a5ebb5af4: ;   {static_stub}
  0x0000018a5ebb5af4: 9048 bb00 | 0000 0000 

  0x0000018a5ebb5afc: ;   {runtime_call nmethod}
  0x0000018a5ebb5afc: 0000 00e9 | fbff ffff 

  0x0000018a5ebb5b04: ;   {static_stub}
  0x0000018a5ebb5b04: 9048 bb00 | 0000 0000 

  0x0000018a5ebb5b0c: ;   {runtime_call nmethod}
  0x0000018a5ebb5b0c: 0000 00e9 | fbff ffff 

  0x0000018a5ebb5b14: ;   {static_stub}
  0x0000018a5ebb5b14: 9048 bb00 | 0000 0000 

  0x0000018a5ebb5b1c: ;   {runtime_call nmethod}
  0x0000018a5ebb5b1c: 0000 00e9 | fbff ffff 

  0x0000018a5ebb5b24: ;   {static_stub}
  0x0000018a5ebb5b24: 9048 bb00 | 0000 0000 

  0x0000018a5ebb5b2c: ;   {runtime_call nmethod}
  0x0000018a5ebb5b2c: 0000 00e9 | fbff ffff 

  0x0000018a5ebb5b34: ;   {static_stub}
  0x0000018a5ebb5b34: 9048 bb00 | 0000 0000 

  0x0000018a5ebb5b3c: ;   {runtime_call nmethod}
  0x0000018a5ebb5b3c: 0000 00e9 | fbff ffff 

  0x0000018a5ebb5b44: ;   {static_stub}
  0x0000018a5ebb5b44: 9048 bb00 | 0000 0000 

  0x0000018a5ebb5b4c: ;   {runtime_call nmethod}
  0x0000018a5ebb5b4c: 0000 00e9 | fbff ffff 

  0x0000018a5ebb5b54: ;   {static_stub}
  0x0000018a5ebb5b54: 9048 bb00 | 0000 0000 

  0x0000018a5ebb5b5c: ;   {runtime_call nmethod}
  0x0000018a5ebb5b5c: 0000 00e9 | fbff ffff 

  0x0000018a5ebb5b64: ;   {static_stub}
  0x0000018a5ebb5b64: 9048 bb00 | 0000 0000 

  0x0000018a5ebb5b6c: ;   {runtime_call nmethod}
  0x0000018a5ebb5b6c: 0000 00e9 | fbff ffff 

  0x0000018a5ebb5b74: ;   {static_stub}
  0x0000018a5ebb5b74: 9048 bb00 | 0000 0000 

  0x0000018a5ebb5b7c: ;   {runtime_call nmethod}
  0x0000018a5ebb5b7c: 0000 00e9 | fbff ffff 

  0x0000018a5ebb5b84: ;   {static_stub}
  0x0000018a5ebb5b84: 9048 bb00 | 0000 0000 

  0x0000018a5ebb5b8c: ;   {runtime_call nmethod}
  0x0000018a5ebb5b8c: 0000 00e9 | fbff ffff 

  0x0000018a5ebb5b94: ;   {static_stub}
  0x0000018a5ebb5b94: 9048 bb00 | 0000 0000 

  0x0000018a5ebb5b9c: ;   {runtime_call nmethod}
  0x0000018a5ebb5b9c: 0000 00e9 | fbff ffff 

  0x0000018a5ebb5ba4: ;   {static_stub}
  0x0000018a5ebb5ba4: 9048 bb00 | 0000 0000 

  0x0000018a5ebb5bac: ;   {runtime_call nmethod}
  0x0000018a5ebb5bac: 0000 00e9 | fbff ffff 

  0x0000018a5ebb5bb4: ;   {static_stub}
  0x0000018a5ebb5bb4: 9048 bb00 | 0000 0000 

  0x0000018a5ebb5bbc: ;   {runtime_call nmethod}
  0x0000018a5ebb5bbc: 0000 00e9 | fbff ffff 

  0x0000018a5ebb5bc4: ;   {static_stub}
  0x0000018a5ebb5bc4: 9048 bb00 | 0000 0000 

  0x0000018a5ebb5bcc: ;   {runtime_call nmethod}
  0x0000018a5ebb5bcc: 0000 00e9 | fbff ffff 

  0x0000018a5ebb5bd4: ;   {static_stub}
  0x0000018a5ebb5bd4: 9048 bb00 | 0000 0000 

  0x0000018a5ebb5bdc: ;   {runtime_call nmethod}
  0x0000018a5ebb5bdc: 0000 00e9 | fbff ffff 

  0x0000018a5ebb5be4: ;   {static_stub}
  0x0000018a5ebb5be4: 9048 bb00 | 0000 0000 

  0x0000018a5ebb5bec: ;   {runtime_call nmethod}
  0x0000018a5ebb5bec: 0000 00e9 | fbff ffff 

  0x0000018a5ebb5bf4: ;   {static_stub}
  0x0000018a5ebb5bf4: 9048 bb00 | 0000 0000 

  0x0000018a5ebb5bfc: ;   {runtime_call nmethod}
  0x0000018a5ebb5bfc: 0000 00e9 | fbff ffff 

  0x0000018a5ebb5c04: ;   {static_stub}
  0x0000018a5ebb5c04: 9048 bb00 | 0000 0000 

  0x0000018a5ebb5c0c: ;   {runtime_call nmethod}
  0x0000018a5ebb5c0c: 0000 00e9 | fbff ffff 

  0x0000018a5ebb5c14: ;   {static_stub}
  0x0000018a5ebb5c14: 9048 bb00 | 0000 0000 

  0x0000018a5ebb5c1c: ;   {runtime_call nmethod}
  0x0000018a5ebb5c1c: 0000 00e9 | fbff ffff 

  0x0000018a5ebb5c24: ;   {static_stub}
  0x0000018a5ebb5c24: 9048 bb00 | 0000 0000 

  0x0000018a5ebb5c2c: ;   {runtime_call nmethod}
  0x0000018a5ebb5c2c: 0000 00e9 | fbff ffff 

  0x0000018a5ebb5c34: ;   {static_stub}
  0x0000018a5ebb5c34: 9048 bb00 | 0000 0000 

  0x0000018a5ebb5c3c: ;   {runtime_call nmethod}
  0x0000018a5ebb5c3c: 0000 00e9 | fbff ffff 

  0x0000018a5ebb5c44: ;   {static_stub}
  0x0000018a5ebb5c44: 9048 bb00 | 0000 0000 

  0x0000018a5ebb5c4c: ;   {runtime_call nmethod}
  0x0000018a5ebb5c4c: 0000 00e9 | fbff ffff 

  0x0000018a5ebb5c54: ;   {static_stub}
  0x0000018a5ebb5c54: 9048 bb00 | 0000 0000 

  0x0000018a5ebb5c5c: ;   {runtime_call nmethod}
  0x0000018a5ebb5c5c: 0000 00e9 | fbff ffff 

  0x0000018a5ebb5c64: ;   {static_stub}
  0x0000018a5ebb5c64: 9048 bb00 | 0000 0000 

  0x0000018a5ebb5c6c: ;   {runtime_call nmethod}
  0x0000018a5ebb5c6c: 0000 00e9 | fbff ffff 

  0x0000018a5ebb5c74: ;   {static_stub}
  0x0000018a5ebb5c74: 9048 bb00 | 0000 0000 

  0x0000018a5ebb5c7c: ;   {runtime_call nmethod}
  0x0000018a5ebb5c7c: 0000 00e9 | fbff ffff 

  0x0000018a5ebb5c84: ;   {static_stub}
  0x0000018a5ebb5c84: 9048 bb00 | 0000 0000 

  0x0000018a5ebb5c8c: ;   {runtime_call nmethod}
  0x0000018a5ebb5c8c: 0000 00e9 | fbff ffff 

  0x0000018a5ebb5c94: ;   {static_stub}
  0x0000018a5ebb5c94: 9048 bb00 | 0000 0000 

  0x0000018a5ebb5c9c: ;   {runtime_call nmethod}
  0x0000018a5ebb5c9c: 0000 00e9 | fbff ffff 

  0x0000018a5ebb5ca4: ;   {static_stub}
  0x0000018a5ebb5ca4: 48bb c8bf | 7022 8a01 

  0x0000018a5ebb5cac: ;   {runtime_call I2C/C2I adapters}
  0x0000018a5ebb5cac: 0000 e9b0 

  0x0000018a5ebb5cb0: ;   {static_stub}
  0x0000018a5ebb5cb0: d704 0648 | bbd0 bd2b | 038a 0100 

  0x0000018a5ebb5cbc: ;   {runtime_call I2C/C2I adapters}
  0x0000018a5ebb5cbc: 00e9 25e5 

  0x0000018a5ebb5cc0: ;   {static_stub}
  0x0000018a5ebb5cc0: 0406 48bb | 0000 0000 | 0000 0000 

  0x0000018a5ebb5ccc: ;   {runtime_call nmethod}
  0x0000018a5ebb5ccc: e9fb ffff 

  0x0000018a5ebb5cd0: ;   {static_stub}
  0x0000018a5ebb5cd0: ff48 bb00 | 0000 0000 

  0x0000018a5ebb5cd8: ;   {runtime_call nmethod}
  0x0000018a5ebb5cd8: 0000 00e9 | fbff ffff 

  0x0000018a5ebb5ce0: ;   {static_stub}
  0x0000018a5ebb5ce0: 48bb 0000 | 0000 0000 

  0x0000018a5ebb5ce8: ;   {runtime_call nmethod}
  0x0000018a5ebb5ce8: 0000 e9fb 

  0x0000018a5ebb5cec: ;   {static_stub}
  0x0000018a5ebb5cec: ffff ff48 | bb00 0000 | 0000 0000 

  0x0000018a5ebb5cf8: ;   {runtime_call nmethod}
  0x0000018a5ebb5cf8: 00e9 fbff 

  0x0000018a5ebb5cfc: ;   {static_stub}
  0x0000018a5ebb5cfc: ffff 48bb | 0000 0000 | 0000 0000 

  0x0000018a5ebb5d08: ;   {runtime_call nmethod}
  0x0000018a5ebb5d08: e9fb ffff 

  0x0000018a5ebb5d0c: ;   {static_stub}
  0x0000018a5ebb5d0c: ff48 bb00 | 0000 0000 

  0x0000018a5ebb5d14: ;   {runtime_call nmethod}
  0x0000018a5ebb5d14: 0000 00e9 | fbff ffff 

  0x0000018a5ebb5d1c: ;   {static_stub}
  0x0000018a5ebb5d1c: 48bb 0000 | 0000 0000 

  0x0000018a5ebb5d24: ;   {runtime_call nmethod}
  0x0000018a5ebb5d24: 0000 e9fb 

  0x0000018a5ebb5d28: ;   {static_stub}
  0x0000018a5ebb5d28: ffff ff48 | bbe8 b970 | 228a 0100 

  0x0000018a5ebb5d34: ;   {runtime_call I2C/C2I adapters}
  0x0000018a5ebb5d34: 00e9 3861 

  0x0000018a5ebb5d38: ;   {static_stub}
  0x0000018a5ebb5d38: 0206 48bb | 0000 0000 | 0000 0000 

  0x0000018a5ebb5d44: ;   {runtime_call nmethod}
  0x0000018a5ebb5d44: e9fb ffff 

  0x0000018a5ebb5d48: ;   {static_stub}
  0x0000018a5ebb5d48: ff48 bb00 | 0000 0000 

  0x0000018a5ebb5d50: ;   {runtime_call nmethod}
  0x0000018a5ebb5d50: 0000 00e9 | fbff ffff | 0f1f 4400 

  0x0000018a5ebb5d5c: ;   {static_stub}
  0x0000018a5ebb5d5c: 0048 bb00 | 0000 0000 

  0x0000018a5ebb5d64: ;   {runtime_call nmethod}
  0x0000018a5ebb5d64: 0000 00e9 | fbff ffff 
[Exception Handler]
  0x0000018a5ebb5d6c: ;   {runtime_call handle_exception_from_callee Runtime1 stub}
  0x0000018a5ebb5d6c: e80f cc10 

  0x0000018a5ebb5d70: ;   {external_word}
  0x0000018a5ebb5d70: 0648 b9d0 | ef01 1dfa | 7f00 0048 

  0x0000018a5ebb5d7c: ;   {runtime_call}
  0x0000018a5ebb5d7c: 83e4 f048 | b810 adc4 | 1cfa 7f00 | 00ff d0f4 
[Deopt Handler Code]
  0x0000018a5ebb5d8c: ;   {section_word}
  0x0000018a5ebb5d8c: 49ba 8c5d | bb5e 8a01 | 0000 4152 

  0x0000018a5ebb5d98: ;   {runtime_call DeoptimizationBlob}
  0x0000018a5ebb5d98: e903 ec04 | 06f4 f4f4 
[/MachCode]


---------------  P R O C E S S  ---------------

Threads class SMR info:
_java_thread_list=0x0000018a23a0f1d0, length=81, elements={
0x0000018a59ba2df0, 0x0000018a7fc30f80, 0x0000018a7fc5afd0, 0x0000018a7fc76060,
0x0000018a7fc766c0, 0x0000018a7fc77110, 0x0000018a7fc63e30, 0x0000018a7fc9f3e0,
0x0000018a7fc9fe70, 0x0000018a7fe46780, 0x0000018a7fe49bd0, 0x0000018a0d105ef0,
0x0000018a17d12fa0, 0x0000018a0a402e40, 0x0000018a17d15070, 0x0000018a0d106c10,
0x0000018a0d1072a0, 0x0000018a0d107930, 0x0000018a0a404880, 0x0000018a0a4034d0,
0x0000018a0a404f10, 0x0000018a0a403b60, 0x0000018a0d107fc0, 0x0000018a07160ae0,
0x0000018a04ccecd0, 0x0000018a05209730, 0x0000018a36d69c30, 0x0000018a36d6a950,
0x0000018a36d70bc0, 0x0000018a172c3130, 0x0000018a0838c930, 0x0000018a25016240,
0x0000018a250168d0, 0x0000018a241d8ad0, 0x0000018a25164470, 0x0000018a526c02f0,
0x0000018a36e45b30, 0x0000018ad8ca8b10, 0x0000018be7e219a0, 0x0000018b3ec8b2c0,
0x0000018b3e383ab0, 0x0000018b3e384140, 0x0000018b3ec8d390, 0x0000018b72519200,
0x0000018b72519f20, 0x0000018b44df4080, 0x0000018be7e3b080, 0x0000018be7e39640,
0x0000018be7e3eb90, 0x0000018be7e3b710, 0x0000018b72fdd190, 0x0000018b72fde540,
0x0000018b72fdf260, 0x0000018b41d6cb70, 0x0000018b41d53b20, 0x0000018b9029e590,
0x0000018be79ba070, 0x0000018a83126e50, 0x0000018bb60ce5c0, 0x0000018bb60d0d20,
0x0000018bb60cd8a0, 0x0000018b40772820, 0x0000018bb60cec50, 0x0000018b05430d70,
0x0000018b05430050, 0x0000018c2883c3f0, 0x0000018b40ab3ab0, 0x0000018c2883e4c0,
0x0000018b42653680, 0x0000018b3de66420, 0x0000018b40773540, 0x0000018bb60cbe60,
0x0000018b3de6b970, 0x0000018ad8fe2180, 0x0000018ad5ba0310, 0x0000018b40032d10,
0x0000018b400305b0, 0x0000018b400340c0, 0x0000018a527a14e0, 0x0000018a527a1bb0,
0x0000018ad4452960
}

Java Threads: ( => current thread )
=>0x0000018a59ba2df0 JavaThread "Render thread"                     [_thread_in_native, id=26220, stack(0x0000007abf400000,0x0000007abf500000) (1024K)]
  0x0000018a7fc30f80 JavaThread "Reference Handler"          daemon [_thread_blocked, id=23576, stack(0x0000007abfc00000,0x0000007abfd00000) (1024K)]
  0x0000018a7fc5afd0 JavaThread "Finalizer"                  daemon [_thread_blocked, id=25160, stack(0x0000007abfd00000,0x0000007abfe00000) (1024K)]
  0x0000018a7fc76060 JavaThread "Signal Dispatcher"          daemon [_thread_blocked, id=8760, stack(0x0000007abfe00000,0x0000007abff00000) (1024K)]
  0x0000018a7fc766c0 JavaThread "Attach Listener"            daemon [_thread_blocked, id=21648, stack(0x0000007abff00000,0x0000007ac0000000) (1024K)]
  0x0000018a7fc77110 JavaThread "Service Thread"             daemon [_thread_blocked, id=14928, stack(0x0000007ac0000000,0x0000007ac0100000) (1024K)]
  0x0000018a7fc63e30 JavaThread "Monitor Deflation Thread"   daemon [_thread_blocked, id=1560, stack(0x0000007ac0100000,0x0000007ac0200000) (1024K)]
  0x0000018a7fc9f3e0 JavaThread "C2 CompilerThread0"         daemon [_thread_blocked, id=3056, stack(0x0000007ac0200000,0x0000007ac0300000) (1024K)]
  0x0000018a7fc9fe70 JavaThread "C1 CompilerThread0"         daemon [_thread_blocked, id=17528, stack(0x0000007ac0300000,0x0000007ac0400000) (1024K)]
  0x0000018a7fe46780 JavaThread "Notification Thread"        daemon [_thread_blocked, id=18352, stack(0x0000007ac0600000,0x0000007ac0700000) (1024K)]
  0x0000018a7fe49bd0 JavaThread "Common-Cleaner"             daemon [_thread_blocked, id=9880, stack(0x0000007ac0700000,0x0000007ac0800000) (1024K)]
  0x0000018a0d105ef0 JavaThread "JNA Cleaner"                daemon [_thread_blocked, id=7108, stack(0x0000007ac1a00000,0x0000007ac1b00000) (1024K)]
  0x0000018a17d12fa0 JavaThread "DFU cleaning thread"        daemon [_thread_blocked, id=22796, stack(0x0000007ac4500000,0x0000007ac4600000) (1024K)]
  0x0000018a0a402e40 JavaThread "Timer hack thread"          daemon [_thread_blocked, id=13668, stack(0x0000007ac1900000,0x0000007ac1a00000) (1024K)]
  0x0000018a17d15070 JavaThread "Yggdrasil Key Fetcher"      daemon [_thread_blocked, id=22408, stack(0x0000007ac4800000,0x0000007ac4900000) (1024K)]
  0x0000018a0d106c10 JavaThread "FileSystemWatchService"     daemon [_thread_in_native, id=4412, stack(0x0000007ac4d00000,0x0000007ac4e00000) (1024K)]
  0x0000018a0d1072a0 JavaThread "config-file-watcher-0-0"    daemon [_thread_blocked, id=6340, stack(0x0000007ac4e00000,0x0000007ac4f00000) (1024K)]
  0x0000018a0d107930 JavaThread "pool-21-thread-1"                  [_thread_blocked, id=25764, stack(0x0000007ac4f00000,0x0000007ac5000000) (1024K)]
  0x0000018a0a404880 JavaThread "FileSystemWatchService"     daemon [_thread_in_native, id=3748, stack(0x0000007ac5000000,0x0000007ac5100000) (1024K)]
  0x0000018a0a4034d0 JavaThread "config-file-watcher-1-0"    daemon [_thread_blocked, id=18904, stack(0x0000007ac5100000,0x0000007ac5200000) (1024K)]
  0x0000018a0a404f10 JavaThread "FileSystemWatchService"     daemon [_thread_in_native, id=17216, stack(0x0000007ac5200000,0x0000007ac5300000) (1024K)]
  0x0000018a0a403b60 JavaThread "JEI Config File Watcher"    daemon [_thread_blocked, id=16004, stack(0x0000007ac5300000,0x0000007ac5400000) (1024K)]
  0x0000018a0d107fc0 JavaThread "Tween thread"               daemon [_thread_blocked, id=2296, stack(0x0000007ac5400000,0x0000007ac5500000) (1024K)]
  0x0000018a07160ae0 JavaThread "kubejs-background-thread"   daemon [_thread_blocked, id=17472, stack(0x0000007ac5500000,0x0000007ac5600000) (1024K)]
  0x0000018a04ccecd0 JavaThread "modloading-sync-worker"     daemon [_thread_blocked, id=25532, stack(0x0000007ac5800000,0x0000007ac5900000) (1024K)]
  0x0000018a05209730 JavaThread "ConfigSaver"                daemon [_thread_blocked, id=26836, stack(0x0000007ac7100000,0x0000007ac7200000) (1024K)]
  0x0000018a36d69c30 JavaThread "Thread-8"                   daemon [_thread_blocked, id=5580, stack(0x0000007ac7700000,0x0000007ac7800000) (1024K)]
  0x0000018a36d6a950 JavaThread "KubeJS 2101.7.2-build.363"  daemon [_thread_in_native, id=14444, stack(0x0000007ac0900000,0x0000007ac0a00000) (1024K)]
  0x0000018a36d70bc0 JavaThread "WSKeepAliveThread-/api/updates" daemon [_thread_blocked, id=11376, stack(0x0000007ac0a00000,0x0000007ac0b00000) (1024K)]
  0x0000018a172c3130 JavaThread "Java2D Disposer"            daemon [_thread_blocked, id=20632, stack(0x0000007ac0500000,0x0000007ac0600000) (1024K)]
  0x0000018a0838c930 JavaThread "Ingredient reference clearing thread" daemon [_thread_blocked, id=18888, stack(0x0000007ac6700000,0x0000007ac6800000) (1024K)]
  0x0000018a25016240 JavaThread "Netty Server IO #0"         daemon [_thread_in_native, id=17044, stack(0x0000007ac2000000,0x0000007ac2100000) (1024K)]
  0x0000018a250168d0 JavaThread "Netty Local Client IO #0"   daemon [_thread_blocked, id=14104, stack(0x0000007ac6800000,0x0000007ac6900000) (1024K)]
  0x0000018a241d8ad0 JavaThread "Netty Server IO #1"         daemon [_thread_in_native, id=17640, stack(0x0000007ac6a00000,0x0000007ac6b00000) (1024K)]
  0x0000018a25164470 JavaThread "JEI Deduplicating Run Executor 0"        [_thread_blocked, id=25096, stack(0x0000007ac7c00000,0x0000007ac7d00000) (1024K)]
  0x0000018a526c02f0 JavaThread "FileWatcher-1-thread-1"     daemon [_thread_blocked, id=19852, stack(0x0000007ac7d00000,0x0000007ac7e00000) (1024K)]
  0x0000018a36e45b30 JavaThread "Minecolonies Pathfinding Worker #0" daemon [_thread_blocked, id=15400, stack(0x0000007ac4600000,0x0000007ac4700000) (1024K)]
  0x0000018ad8ca8b10 JavaThread "Structurize IO Worker #1"   daemon [_thread_blocked, id=5252, stack(0x0000007ac0800000,0x0000007ac0900000) (1024K)]
  0x0000018be7e219a0 JavaThread "Server thread"                     [_thread_blocked, id=20696, stack(0x0000007ac3f00000,0x0000007ac4000000) (1024K)]
  0x0000018b3ec8b2c0 JavaThread "ModernFix integrated server watchdog" daemon [_thread_blocked, id=7324, stack(0x0000007ac5f00000,0x0000007ac6000000) (1024K)]
  0x0000018b3e383ab0 JavaThread "Netty Server IO #2"         daemon [_thread_in_native, id=14168, stack(0x0000007ac6000000,0x0000007ac6100000) (1024K)]
  0x0000018b3e384140 JavaThread "Netty Local Client IO #1"   daemon [_thread_blocked, id=4952, stack(0x0000007ac6100000,0x0000007ac6200000) (1024K)]
  0x0000018b3ec8d390 JavaThread "Netty Server IO #3"         daemon [_thread_in_native, id=8168, stack(0x0000007ac6200000,0x0000007ac6300000) (1024K)]
  0x0000018b72519200 JavaThread "Chunk Render Task Executor #0"        [_thread_blocked, id=27004, stack(0x0000007ac5e00000,0x0000007ac5f00000) (1024K)]
  0x0000018b72519f20 JavaThread "Chunk Render Task Executor #1"        [_thread_blocked, id=11880, stack(0x0000007ac6400000,0x0000007ac6500000) (1024K)]
  0x0000018b44df4080 JavaThread "Chunk Render Task Executor #2"        [_thread_blocked, id=26716, stack(0x0000007ac6600000,0x0000007ac6700000) (1024K)]
  0x0000018be7e3b080 JavaThread "Chunk Render Task Executor #3"        [_thread_blocked, id=8372, stack(0x0000007ac6900000,0x0000007ac6a00000) (1024K)]
  0x0000018be7e39640 JavaThread "Chunk Render Task Executor #4"        [_thread_blocked, id=19008, stack(0x0000007ac6b00000,0x0000007ac6c00000) (1024K)]
  0x0000018be7e3eb90 JavaThread "Chunk Render Task Executor #5"        [_thread_blocked, id=12420, stack(0x0000007ac6c00000,0x0000007ac6d00000) (1024K)]
  0x0000018be7e3b710 JavaThread "Chunk Render Task Executor #6"        [_thread_blocked, id=19484, stack(0x0000007ac6d00000,0x0000007ac6e00000) (1024K)]
  0x0000018b72fdd190 JavaThread "Chunk Render Task Executor #7"        [_thread_blocked, id=27452, stack(0x0000007ac6e00000,0x0000007ac6f00000) (1024K)]
  0x0000018b72fde540 JavaThread "Chunk Render Task Executor #8"        [_thread_blocked, id=27604, stack(0x0000007ac6f00000,0x0000007ac7000000) (1024K)]
  0x0000018b72fdf260 JavaThread "Chunk Render Task Executor #9"        [_thread_blocked, id=4984, stack(0x0000007ac7000000,0x0000007ac7100000) (1024K)]
  0x0000018b41d6cb70 JavaThread "Sound engine"               daemon [_thread_blocked, id=3512, stack(0x0000007ac0400000,0x0000007ac0500000) (1024K)]
  0x0000018b41d53b20 JavaThread "repurposedstructures-2-thread-1"        [_thread_blocked, id=18912, stack(0x0000007abf100000,0x0000007abf200000) (1024K)]
  0x0000018b9029e590 JavaThread "repurposedstructures-2-thread-2"        [_thread_blocked, id=13712, stack(0x0000007ac3800000,0x0000007ac3900000) (1024K)]
  0x0000018be79ba070 JavaThread "IO-Worker-275"                     [_thread_blocked, id=19824, stack(0x0000007ac2900000,0x0000007ac2a00000) (1024K)]
  0x0000018a83126e50 JavaThread "Worker-Main-138"            daemon [_thread_blocked, id=25632, stack(0x0000007abf200000,0x0000007abf300000) (1024K)]
  0x0000018bb60ce5c0 JavaThread "Worker-Main-139"            daemon [_thread_blocked, id=5072, stack(0x0000007abf300000,0x0000007abf400000) (1024K)]
  0x0000018bb60d0d20 JavaThread "Worker-Main-140"            daemon [_thread_blocked, id=4068, stack(0x0000007ac1700000,0x0000007ac1800000) (1024K)]
  0x0000018bb60cd8a0 JavaThread "Worker-Main-141"            daemon [_thread_blocked, id=7220, stack(0x0000007ac1d00000,0x0000007ac1e00000) (1024K)]
  0x0000018b40772820 JavaThread "Worker-Main-142"            daemon [_thread_blocked, id=27480, stack(0x0000007ac1f00000,0x0000007ac2000000) (1024K)]
  0x0000018bb60cec50 JavaThread "Worker-Main-143"            daemon [_thread_blocked, id=508, stack(0x0000007ac2100000,0x0000007ac2200000) (1024K)]
  0x0000018b05430d70 JavaThread "Worker-Main-144"            daemon [_thread_blocked, id=22660, stack(0x0000007ac2200000,0x0000007ac2300000) (1024K)]
  0x0000018b05430050 JavaThread "Worker-Main-145"            daemon [_thread_blocked, id=10320, stack(0x0000007ac2300000,0x0000007ac2400000) (1024K)]
  0x0000018c2883c3f0 JavaThread "Worker-Main-147"            daemon [_thread_blocked, id=27472, stack(0x0000007ac2400000,0x0000007ac2500000) (1024K)]
  0x0000018b40ab3ab0 JavaThread "Worker-Main-148"            daemon [_thread_blocked, id=9716, stack(0x0000007ac2500000,0x0000007ac2600000) (1024K)]
  0x0000018c2883e4c0 JavaThread "Worker-Main-149"            daemon [_thread_blocked, id=17124, stack(0x0000007ac2600000,0x0000007ac2700000) (1024K)]
  0x0000018b42653680 JavaThread "Worker-Main-150"            daemon [_thread_blocked, id=6172, stack(0x0000007ac2700000,0x0000007ac2800000) (1024K)]
  0x0000018b3de66420 JavaThread "Worker-Main-146"            daemon [_thread_blocked, id=25448, stack(0x0000007ac2800000,0x0000007ac2900000) (1024K)]
  0x0000018b40773540 JavaThread "IO-Worker-290"                     [_thread_blocked, id=11212, stack(0x0000007ac2e00000,0x0000007ac2f00000) (1024K)]
  0x0000018bb60cbe60 JavaThread "IO-Worker-292"                     [_thread_blocked, id=22436, stack(0x0000007ac3700000,0x0000007ac3800000) (1024K)]
  0x0000018b3de6b970 JavaThread "IO-Worker-294"                     [_thread_blocked, id=23712, stack(0x0000007ac3000000,0x0000007ac3100000) (1024K)]
  0x0000018ad8fe2180 JavaThread "IO-Worker-296"                     [_thread_blocked, id=25292, stack(0x0000007ac2a00000,0x0000007ac2b00000) (1024K)]
  0x0000018ad5ba0310 JavaThread "FileSystemWatchService"     daemon [_thread_in_native, id=25704, stack(0x0000007ac2d00000,0x0000007ac2e00000) (1024K)]
  0x0000018b40032d10 JavaThread "ForkJoinPool-5-worker-1"    daemon [_thread_blocked, id=22908, stack(0x0000007ac3a00000,0x0000007ac3b00000) (1024K)]
  0x0000018b400305b0 JavaThread "CompletableFutureDelayScheduler" daemon [_thread_blocked, id=15908, stack(0x0000007ac3b00000,0x0000007ac3c00000) (1024K)]
  0x0000018b400340c0 JavaThread "ForkJoinPool-5-worker-2"    daemon [_thread_blocked, id=20004, stack(0x0000007ac3c00000,0x0000007ac3d00000) (1024K)]
  0x0000018a527a14e0 JavaThread "C2 CompilerThread1"         daemon [_thread_blocked, id=9540, stack(0x0000007ac3400000,0x0000007ac3500000) (1024K)]
  0x0000018a527a1bb0 JavaThread "C2 CompilerThread2"         daemon [_thread_blocked, id=3012, stack(0x0000007ac3600000,0x0000007ac3700000) (1024K)]
  0x0000018ad4452960 JavaThread "C1 CompilerThread1"         daemon [_thread_blocked, id=17960, stack(0x0000007ac4200000,0x0000007ac4300000) (1024K)]
Total: 81

Other Threads:
  0x0000018a7fbea040 VMThread "VM Thread"                           [id=2956, stack(0x0000007abfb00000,0x0000007abfc00000) (1024K)]
  0x0000018a7fbc1b00 WatcherThread "VM Periodic Task Thread"        [id=12788, stack(0x0000007abfa00000,0x0000007abfb00000) (1024K)]
  0x0000018a59c2db10 WorkerThread "GC Thread#0"                     [id=2152, stack(0x0000007abf500000,0x0000007abf600000) (1024K)]
  0x0000018a04820a30 WorkerThread "GC Thread#1"                     [id=5340, stack(0x0000007ac0b00000,0x0000007ac0c00000) (1024K)]
  0x0000018a04a0e6e0 WorkerThread "GC Thread#2"                     [id=25756, stack(0x0000007ac0c00000,0x0000007ac0d00000) (1024K)]
  0x0000018a04820dd0 WorkerThread "GC Thread#3"                     [id=24944, stack(0x0000007ac0d00000,0x0000007ac0e00000) (1024K)]
  0x0000018a04b69d80 WorkerThread "GC Thread#4"                     [id=13660, stack(0x0000007ac0e00000,0x0000007ac0f00000) (1024K)]
  0x0000018a04b6a120 WorkerThread "GC Thread#5"                     [id=25916, stack(0x0000007ac0f00000,0x0000007ac1000000) (1024K)]
  0x0000018a04b6a4c0 WorkerThread "GC Thread#6"                     [id=8628, stack(0x0000007ac1000000,0x0000007ac1100000) (1024K)]
  0x0000018a04be3160 WorkerThread "GC Thread#7"                     [id=1708, stack(0x0000007ac1100000,0x0000007ac1200000) (1024K)]
  0x0000018a04be3fe0 WorkerThread "GC Thread#8"                     [id=9200, stack(0x0000007ac1200000,0x0000007ac1300000) (1024K)]
  0x0000018a04be2dc0 WorkerThread "GC Thread#9"                     [id=15168, stack(0x0000007ac1300000,0x0000007ac1400000) (1024K)]
  0x0000018a04be4380 WorkerThread "GC Thread#10"                    [id=20224, stack(0x0000007ac1400000,0x0000007ac1500000) (1024K)]
  0x0000018a04be2a20 WorkerThread "GC Thread#11"                    [id=13292, stack(0x0000007ac1500000,0x0000007ac1600000) (1024K)]
  0x0000018a04be3500 WorkerThread "GC Thread#12"                    [id=19276, stack(0x0000007ac1600000,0x0000007ac1700000) (1024K)]
  0x0000018a7cb93740 ConcurrentGCThread "G1 Main Marker"            [id=10004, stack(0x0000007abf600000,0x0000007abf700000) (1024K)]
  0x0000018a59c3ab50 WorkerThread "G1 Conc#0"                       [id=17520, stack(0x0000007abf700000,0x0000007abf800000) (1024K)]
  0x0000018a08751860 WorkerThread "G1 Conc#1"                       [id=25220, stack(0x0000007ac2b00000,0x0000007ac2c00000) (1024K)]
  0x0000018a08750d80 WorkerThread "G1 Conc#2"                       [id=320, stack(0x0000007ac2c00000,0x0000007ac2d00000) (1024K)]
  0x0000018a7cc4a530 ConcurrentGCThread "G1 Refine#0"               [id=20044, stack(0x0000007abf800000,0x0000007abf900000) (1024K)]
  0x0000018a7cc4cd60 ConcurrentGCThread "G1 Service"                [id=22696, stack(0x0000007abf900000,0x0000007abfa00000) (1024K)]
Total: 21

Threads with active compile tasks:
Total: 0

VM state: not at safepoint (normal execution)

VM Mutex/Monitor currently owned by a thread: None

Heap address: 0x00000004db800000, size: 12872 MB, Compressed Oops mode: Zero based, Oop shift amount: 3

CDS archive(s) not mapped
Compressed class space mapped at: 0x0000000800000000-0x0000000840000000, reserved size: 1073741824
Narrow klass base: 0x0000000800000000, Narrow klass shift: 0, Narrow klass range: 0x40000000

GC Precious Log:
 CardTable entry size: 512
 Card Set container configuration: InlinePtr #cards 4 size 8 Array Of Cards #cards 64 size 144 Howl #buckets 8 coarsen threshold 14745 Howl Bitmap #cards 2048 size 272 coarsen threshold 1843 Card regions per heap region 1 cards per card region 16384
 CPUs: 16 total, 16 available
 Memory: 16004M
 Large Page Support: Disabled
 NUMA Support: Disabled
 Compressed Oops: Enabled (Zero based)
 Heap Region Size: 8M
 Heap Min Capacity: 1G
 Heap Initial Capacity: 1G
 Heap Max Capacity: 12872M
 Pre-touch: Disabled
 Parallel Workers: 13
 Concurrent Workers: 3
 Concurrent Refinement Workers: 13
 Periodic GC: Disabled

Heap:
 garbage-first heap   total 8503296K, used 4442670K [0x00000004db800000, 0x0000000800000000)
  region size 8192K, 80 young (655360K), 27 survivors (221184K)
 Metaspace       used 380733K, committed 386240K, reserved 1376256K
  class space    used 61848K, committed 64448K, reserved 1048576K

Heap Regions: E=young(eden), S=young(survivor), O=old, HS=humongous(starts), HC=humongous(continues), CS=collection set, F=free, TAMS=top-at-mark-start, PB=parsable bottom
|   0|0x00000004db800000, 0x00000004dc000000, 0x00000004dc000000|100%| O|  |TAMS 0x00000004db800000| PB 0x00000004db800000| Untracked 
|   1|0x00000004dc000000, 0x00000004dc800000, 0x00000004dc800000|100%| O|  |TAMS 0x00000004dc000000| PB 0x00000004dc000000| Untracked 
|   2|0x00000004dc800000, 0x00000004dd000000, 0x00000004dd000000|100%| O|  |TAMS 0x00000004dc800000| PB 0x00000004dc800000| Untracked 
|   3|0x00000004dd000000, 0x00000004dd800000, 0x00000004dd800000|100%| O|  |TAMS 0x00000004dd000000| PB 0x00000004dd000000| Untracked 
|   4|0x00000004dd800000, 0x00000004de000000, 0x00000004de000000|100%| O|  |TAMS 0x00000004dd800000| PB 0x00000004dd800000| Untracked 
|   5|0x00000004de000000, 0x00000004de800000, 0x00000004de800000|100%| O|  |TAMS 0x00000004de000000| PB 0x00000004de000000| Untracked 
|   6|0x00000004de800000, 0x00000004df000000, 0x00000004df000000|100%| O|  |TAMS 0x00000004de800000| PB 0x00000004de800000| Untracked 
|   7|0x00000004df000000, 0x00000004df800000, 0x00000004df800000|100%| O|  |TAMS 0x00000004df000000| PB 0x00000004df000000| Untracked 
|   8|0x00000004df800000, 0x00000004e0000000, 0x00000004e0000000|100%| O|  |TAMS 0x00000004df800000| PB 0x00000004df800000| Untracked 
|   9|0x00000004e0000000, 0x00000004e0800000, 0x00000004e0800000|100%| O|  |TAMS 0x00000004e0000000| PB 0x00000004e0000000| Untracked 
|  10|0x00000004e0800000, 0x00000004e1000000, 0x00000004e1000000|100%| O|  |TAMS 0x00000004e0800000| PB 0x00000004e0800000| Untracked 
|  11|0x00000004e1000000, 0x00000004e1800000, 0x00000004e1800000|100%| O|  |TAMS 0x00000004e1000000| PB 0x00000004e1000000| Untracked 
|  12|0x00000004e1800000, 0x00000004e2000000, 0x00000004e2000000|100%| O|  |TAMS 0x00000004e1800000| PB 0x00000004e1800000| Untracked 
|  13|0x00000004e2000000, 0x00000004e2800000, 0x00000004e2800000|100%| O|  |TAMS 0x00000004e2000000| PB 0x00000004e2000000| Untracked 
|  14|0x00000004e2800000, 0x00000004e3000000, 0x00000004e3000000|100%| O|  |TAMS 0x00000004e2800000| PB 0x00000004e2800000| Untracked 
|  15|0x00000004e3000000, 0x00000004e3800000, 0x00000004e3800000|100%| O|  |TAMS 0x00000004e3000000| PB 0x00000004e3000000| Untracked 
|  16|0x00000004e3800000, 0x00000004e4000000, 0x00000004e4000000|100%| O|  |TAMS 0x00000004e3800000| PB 0x00000004e3800000| Untracked 
|  17|0x00000004e4000000, 0x00000004e4800000, 0x00000004e4800000|100%| O|  |TAMS 0x00000004e4000000| PB 0x00000004e4000000| Untracked 
|  18|0x00000004e4800000, 0x00000004e5000000, 0x00000004e5000000|100%| O|  |TAMS 0x00000004e4800000| PB 0x00000004e4800000| Untracked 
|  19|0x00000004e5000000, 0x00000004e5800000, 0x00000004e5800000|100%| O|  |TAMS 0x00000004e5000000| PB 0x00000004e5000000| Untracked 
|  20|0x00000004e5800000, 0x00000004e6000000, 0x00000004e6000000|100%| O|  |TAMS 0x00000004e5800000| PB 0x00000004e5800000| Untracked 
|  21|0x00000004e6000000, 0x00000004e6800000, 0x00000004e6800000|100%| O|  |TAMS 0x00000004e6000000| PB 0x00000004e6000000| Untracked 
|  22|0x00000004e6800000, 0x00000004e7000000, 0x00000004e7000000|100%| O|  |TAMS 0x00000004e6800000| PB 0x00000004e6800000| Untracked 
|  23|0x00000004e7000000, 0x00000004e7800000, 0x00000004e7800000|100%| O|  |TAMS 0x00000004e7000000| PB 0x00000004e7000000| Untracked 
|  24|0x00000004e7800000, 0x00000004e8000000, 0x00000004e8000000|100%| O|  |TAMS 0x00000004e7800000| PB 0x00000004e7800000| Untracked 
|  25|0x00000004e8000000, 0x00000004e8800000, 0x00000004e8800000|100%| O|  |TAMS 0x00000004e8000000| PB 0x00000004e8000000| Untracked 
|  26|0x00000004e8800000, 0x00000004e9000000, 0x00000004e9000000|100%| O|  |TAMS 0x00000004e8800000| PB 0x00000004e8800000| Untracked 
|  27|0x00000004e9000000, 0x00000004e9800000, 0x00000004e9800000|100%| O|  |TAMS 0x00000004e9000000| PB 0x00000004e9000000| Untracked 
|  28|0x00000004e9800000, 0x00000004ea000000, 0x00000004ea000000|100%| O|  |TAMS 0x00000004e9800000| PB 0x00000004e9800000| Untracked 
|  29|0x00000004ea000000, 0x00000004ea800000, 0x00000004ea800000|100%| O|  |TAMS 0x00000004ea000000| PB 0x00000004ea000000| Untracked 
|  30|0x00000004ea800000, 0x00000004eb000000, 0x00000004eb000000|100%| O|  |TAMS 0x00000004ea800000| PB 0x00000004ea800000| Untracked 
|  31|0x00000004eb000000, 0x00000004eb800000, 0x00000004eb800000|100%| O|  |TAMS 0x00000004eb000000| PB 0x00000004eb000000| Untracked 
|  32|0x00000004eb800000, 0x00000004ec000000, 0x00000004ec000000|100%| O|  |TAMS 0x00000004eb800000| PB 0x00000004eb800000| Untracked 
|  33|0x00000004ec000000, 0x00000004ec800000, 0x00000004ec800000|100%| O|  |TAMS 0x00000004ec000000| PB 0x00000004ec000000| Untracked 
|  34|0x00000004ec800000, 0x00000004ed000000, 0x00000004ed000000|100%| O|  |TAMS 0x00000004ec800000| PB 0x00000004ec800000| Untracked 
|  35|0x00000004ed000000, 0x00000004ed800000, 0x00000004ed800000|100%| O|  |TAMS 0x00000004ed000000| PB 0x00000004ed000000| Untracked 
|  36|0x00000004ed800000, 0x00000004ee000000, 0x00000004ee000000|100%| O|  |TAMS 0x00000004ed800000| PB 0x00000004ed800000| Untracked 
|  37|0x00000004ee000000, 0x00000004ee800000, 0x00000004ee800000|100%| O|  |TAMS 0x00000004ee000000| PB 0x00000004ee000000| Untracked 
|  38|0x00000004ee800000, 0x00000004ef000000, 0x00000004ef000000|100%| O|  |TAMS 0x00000004ee800000| PB 0x00000004ee800000| Untracked 
|  39|0x00000004ef000000, 0x00000004ef800000, 0x00000004ef800000|100%| O|  |TAMS 0x00000004ef000000| PB 0x00000004ef000000| Untracked 
|  40|0x00000004ef800000, 0x00000004f0000000, 0x00000004f0000000|100%| O|  |TAMS 0x00000004ef800000| PB 0x00000004ef800000| Untracked 
|  41|0x00000004f0000000, 0x00000004f0800000, 0x00000004f0800000|100%| O|  |TAMS 0x00000004f0000000| PB 0x00000004f0000000| Untracked 
|  42|0x00000004f0800000, 0x00000004f1000000, 0x00000004f1000000|100%| O|  |TAMS 0x00000004f0800000| PB 0x00000004f0800000| Untracked 
|  43|0x00000004f1000000, 0x00000004f1800000, 0x00000004f1800000|100%| O|  |TAMS 0x00000004f1000000| PB 0x00000004f1000000| Untracked 
|  44|0x00000004f1800000, 0x00000004f2000000, 0x00000004f2000000|100%| O|  |TAMS 0x00000004f1800000| PB 0x00000004f1800000| Untracked 
|  45|0x00000004f2000000, 0x00000004f2800000, 0x00000004f2800000|100%| O|  |TAMS 0x00000004f2000000| PB 0x00000004f2000000| Untracked 
|  46|0x00000004f2800000, 0x00000004f3000000, 0x00000004f3000000|100%| O|  |TAMS 0x00000004f2800000| PB 0x00000004f2800000| Untracked 
|  47|0x00000004f3000000, 0x00000004f3800000, 0x00000004f3800000|100%| O|  |TAMS 0x00000004f3000000| PB 0x00000004f3000000| Untracked 
|  48|0x00000004f3800000, 0x00000004f4000000, 0x00000004f4000000|100%| O|  |TAMS 0x00000004f3800000| PB 0x00000004f3800000| Untracked 
|  49|0x00000004f4000000, 0x00000004f4800000, 0x00000004f4800000|100%| O|  |TAMS 0x00000004f4000000| PB 0x00000004f4000000| Untracked 
|  50|0x00000004f4800000, 0x00000004f5000000, 0x00000004f5000000|100%| O|  |TAMS 0x00000004f4800000| PB 0x00000004f4800000| Untracked 
|  51|0x00000004f5000000, 0x00000004f5800000, 0x00000004f5800000|100%| O|  |TAMS 0x00000004f5000000| PB 0x00000004f5000000| Untracked 
|  52|0x00000004f5800000, 0x00000004f6000000, 0x00000004f6000000|100%| O|  |TAMS 0x00000004f5800000| PB 0x00000004f5800000| Untracked 
|  53|0x00000004f6000000, 0x00000004f6800000, 0x00000004f6800000|100%| O|  |TAMS 0x00000004f6000000| PB 0x00000004f6000000| Untracked 
|  54|0x00000004f6800000, 0x00000004f7000000, 0x00000004f7000000|100%| O|  |TAMS 0x00000004f6800000| PB 0x00000004f6800000| Untracked 
|  55|0x00000004f7000000, 0x00000004f7800000, 0x00000004f7800000|100%| O|  |TAMS 0x00000004f7000000| PB 0x00000004f7000000| Untracked 
|  56|0x00000004f7800000, 0x00000004f8000000, 0x00000004f8000000|100%| O|  |TAMS 0x00000004f7800000| PB 0x00000004f7800000| Untracked 
|  57|0x00000004f8000000, 0x00000004f8800000, 0x00000004f8800000|100%| O|  |TAMS 0x00000004f8000000| PB 0x00000004f8000000| Untracked 
|  58|0x00000004f8800000, 0x00000004f9000000, 0x00000004f9000000|100%| O|  |TAMS 0x00000004f8800000| PB 0x00000004f8800000| Untracked 
|  59|0x00000004f9000000, 0x00000004f9800000, 0x00000004f9800000|100%| O|  |TAMS 0x00000004f9000000| PB 0x00000004f9000000| Untracked 
|  60|0x00000004f9800000, 0x00000004fa000000, 0x00000004fa000000|100%| O|  |TAMS 0x00000004f9800000| PB 0x00000004f9800000| Untracked 
|  61|0x00000004fa000000, 0x00000004fa800000, 0x00000004fa800000|100%| O|  |TAMS 0x00000004fa000000| PB 0x00000004fa000000| Untracked 
|  62|0x00000004fa800000, 0x00000004fb000000, 0x00000004fb000000|100%| O|  |TAMS 0x00000004fa800000| PB 0x00000004fa800000| Untracked 
|  63|0x00000004fb000000, 0x00000004fb800000, 0x00000004fb800000|100%| O|  |TAMS 0x00000004fb000000| PB 0x00000004fb000000| Untracked 
|  64|0x00000004fb800000, 0x00000004fc000000, 0x00000004fc000000|100%| O|  |TAMS 0x00000004fb800000| PB 0x00000004fb800000| Untracked 
|  65|0x00000004fc000000, 0x00000004fc800000, 0x00000004fc800000|100%| O|  |TAMS 0x00000004fc000000| PB 0x00000004fc000000| Untracked 
|  66|0x00000004fc800000, 0x00000004fd000000, 0x00000004fd000000|100%| O|  |TAMS 0x00000004fc800000| PB 0x00000004fc800000| Untracked 
|  67|0x00000004fd000000, 0x00000004fd800000, 0x00000004fd800000|100%| O|  |TAMS 0x00000004fd000000| PB 0x00000004fd000000| Untracked 
|  68|0x00000004fd800000, 0x00000004fe000000, 0x00000004fe000000|100%| O|  |TAMS 0x00000004fd800000| PB 0x00000004fd800000| Untracked 
|  69|0x00000004fe000000, 0x00000004fe800000, 0x00000004fe800000|100%| O|  |TAMS 0x00000004fe000000| PB 0x00000004fe000000| Untracked 
|  70|0x00000004fe800000, 0x00000004ff000000, 0x00000004ff000000|100%| O|  |TAMS 0x00000004fe800000| PB 0x00000004fe800000| Untracked 
|  71|0x00000004ff000000, 0x00000004ff800000, 0x00000004ff800000|100%| O|  |TAMS 0x00000004ff000000| PB 0x00000004ff000000| Untracked 
|  72|0x00000004ff800000, 0x0000000500000000, 0x0000000500000000|100%|HS|  |TAMS 0x00000004ff800000| PB 0x00000004ff800000| Complete 
|  73|0x0000000500000000, 0x0000000500800000, 0x0000000500800000|100%|HS|  |TAMS 0x0000000500000000| PB 0x0000000500000000| Complete 
|  74|0x0000000500800000, 0x0000000501000000, 0x0000000501000000|100%| O|  |TAMS 0x0000000500800000| PB 0x0000000500800000| Untracked 
|  75|0x0000000501000000, 0x0000000501800000, 0x0000000501800000|100%| O|Cm|TAMS 0x0000000501000000| PB 0x0000000501000000| Complete 
|  76|0x0000000501800000, 0x0000000502000000, 0x0000000502000000|100%| O|  |TAMS 0x0000000501800000| PB 0x0000000501800000| Untracked 
|  77|0x0000000502000000, 0x0000000502800000, 0x0000000502800000|100%| O|  |TAMS 0x0000000502000000| PB 0x0000000502000000| Untracked 
|  78|0x0000000502800000, 0x0000000503000000, 0x0000000503000000|100%| O|  |TAMS 0x0000000502800000| PB 0x0000000502800000| Untracked 
|  79|0x0000000503000000, 0x0000000503800000, 0x0000000503800000|100%| O|  |TAMS 0x0000000503000000| PB 0x0000000503000000| Untracked 
|  80|0x0000000503800000, 0x0000000504000000, 0x0000000504000000|100%| O|  |TAMS 0x0000000503800000| PB 0x0000000503800000| Untracked 
|  81|0x0000000504000000, 0x0000000504800000, 0x0000000504800000|100%| O|  |TAMS 0x0000000504000000| PB 0x0000000504000000| Untracked 
|  82|0x0000000504800000, 0x0000000505000000, 0x0000000505000000|100%| O|  |TAMS 0x0000000504800000| PB 0x0000000504800000| Untracked 
|  83|0x0000000505000000, 0x0000000505800000, 0x0000000505800000|100%| O|  |TAMS 0x0000000505000000| PB 0x0000000505000000| Untracked 
|  84|0x0000000505800000, 0x0000000506000000, 0x0000000506000000|100%| O|  |TAMS 0x0000000505800000| PB 0x0000000505800000| Untracked 
|  85|0x0000000506000000, 0x0000000506800000, 0x0000000506800000|100%| O|  |TAMS 0x0000000506000000| PB 0x0000000506000000| Untracked 
|  86|0x0000000506800000, 0x0000000507000000, 0x0000000507000000|100%| O|  |TAMS 0x0000000506800000| PB 0x0000000506800000| Untracked 
|  87|0x0000000507000000, 0x0000000507800000, 0x0000000507800000|100%| O|  |TAMS 0x0000000507000000| PB 0x0000000507000000| Untracked 
|  88|0x0000000507800000, 0x0000000508000000, 0x0000000508000000|100%| O|  |TAMS 0x0000000507800000| PB 0x0000000507800000| Untracked 
|  89|0x0000000508000000, 0x0000000508800000, 0x0000000508800000|100%| O|  |TAMS 0x0000000508000000| PB 0x0000000508000000| Untracked 
|  90|0x0000000508800000, 0x0000000509000000, 0x0000000509000000|100%| O|  |TAMS 0x0000000508800000| PB 0x0000000508800000| Untracked 
|  91|0x0000000509000000, 0x0000000509800000, 0x0000000509800000|100%| O|  |TAMS 0x0000000509000000| PB 0x0000000509000000| Untracked 
|  92|0x0000000509800000, 0x000000050a000000, 0x000000050a000000|100%| O|  |TAMS 0x0000000509800000| PB 0x0000000509800000| Untracked 
|  93|0x000000050a000000, 0x000000050a800000, 0x000000050a800000|100%| O|  |TAMS 0x000000050a000000| PB 0x000000050a000000| Untracked 
|  94|0x000000050a800000, 0x000000050b000000, 0x000000050b000000|100%| O|  |TAMS 0x000000050a800000| PB 0x000000050a800000| Untracked 
|  95|0x000000050b000000, 0x000000050b800000, 0x000000050b800000|100%| O|  |TAMS 0x000000050b000000| PB 0x000000050b000000| Untracked 
|  96|0x000000050b800000, 0x000000050c000000, 0x000000050c000000|100%| O|  |TAMS 0x000000050b800000| PB 0x000000050b800000| Untracked 
|  97|0x000000050c000000, 0x000000050c800000, 0x000000050c800000|100%| O|  |TAMS 0x000000050c000000| PB 0x000000050c000000| Untracked 
|  98|0x000000050c800000, 0x000000050d000000, 0x000000050d000000|100%| O|  |TAMS 0x000000050c800000| PB 0x000000050c800000| Untracked 
|  99|0x000000050d000000, 0x000000050d800000, 0x000000050d800000|100%| O|  |TAMS 0x000000050d000000| PB 0x000000050d000000| Untracked 
| 100|0x000000050d800000, 0x000000050e000000, 0x000000050e000000|100%| O|  |TAMS 0x000000050d800000| PB 0x000000050d800000| Untracked 
| 101|0x000000050e000000, 0x000000050e800000, 0x000000050e800000|100%| O|  |TAMS 0x000000050e000000| PB 0x000000050e000000| Untracked 
| 102|0x000000050e800000, 0x000000050f000000, 0x000000050f000000|100%| O|  |TAMS 0x000000050e800000| PB 0x000000050e800000| Untracked 
| 103|0x000000050f000000, 0x000000050f800000, 0x000000050f800000|100%| O|  |TAMS 0x000000050f000000| PB 0x000000050f000000| Untracked 
| 104|0x000000050f800000, 0x0000000510000000, 0x0000000510000000|100%| O|  |TAMS 0x000000050f800000| PB 0x000000050f800000| Untracked 
| 105|0x0000000510000000, 0x0000000510800000, 0x0000000510800000|100%| O|  |TAMS 0x0000000510000000| PB 0x0000000510000000| Untracked 
| 106|0x0000000510800000, 0x0000000511000000, 0x0000000511000000|100%| O|  |TAMS 0x0000000510800000| PB 0x0000000510800000| Untracked 
| 107|0x0000000511000000, 0x0000000511800000, 0x0000000511800000|100%| O|  |TAMS 0x0000000511000000| PB 0x0000000511000000| Untracked 
| 108|0x0000000511800000, 0x0000000512000000, 0x0000000512000000|100%| O|  |TAMS 0x0000000511800000| PB 0x0000000511800000| Untracked 
| 109|0x0000000512000000, 0x0000000512800000, 0x0000000512800000|100%| O|Cm|TAMS 0x0000000512000000| PB 0x0000000512000000| Complete 
| 110|0x0000000512800000, 0x0000000513000000, 0x0000000513000000|100%| O|  |TAMS 0x0000000512800000| PB 0x0000000512800000| Untracked 
| 111|0x0000000513000000, 0x0000000513800000, 0x0000000513800000|100%| O|  |TAMS 0x0000000513000000| PB 0x0000000513000000| Untracked 
| 112|0x0000000513800000, 0x0000000514000000, 0x0000000514000000|100%| O|  |TAMS 0x0000000513800000| PB 0x0000000513800000| Untracked 
| 113|0x0000000514000000, 0x0000000514800000, 0x0000000514800000|100%| O|  |TAMS 0x0000000514000000| PB 0x0000000514000000| Untracked 
| 114|0x0000000514800000, 0x0000000515000000, 0x0000000515000000|100%| O|  |TAMS 0x0000000514800000| PB 0x0000000514800000| Untracked 
| 115|0x0000000515000000, 0x0000000515800000, 0x0000000515800000|100%| O|  |TAMS 0x0000000515000000| PB 0x0000000515000000| Untracked 
| 116|0x0000000515800000, 0x0000000516000000, 0x0000000516000000|100%| O|  |TAMS 0x0000000515800000| PB 0x0000000515800000| Untracked 
| 117|0x0000000516000000, 0x0000000516800000, 0x0000000516800000|100%| O|  |TAMS 0x0000000516000000| PB 0x0000000516000000| Untracked 
| 118|0x0000000516800000, 0x0000000517000000, 0x0000000517000000|100%| O|  |TAMS 0x0000000516800000| PB 0x0000000516800000| Untracked 
| 119|0x0000000517000000, 0x0000000517800000, 0x0000000517800000|100%| O|  |TAMS 0x0000000517000000| PB 0x0000000517000000| Untracked 
| 120|0x0000000517800000, 0x0000000518000000, 0x0000000518000000|100%| O|  |TAMS 0x0000000517800000| PB 0x0000000517800000| Untracked 
| 121|0x0000000518000000, 0x0000000518800000, 0x0000000518800000|100%| O|  |TAMS 0x0000000518000000| PB 0x0000000518000000| Untracked 
| 122|0x0000000518800000, 0x0000000519000000, 0x0000000519000000|100%| O|  |TAMS 0x0000000518800000| PB 0x0000000518800000| Untracked 
| 123|0x0000000519000000, 0x0000000519800000, 0x0000000519800000|100%| O|  |TAMS 0x0000000519000000| PB 0x0000000519000000| Untracked 
| 124|0x0000000519800000, 0x000000051a000000, 0x000000051a000000|100%| O|  |TAMS 0x0000000519800000| PB 0x0000000519800000| Untracked 
| 125|0x000000051a000000, 0x000000051a800000, 0x000000051a800000|100%| O|  |TAMS 0x000000051a000000| PB 0x000000051a000000| Untracked 
| 126|0x000000051a800000, 0x000000051b000000, 0x000000051b000000|100%| O|  |TAMS 0x000000051a800000| PB 0x000000051a800000| Untracked 
| 127|0x000000051b000000, 0x000000051b800000, 0x000000051b800000|100%| O|  |TAMS 0x000000051b000000| PB 0x000000051b000000| Untracked 
| 128|0x000000051b800000, 0x000000051c000000, 0x000000051c000000|100%| O|  |TAMS 0x000000051b800000| PB 0x000000051b800000| Untracked 
| 129|0x000000051c000000, 0x000000051c800000, 0x000000051c800000|100%| O|  |TAMS 0x000000051c000000| PB 0x000000051c000000| Untracked 
| 130|0x000000051c800000, 0x000000051d000000, 0x000000051d000000|100%| O|  |TAMS 0x000000051c800000| PB 0x000000051c800000| Untracked 
| 131|0x000000051d000000, 0x000000051d800000, 0x000000051d800000|100%| O|  |TAMS 0x000000051d000000| PB 0x000000051d000000| Untracked 
| 132|0x000000051d800000, 0x000000051e000000, 0x000000051e000000|100%| O|  |TAMS 0x000000051d800000| PB 0x000000051d800000| Untracked 
| 133|0x000000051e000000, 0x000000051e800000, 0x000000051e800000|100%| O|  |TAMS 0x000000051e000000| PB 0x000000051e000000| Untracked 
| 134|0x000000051e800000, 0x000000051f000000, 0x000000051f000000|100%| O|  |TAMS 0x000000051e800000| PB 0x000000051e800000| Untracked 
| 135|0x000000051f000000, 0x000000051f800000, 0x000000051f800000|100%| O|  |TAMS 0x000000051f000000| PB 0x000000051f000000| Untracked 
| 136|0x000000051f800000, 0x0000000520000000, 0x0000000520000000|100%| O|  |TAMS 0x000000051f800000| PB 0x000000051f800000| Untracked 
| 137|0x0000000520000000, 0x0000000520800000, 0x0000000520800000|100%| O|  |TAMS 0x0000000520000000| PB 0x0000000520000000| Untracked 
| 138|0x0000000520800000, 0x0000000521000000, 0x0000000521000000|100%| O|  |TAMS 0x0000000520800000| PB 0x0000000520800000| Untracked 
| 139|0x0000000521000000, 0x0000000521800000, 0x0000000521800000|100%| O|  |TAMS 0x0000000521000000| PB 0x0000000521000000| Untracked 
| 140|0x0000000521800000, 0x0000000522000000, 0x0000000522000000|100%| O|  |TAMS 0x0000000521800000| PB 0x0000000521800000| Untracked 
| 141|0x0000000522000000, 0x0000000522800000, 0x0000000522800000|100%| O|  |TAMS 0x0000000522000000| PB 0x0000000522000000| Untracked 
| 142|0x0000000522800000, 0x0000000523000000, 0x0000000523000000|100%| O|  |TAMS 0x0000000522800000| PB 0x0000000522800000| Untracked 
| 143|0x0000000523000000, 0x0000000523800000, 0x0000000523800000|100%| O|  |TAMS 0x0000000523000000| PB 0x0000000523000000| Untracked 
| 144|0x0000000523800000, 0x0000000524000000, 0x0000000524000000|100%| O|  |TAMS 0x0000000523800000| PB 0x0000000523800000| Untracked 
| 145|0x0000000524000000, 0x0000000524800000, 0x0000000524800000|100%| O|  |TAMS 0x0000000524000000| PB 0x0000000524000000| Untracked 
| 146|0x0000000524800000, 0x0000000525000000, 0x0000000525000000|100%| O|  |TAMS 0x0000000524800000| PB 0x0000000524800000| Untracked 
| 147|0x0000000525000000, 0x0000000525800000, 0x0000000525800000|100%| O|  |TAMS 0x0000000525000000| PB 0x0000000525000000| Untracked 
| 148|0x0000000525800000, 0x0000000526000000, 0x0000000526000000|100%| O|  |TAMS 0x0000000525800000| PB 0x0000000525800000| Untracked 
| 149|0x0000000526000000, 0x0000000526800000, 0x0000000526800000|100%| O|  |TAMS 0x0000000526000000| PB 0x0000000526000000| Untracked 
| 150|0x0000000526800000, 0x0000000527000000, 0x0000000527000000|100%| O|  |TAMS 0x0000000526800000| PB 0x0000000526800000| Untracked 
| 151|0x0000000527000000, 0x0000000527800000, 0x0000000527800000|100%| O|  |TAMS 0x0000000527000000| PB 0x0000000527000000| Untracked 
| 152|0x0000000527800000, 0x0000000528000000, 0x0000000528000000|100%| O|  |TAMS 0x0000000527800000| PB 0x0000000527800000| Untracked 
| 153|0x0000000528000000, 0x0000000528800000, 0x0000000528800000|100%| O|  |TAMS 0x0000000528000000| PB 0x0000000528000000| Untracked 
| 154|0x0000000528800000, 0x0000000529000000, 0x0000000529000000|100%| O|  |TAMS 0x0000000528800000| PB 0x0000000528800000| Untracked 
| 155|0x0000000529000000, 0x0000000529800000, 0x0000000529800000|100%| O|  |TAMS 0x0000000529000000| PB 0x0000000529000000| Untracked 
| 156|0x0000000529800000, 0x000000052a000000, 0x000000052a000000|100%| O|  |TAMS 0x0000000529800000| PB 0x0000000529800000| Untracked 
| 157|0x000000052a000000, 0x000000052a800000, 0x000000052a800000|100%| O|  |TAMS 0x000000052a000000| PB 0x000000052a000000| Untracked 
| 158|0x000000052a800000, 0x000000052b000000, 0x000000052b000000|100%| O|  |TAMS 0x000000052a800000| PB 0x000000052a800000| Untracked 
| 159|0x000000052b000000, 0x000000052b800000, 0x000000052b800000|100%| O|  |TAMS 0x000000052b000000| PB 0x000000052b000000| Untracked 
| 160|0x000000052b800000, 0x000000052c000000, 0x000000052c000000|100%| O|  |TAMS 0x000000052b800000| PB 0x000000052b800000| Untracked 
| 161|0x000000052c000000, 0x000000052c800000, 0x000000052c800000|100%| O|  |TAMS 0x000000052c000000| PB 0x000000052c000000| Untracked 
| 162|0x000000052c800000, 0x000000052d000000, 0x000000052d000000|100%| O|  |TAMS 0x000000052c800000| PB 0x000000052c800000| Untracked 
| 163|0x000000052d000000, 0x000000052d800000, 0x000000052d800000|100%| O|  |TAMS 0x000000052d000000| PB 0x000000052d000000| Untracked 
| 164|0x000000052d800000, 0x000000052e000000, 0x000000052e000000|100%| O|  |TAMS 0x000000052d800000| PB 0x000000052d800000| Untracked 
| 165|0x000000052e000000, 0x000000052e800000, 0x000000052e800000|100%| O|  |TAMS 0x000000052e000000| PB 0x000000052e000000| Untracked 
| 166|0x000000052e800000, 0x000000052f000000, 0x000000052f000000|100%| O|  |TAMS 0x000000052e800000| PB 0x000000052e800000| Untracked 
| 167|0x000000052f000000, 0x000000052f800000, 0x000000052f800000|100%| O|  |TAMS 0x000000052f000000| PB 0x000000052f000000| Untracked 
| 168|0x000000052f800000, 0x0000000530000000, 0x0000000530000000|100%| O|  |TAMS 0x000000052f800000| PB 0x000000052f800000| Untracked 
| 169|0x0000000530000000, 0x0000000530800000, 0x0000000530800000|100%| O|  |TAMS 0x0000000530000000| PB 0x0000000530000000| Untracked 
| 170|0x0000000530800000, 0x0000000531000000, 0x0000000531000000|100%| O|  |TAMS 0x0000000530800000| PB 0x0000000530800000| Untracked 
| 171|0x0000000531000000, 0x0000000531800000, 0x0000000531800000|100%| O|  |TAMS 0x0000000531000000| PB 0x0000000531000000| Untracked 
| 172|0x0000000531800000, 0x0000000532000000, 0x0000000532000000|100%| O|  |TAMS 0x0000000531800000| PB 0x0000000531800000| Untracked 
| 173|0x0000000532000000, 0x000000053228ba60, 0x0000000532800000| 31%| O|  |TAMS 0x0000000532000000| PB 0x0000000532000000| Untracked 
| 174|0x0000000532800000, 0x0000000533000000, 0x0000000533000000|100%| O|  |TAMS 0x0000000532800000| PB 0x0000000532800000| Untracked 
| 175|0x0000000533000000, 0x0000000533800000, 0x0000000533800000|100%| O|  |TAMS 0x0000000533000000| PB 0x0000000533000000| Untracked 
| 176|0x0000000533800000, 0x0000000534000000, 0x0000000534000000|100%| O|  |TAMS 0x0000000533800000| PB 0x0000000533800000| Untracked 
| 177|0x0000000534000000, 0x0000000534800000, 0x0000000534800000|100%| O|  |TAMS 0x0000000534000000| PB 0x0000000534000000| Untracked 
| 178|0x0000000534800000, 0x0000000535000000, 0x0000000535000000|100%| O|  |TAMS 0x0000000534800000| PB 0x0000000534800000| Untracked 
| 179|0x0000000535000000, 0x0000000535800000, 0x0000000535800000|100%| O|Cm|TAMS 0x0000000535000000| PB 0x0000000535000000| Complete 
| 180|0x0000000535800000, 0x0000000536000000, 0x0000000536000000|100%| O|  |TAMS 0x0000000535800000| PB 0x0000000535800000| Untracked 
| 181|0x0000000536000000, 0x0000000536800000, 0x0000000536800000|100%| O|  |TAMS 0x0000000536000000| PB 0x0000000536000000| Untracked 
| 182|0x0000000536800000, 0x0000000537000000, 0x0000000537000000|100%| O|  |TAMS 0x0000000536800000| PB 0x0000000536800000| Untracked 
| 183|0x0000000537000000, 0x0000000537800000, 0x0000000537800000|100%| O|  |TAMS 0x0000000537000000| PB 0x0000000537000000| Untracked 
| 184|0x0000000537800000, 0x0000000538000000, 0x0000000538000000|100%| O|  |TAMS 0x0000000537800000| PB 0x0000000537800000| Untracked 
| 185|0x0000000538000000, 0x0000000538800000, 0x0000000538800000|100%| O|  |TAMS 0x0000000538000000| PB 0x0000000538000000| Untracked 
| 186|0x0000000538800000, 0x0000000539000000, 0x0000000539000000|100%| O|  |TAMS 0x0000000538800000| PB 0x0000000538800000| Untracked 
| 187|0x0000000539000000, 0x0000000539800000, 0x0000000539800000|100%| O|  |TAMS 0x0000000539000000| PB 0x0000000539000000| Untracked 
| 188|0x0000000539800000, 0x000000053a000000, 0x000000053a000000|100%| O|  |TAMS 0x0000000539800000| PB 0x0000000539800000| Untracked 
| 189|0x000000053a000000, 0x000000053a800000, 0x000000053a800000|100%| O|  |TAMS 0x000000053a000000| PB 0x000000053a000000| Untracked 
| 190|0x000000053a800000, 0x000000053b000000, 0x000000053b000000|100%| O|  |TAMS 0x000000053a800000| PB 0x000000053a800000| Untracked 
| 191|0x000000053b000000, 0x000000053b800000, 0x000000053b800000|100%| O|  |TAMS 0x000000053b000000| PB 0x000000053b000000| Untracked 
| 192|0x000000053b800000, 0x000000053c000000, 0x000000053c000000|100%| O|  |TAMS 0x000000053b800000| PB 0x000000053b800000| Untracked 
| 193|0x000000053c000000, 0x000000053c800000, 0x000000053c800000|100%| O|  |TAMS 0x000000053c000000| PB 0x000000053c000000| Untracked 
| 194|0x000000053c800000, 0x000000053d000000, 0x000000053d000000|100%| O|  |TAMS 0x000000053c800000| PB 0x000000053c800000| Untracked 
| 195|0x000000053d000000, 0x000000053d800000, 0x000000053d800000|100%| O|  |TAMS 0x000000053d000000| PB 0x000000053d000000| Untracked 
| 196|0x000000053d800000, 0x000000053e000000, 0x000000053e000000|100%| O|  |TAMS 0x000000053d800000| PB 0x000000053d800000| Untracked 
| 197|0x000000053e000000, 0x000000053e800000, 0x000000053e800000|100%| O|  |TAMS 0x000000053e000000| PB 0x000000053e000000| Untracked 
| 198|0x000000053e800000, 0x000000053f000000, 0x000000053f000000|100%| O|  |TAMS 0x000000053e800000| PB 0x000000053e800000| Untracked 
| 199|0x000000053f000000, 0x000000053f800000, 0x000000053f800000|100%| O|  |TAMS 0x000000053f000000| PB 0x000000053f000000| Untracked 
| 200|0x000000053f800000, 0x0000000540000000, 0x0000000540000000|100%| O|  |TAMS 0x000000053f800000| PB 0x000000053f800000| Untracked 
| 201|0x0000000540000000, 0x0000000540800000, 0x0000000540800000|100%| O|  |TAMS 0x0000000540000000| PB 0x0000000540000000| Untracked 
| 202|0x0000000540800000, 0x0000000541000000, 0x0000000541000000|100%| O|  |TAMS 0x0000000540800000| PB 0x0000000540800000| Untracked 
| 203|0x0000000541000000, 0x0000000541800000, 0x0000000541800000|100%| O|  |TAMS 0x0000000541000000| PB 0x0000000541000000| Untracked 
| 204|0x0000000541800000, 0x0000000542000000, 0x0000000542000000|100%| O|  |TAMS 0x0000000541800000| PB 0x0000000541800000| Untracked 
| 205|0x0000000542000000, 0x0000000542800000, 0x0000000542800000|100%| O|  |TAMS 0x0000000542000000| PB 0x0000000542000000| Untracked 
| 206|0x0000000542800000, 0x0000000543000000, 0x0000000543000000|100%| O|  |TAMS 0x0000000542800000| PB 0x0000000542800000| Untracked 
| 207|0x0000000543000000, 0x0000000543800000, 0x0000000543800000|100%| O|  |TAMS 0x0000000543000000| PB 0x0000000543000000| Untracked 
| 208|0x0000000543800000, 0x0000000544000000, 0x0000000544000000|100%| O|  |TAMS 0x0000000543800000| PB 0x0000000543800000| Untracked 
| 209|0x0000000544000000, 0x0000000544800000, 0x0000000544800000|100%| O|  |TAMS 0x0000000544000000| PB 0x0000000544000000| Untracked 
| 210|0x0000000544800000, 0x0000000545000000, 0x0000000545000000|100%| O|  |TAMS 0x0000000544800000| PB 0x0000000544800000| Untracked 
| 211|0x0000000545000000, 0x0000000545800000, 0x0000000545800000|100%| O|  |TAMS 0x0000000545000000| PB 0x0000000545000000| Untracked 
| 212|0x0000000545800000, 0x0000000546000000, 0x0000000546000000|100%|HS|  |TAMS 0x0000000545800000| PB 0x0000000545800000| Complete 
| 213|0x0000000546000000, 0x0000000546800000, 0x0000000546800000|100%| O|  |TAMS 0x0000000546000000| PB 0x0000000546000000| Untracked 
| 214|0x0000000546800000, 0x0000000547000000, 0x0000000547000000|100%| O|  |TAMS 0x0000000546800000| PB 0x0000000546800000| Untracked 
| 215|0x0000000547000000, 0x0000000547800000, 0x0000000547800000|100%| O|  |TAMS 0x0000000547000000| PB 0x0000000547000000| Untracked 
| 216|0x0000000547800000, 0x0000000548000000, 0x0000000548000000|100%| O|  |TAMS 0x0000000547800000| PB 0x0000000547800000| Untracked 
| 217|0x0000000548000000, 0x0000000548800000, 0x0000000548800000|100%| O|  |TAMS 0x0000000548000000| PB 0x0000000548000000| Untracked 
| 218|0x0000000548800000, 0x0000000549000000, 0x0000000549000000|100%| O|  |TAMS 0x0000000548800000| PB 0x0000000548800000| Untracked 
| 219|0x0000000549000000, 0x0000000549800000, 0x0000000549800000|100%| O|  |TAMS 0x0000000549000000| PB 0x0000000549000000| Untracked 
| 220|0x0000000549800000, 0x000000054a000000, 0x000000054a000000|100%| O|  |TAMS 0x0000000549800000| PB 0x0000000549800000| Untracked 
| 221|0x000000054a000000, 0x000000054a800000, 0x000000054a800000|100%| O|  |TAMS 0x000000054a000000| PB 0x000000054a000000| Untracked 
| 222|0x000000054a800000, 0x000000054b000000, 0x000000054b000000|100%| O|  |TAMS 0x000000054a800000| PB 0x000000054a800000| Untracked 
| 223|0x000000054b000000, 0x000000054b800000, 0x000000054b800000|100%| O|  |TAMS 0x000000054b000000| PB 0x000000054b000000| Untracked 
| 224|0x000000054b800000, 0x000000054c000000, 0x000000054c000000|100%| O|  |TAMS 0x000000054b800000| PB 0x000000054b800000| Untracked 
| 225|0x000000054c000000, 0x000000054c800000, 0x000000054c800000|100%| O|Cm|TAMS 0x000000054c000000| PB 0x000000054c000000| Complete 
| 226|0x000000054c800000, 0x000000054d000000, 0x000000054d000000|100%| O|  |TAMS 0x000000054c800000| PB 0x000000054c800000| Untracked 
| 227|0x000000054d000000, 0x000000054d000000, 0x000000054d800000|  0%| F|  |TAMS 0x000000054d000000| PB 0x000000054d000000| Untracked 
| 228|0x000000054d800000, 0x000000054e000000, 0x000000054e000000|100%| O|  |TAMS 0x000000054d800000| PB 0x000000054d800000| Untracked 
| 229|0x000000054e000000, 0x000000054e800000, 0x000000054e800000|100%| O|  |TAMS 0x000000054e000000| PB 0x000000054e000000| Untracked 
| 230|0x000000054e800000, 0x000000054f000000, 0x000000054f000000|100%| O|  |TAMS 0x000000054e800000| PB 0x000000054e800000| Untracked 
| 231|0x000000054f000000, 0x000000054f800000, 0x000000054f800000|100%| O|  |TAMS 0x000000054f000000| PB 0x000000054f000000| Untracked 
| 232|0x000000054f800000, 0x0000000550000000, 0x0000000550000000|100%| O|  |TAMS 0x000000054f800000| PB 0x000000054f800000| Untracked 
| 233|0x0000000550000000, 0x0000000550800000, 0x0000000550800000|100%| O|  |TAMS 0x0000000550000000| PB 0x0000000550000000| Untracked 
| 234|0x0000000550800000, 0x0000000551000000, 0x0000000551000000|100%| O|Cm|TAMS 0x0000000550800000| PB 0x0000000550800000| Complete 
| 235|0x0000000551000000, 0x0000000551800000, 0x0000000551800000|100%| O|  |TAMS 0x0000000551000000| PB 0x0000000551000000| Untracked 
| 236|0x0000000551800000, 0x0000000551800000, 0x0000000552000000|  0%| F|  |TAMS 0x0000000551800000| PB 0x0000000551800000| Untracked 
| 237|0x0000000552000000, 0x0000000552800000, 0x0000000552800000|100%| O|  |TAMS 0x0000000552000000| PB 0x0000000552000000| Untracked 
| 238|0x0000000552800000, 0x0000000553000000, 0x0000000553000000|100%| O|  |TAMS 0x0000000552800000| PB 0x0000000552800000| Untracked 
| 239|0x0000000553000000, 0x0000000553800000, 0x0000000553800000|100%| O|  |TAMS 0x0000000553000000| PB 0x0000000553000000| Untracked 
| 240|0x0000000553800000, 0x0000000554000000, 0x0000000554000000|100%| O|  |TAMS 0x0000000553800000| PB 0x0000000553800000| Untracked 
| 241|0x0000000554000000, 0x0000000554800000, 0x0000000554800000|100%| O|  |TAMS 0x0000000554000000| PB 0x0000000554000000| Untracked 
| 242|0x0000000554800000, 0x0000000555000000, 0x0000000555000000|100%| O|  |TAMS 0x0000000554800000| PB 0x0000000554800000| Untracked 
| 243|0x0000000555000000, 0x0000000555800000, 0x0000000555800000|100%| O|  |TAMS 0x0000000555000000| PB 0x0000000555000000| Untracked 
| 244|0x0000000555800000, 0x0000000556000000, 0x0000000556000000|100%| O|  |TAMS 0x0000000555800000| PB 0x0000000555800000| Untracked 
| 245|0x0000000556000000, 0x0000000556800000, 0x0000000556800000|100%| O|  |TAMS 0x0000000556000000| PB 0x0000000556000000| Untracked 
| 246|0x0000000556800000, 0x0000000557000000, 0x0000000557000000|100%| O|  |TAMS 0x0000000556800000| PB 0x0000000556800000| Untracked 
| 247|0x0000000557000000, 0x0000000557800000, 0x0000000557800000|100%| O|  |TAMS 0x0000000557000000| PB 0x0000000557000000| Untracked 
| 248|0x0000000557800000, 0x0000000558000000, 0x0000000558000000|100%| O|  |TAMS 0x0000000557800000| PB 0x0000000557800000| Untracked 
| 249|0x0000000558000000, 0x0000000558800000, 0x0000000558800000|100%| O|  |TAMS 0x0000000558000000| PB 0x0000000558000000| Untracked 
| 250|0x0000000558800000, 0x0000000559000000, 0x0000000559000000|100%| O|  |TAMS 0x0000000558800000| PB 0x0000000558800000| Untracked 
| 251|0x0000000559000000, 0x0000000559800000, 0x0000000559800000|100%| O|  |TAMS 0x0000000559000000| PB 0x0000000559000000| Untracked 
| 252|0x0000000559800000, 0x000000055a000000, 0x000000055a000000|100%| O|  |TAMS 0x0000000559800000| PB 0x0000000559800000| Untracked 
| 253|0x000000055a000000, 0x000000055a800000, 0x000000055a800000|100%| O|  |TAMS 0x000000055a000000| PB 0x000000055a000000| Untracked 
| 254|0x000000055a800000, 0x000000055b000000, 0x000000055b000000|100%| O|  |TAMS 0x000000055a800000| PB 0x000000055a800000| Untracked 
| 255|0x000000055b000000, 0x000000055b800000, 0x000000055b800000|100%| O|  |TAMS 0x000000055b000000| PB 0x000000055b000000| Untracked 
| 256|0x000000055b800000, 0x000000055c000000, 0x000000055c000000|100%| O|Cm|TAMS 0x000000055b800000| PB 0x000000055b800000| Complete 
| 257|0x000000055c000000, 0x000000055c800000, 0x000000055c800000|100%| O|  |TAMS 0x000000055c000000| PB 0x000000055c000000| Untracked 
| 258|0x000000055c800000, 0x000000055d000000, 0x000000055d000000|100%| O|  |TAMS 0x000000055c800000| PB 0x000000055c800000| Untracked 
| 259|0x000000055d000000, 0x000000055d800000, 0x000000055d800000|100%| O|Cm|TAMS 0x000000055d000000| PB 0x000000055d000000| Complete 
| 260|0x000000055d800000, 0x000000055e000000, 0x000000055e000000|100%| O|  |TAMS 0x000000055d800000| PB 0x000000055d800000| Untracked 
| 261|0x000000055e000000, 0x000000055e800000, 0x000000055e800000|100%| O|  |TAMS 0x000000055e000000| PB 0x000000055e000000| Untracked 
| 262|0x000000055e800000, 0x000000055f000000, 0x000000055f000000|100%| O|  |TAMS 0x000000055e800000| PB 0x000000055e800000| Untracked 
| 263|0x000000055f000000, 0x000000055f800000, 0x000000055f800000|100%| O|  |TAMS 0x000000055f000000| PB 0x000000055f000000| Untracked 
| 264|0x000000055f800000, 0x0000000560000000, 0x0000000560000000|100%| O|  |TAMS 0x000000055f800000| PB 0x000000055f800000| Untracked 
| 265|0x0000000560000000, 0x0000000560800000, 0x0000000560800000|100%| O|  |TAMS 0x0000000560000000| PB 0x0000000560000000| Untracked 
| 266|0x0000000560800000, 0x0000000561000000, 0x0000000561000000|100%| O|  |TAMS 0x0000000560800000| PB 0x0000000560800000| Untracked 
| 267|0x0000000561000000, 0x0000000561800000, 0x0000000561800000|100%| O|  |TAMS 0x0000000561000000| PB 0x0000000561000000| Untracked 
| 268|0x0000000561800000, 0x0000000562000000, 0x0000000562000000|100%| O|  |TAMS 0x0000000561800000| PB 0x0000000561800000| Untracked 
| 269|0x0000000562000000, 0x0000000562800000, 0x0000000562800000|100%| O|  |TAMS 0x0000000562000000| PB 0x0000000562000000| Untracked 
| 270|0x0000000562800000, 0x0000000563000000, 0x0000000563000000|100%| O|  |TAMS 0x0000000562800000| PB 0x0000000562800000| Untracked 
| 271|0x0000000563000000, 0x0000000563800000, 0x0000000563800000|100%| O|  |TAMS 0x0000000563000000| PB 0x0000000563000000| Untracked 
| 272|0x0000000563800000, 0x0000000564000000, 0x0000000564000000|100%| O|  |TAMS 0x0000000563800000| PB 0x0000000563800000| Untracked 
| 273|0x0000000564000000, 0x0000000564800000, 0x0000000564800000|100%| O|  |TAMS 0x0000000564000000| PB 0x0000000564000000| Untracked 
| 274|0x0000000564800000, 0x0000000565000000, 0x0000000565000000|100%| O|  |TAMS 0x0000000564800000| PB 0x0000000564800000| Untracked 
| 275|0x0000000565000000, 0x0000000565800000, 0x0000000565800000|100%| O|  |TAMS 0x0000000565000000| PB 0x0000000565000000| Untracked 
| 276|0x0000000565800000, 0x0000000566000000, 0x0000000566000000|100%| O|  |TAMS 0x0000000565800000| PB 0x0000000565800000| Untracked 
| 277|0x0000000566000000, 0x0000000566800000, 0x0000000566800000|100%| O|  |TAMS 0x0000000566000000| PB 0x0000000566000000| Untracked 
| 278|0x0000000566800000, 0x0000000567000000, 0x0000000567000000|100%| O|  |TAMS 0x0000000566800000| PB 0x0000000566800000| Untracked 
| 279|0x0000000567000000, 0x0000000567000000, 0x0000000567800000|  0%| F|  |TAMS 0x0000000567000000| PB 0x0000000567000000| Untracked 
| 280|0x0000000567800000, 0x0000000568000000, 0x0000000568000000|100%| O|Cm|TAMS 0x0000000567800000| PB 0x0000000567800000| Complete 
| 281|0x0000000568000000, 0x0000000568800000, 0x0000000568800000|100%| O|  |TAMS 0x0000000568000000| PB 0x0000000568000000| Untracked 
| 282|0x0000000568800000, 0x0000000569000000, 0x0000000569000000|100%| O|  |TAMS 0x0000000568800000| PB 0x0000000568800000| Untracked 
| 283|0x0000000569000000, 0x0000000569800000, 0x0000000569800000|100%| O|  |TAMS 0x0000000569000000| PB 0x0000000569000000| Untracked 
| 284|0x0000000569800000, 0x000000056a000000, 0x000000056a000000|100%| O|  |TAMS 0x0000000569800000| PB 0x0000000569800000| Untracked 
| 285|0x000000056a000000, 0x000000056a000000, 0x000000056a800000|  0%| F|  |TAMS 0x000000056a000000| PB 0x000000056a000000| Untracked 
| 286|0x000000056a800000, 0x000000056b000000, 0x000000056b000000|100%| O|  |TAMS 0x000000056a800000| PB 0x000000056a800000| Untracked 
| 287|0x000000056b000000, 0x000000056b800000, 0x000000056b800000|100%| O|  |TAMS 0x000000056b000000| PB 0x000000056b000000| Untracked 
| 288|0x000000056b800000, 0x000000056b800000, 0x000000056c000000|  0%| F|  |TAMS 0x000000056b800000| PB 0x000000056b800000| Untracked 
| 289|0x000000056c000000, 0x000000056c000000, 0x000000056c800000|  0%| F|  |TAMS 0x000000056c000000| PB 0x000000056c000000| Untracked 
| 290|0x000000056c800000, 0x000000056d000000, 0x000000056d000000|100%| O|  |TAMS 0x000000056c800000| PB 0x000000056c800000| Untracked 
| 291|0x000000056d000000, 0x000000056d800000, 0x000000056d800000|100%| O|  |TAMS 0x000000056d000000| PB 0x000000056d000000| Untracked 
| 292|0x000000056d800000, 0x000000056e000000, 0x000000056e000000|100%| O|  |TAMS 0x000000056d800000| PB 0x000000056d800000| Untracked 
| 293|0x000000056e000000, 0x000000056e800000, 0x000000056e800000|100%| O|  |TAMS 0x000000056e000000| PB 0x000000056e000000| Untracked 
| 294|0x000000056e800000, 0x000000056f000000, 0x000000056f000000|100%| O|  |TAMS 0x000000056e800000| PB 0x000000056e800000| Untracked 
| 295|0x000000056f000000, 0x000000056f800000, 0x000000056f800000|100%| O|  |TAMS 0x000000056f000000| PB 0x000000056f000000| Untracked 
| 296|0x000000056f800000, 0x0000000570000000, 0x0000000570000000|100%| O|  |TAMS 0x000000056f800000| PB 0x000000056f800000| Untracked 
| 297|0x0000000570000000, 0x0000000570800000, 0x0000000570800000|100%| O|Cm|TAMS 0x0000000570000000| PB 0x0000000570000000| Complete 
| 298|0x0000000570800000, 0x0000000571000000, 0x0000000571000000|100%| O|  |TAMS 0x0000000570800000| PB 0x0000000570800000| Untracked 
| 299|0x0000000571000000, 0x0000000571800000, 0x0000000571800000|100%| O|  |TAMS 0x0000000571000000| PB 0x0000000571000000| Untracked 
| 300|0x0000000571800000, 0x0000000572000000, 0x0000000572000000|100%|HS|  |TAMS 0x0000000571800000| PB 0x0000000571800000| Complete 
| 301|0x0000000572000000, 0x0000000572800000, 0x0000000572800000|100%| O|  |TAMS 0x0000000572000000| PB 0x0000000572000000| Untracked 
| 302|0x0000000572800000, 0x0000000572800000, 0x0000000573000000|  0%| F|  |TAMS 0x0000000572800000| PB 0x0000000572800000| Untracked 
| 303|0x0000000573000000, 0x0000000573800000, 0x0000000573800000|100%| O|  |TAMS 0x0000000573000000| PB 0x0000000573000000| Untracked 
| 304|0x0000000573800000, 0x0000000574000000, 0x0000000574000000|100%| O|  |TAMS 0x0000000573800000| PB 0x0000000573800000| Untracked 
| 305|0x0000000574000000, 0x0000000574800000, 0x0000000574800000|100%| O|  |TAMS 0x0000000574000000| PB 0x0000000574000000| Untracked 
| 306|0x0000000574800000, 0x0000000575000000, 0x0000000575000000|100%| O|  |TAMS 0x0000000574800000| PB 0x0000000574800000| Untracked 
| 307|0x0000000575000000, 0x0000000575800000, 0x0000000575800000|100%| O|  |TAMS 0x0000000575000000| PB 0x0000000575000000| Untracked 
| 308|0x0000000575800000, 0x0000000576000000, 0x0000000576000000|100%| O|  |TAMS 0x0000000575800000| PB 0x0000000575800000| Untracked 
| 309|0x0000000576000000, 0x0000000576800000, 0x0000000576800000|100%| O|  |TAMS 0x0000000576000000| PB 0x0000000576000000| Untracked 
| 310|0x0000000576800000, 0x0000000577000000, 0x0000000577000000|100%| O|  |TAMS 0x0000000576800000| PB 0x0000000576800000| Untracked 
| 311|0x0000000577000000, 0x0000000577800000, 0x0000000577800000|100%| O|  |TAMS 0x0000000577000000| PB 0x0000000577000000| Untracked 
| 312|0x0000000577800000, 0x0000000578000000, 0x0000000578000000|100%| O|  |TAMS 0x0000000577800000| PB 0x0000000577800000| Untracked 
| 313|0x0000000578000000, 0x0000000578800000, 0x0000000578800000|100%| O|  |TAMS 0x0000000578000000| PB 0x0000000578000000| Untracked 
| 314|0x0000000578800000, 0x0000000579000000, 0x0000000579000000|100%| O|  |TAMS 0x0000000578800000| PB 0x0000000578800000| Untracked 
| 315|0x0000000579000000, 0x0000000579800000, 0x0000000579800000|100%| O|  |TAMS 0x0000000579000000| PB 0x0000000579000000| Untracked 
| 316|0x0000000579800000, 0x000000057a000000, 0x000000057a000000|100%| O|  |TAMS 0x0000000579800000| PB 0x0000000579800000| Untracked 
| 317|0x000000057a000000, 0x000000057a800000, 0x000000057a800000|100%| O|  |TAMS 0x000000057a000000| PB 0x000000057a000000| Untracked 
| 318|0x000000057a800000, 0x000000057b000000, 0x000000057b000000|100%| O|  |TAMS 0x000000057a800000| PB 0x000000057a800000| Untracked 
| 319|0x000000057b000000, 0x000000057b800000, 0x000000057b800000|100%| O|  |TAMS 0x000000057b000000| PB 0x000000057b000000| Untracked 
| 320|0x000000057b800000, 0x000000057c000000, 0x000000057c000000|100%| O|  |TAMS 0x000000057b800000| PB 0x000000057b800000| Untracked 
| 321|0x000000057c000000, 0x000000057c800000, 0x000000057c800000|100%| O|  |TAMS 0x000000057c000000| PB 0x000000057c000000| Untracked 
| 322|0x000000057c800000, 0x000000057d000000, 0x000000057d000000|100%| O|  |TAMS 0x000000057c800000| PB 0x000000057c800000| Untracked 
| 323|0x000000057d000000, 0x000000057d800000, 0x000000057d800000|100%| O|  |TAMS 0x000000057d000000| PB 0x000000057d000000| Untracked 
| 324|0x000000057d800000, 0x000000057e000000, 0x000000057e000000|100%| O|  |TAMS 0x000000057d800000| PB 0x000000057d800000| Untracked 
| 325|0x000000057e000000, 0x000000057e800000, 0x000000057e800000|100%| O|  |TAMS 0x000000057e000000| PB 0x000000057e000000| Untracked 
| 326|0x000000057e800000, 0x000000057f000000, 0x000000057f000000|100%| O|  |TAMS 0x000000057e800000| PB 0x000000057e800000| Untracked 
| 327|0x000000057f000000, 0x000000057f800000, 0x000000057f800000|100%| O|  |TAMS 0x000000057f000000| PB 0x000000057f000000| Untracked 
| 328|0x000000057f800000, 0x0000000580000000, 0x0000000580000000|100%| O|  |TAMS 0x000000057f800000| PB 0x000000057f800000| Untracked 
| 329|0x0000000580000000, 0x0000000580800000, 0x0000000580800000|100%| O|  |TAMS 0x0000000580000000| PB 0x0000000580000000| Untracked 
| 330|0x0000000580800000, 0x0000000581000000, 0x0000000581000000|100%| O|  |TAMS 0x0000000580800000| PB 0x0000000580800000| Untracked 
| 331|0x0000000581000000, 0x0000000581800000, 0x0000000581800000|100%| O|  |TAMS 0x0000000581000000| PB 0x0000000581000000| Untracked 
| 332|0x0000000581800000, 0x0000000582000000, 0x0000000582000000|100%| O|  |TAMS 0x0000000581800000| PB 0x0000000581800000| Untracked 
| 333|0x0000000582000000, 0x0000000582800000, 0x0000000582800000|100%| O|  |TAMS 0x0000000582000000| PB 0x0000000582000000| Untracked 
| 334|0x0000000582800000, 0x0000000583000000, 0x0000000583000000|100%| O|  |TAMS 0x0000000582800000| PB 0x0000000582800000| Untracked 
| 335|0x0000000583000000, 0x0000000583800000, 0x0000000583800000|100%| O|  |TAMS 0x0000000583000000| PB 0x0000000583000000| Untracked 
| 336|0x0000000583800000, 0x0000000584000000, 0x0000000584000000|100%| O|  |TAMS 0x0000000583800000| PB 0x0000000583800000| Untracked 
| 337|0x0000000584000000, 0x0000000584800000, 0x0000000584800000|100%| O|  |TAMS 0x0000000584000000| PB 0x0000000584000000| Untracked 
| 338|0x0000000584800000, 0x0000000585000000, 0x0000000585000000|100%| O|  |TAMS 0x0000000584800000| PB 0x0000000584800000| Untracked 
| 339|0x0000000585000000, 0x0000000585800000, 0x0000000585800000|100%| O|  |TAMS 0x0000000585000000| PB 0x0000000585000000| Untracked 
| 340|0x0000000585800000, 0x0000000586000000, 0x0000000586000000|100%| O|  |TAMS 0x0000000585800000| PB 0x0000000585800000| Untracked 
| 341|0x0000000586000000, 0x0000000586800000, 0x0000000586800000|100%| O|  |TAMS 0x0000000586000000| PB 0x0000000586000000| Untracked 
| 342|0x0000000586800000, 0x0000000587000000, 0x0000000587000000|100%| O|  |TAMS 0x0000000586800000| PB 0x0000000586800000| Untracked 
| 343|0x0000000587000000, 0x0000000587800000, 0x0000000587800000|100%| O|  |TAMS 0x0000000587000000| PB 0x0000000587000000| Untracked 
| 344|0x0000000587800000, 0x0000000588000000, 0x0000000588000000|100%| O|  |TAMS 0x0000000587800000| PB 0x0000000587800000| Untracked 
| 345|0x0000000588000000, 0x0000000588800000, 0x0000000588800000|100%| O|  |TAMS 0x0000000588000000| PB 0x0000000588000000| Untracked 
| 346|0x0000000588800000, 0x0000000589000000, 0x0000000589000000|100%| O|  |TAMS 0x0000000588800000| PB 0x0000000588800000| Untracked 
| 347|0x0000000589000000, 0x0000000589800000, 0x0000000589800000|100%| O|Cm|TAMS 0x0000000589000000| PB 0x0000000589000000| Complete 
| 348|0x0000000589800000, 0x000000058a000000, 0x000000058a000000|100%| O|  |TAMS 0x0000000589800000| PB 0x0000000589800000| Untracked 
| 349|0x000000058a000000, 0x000000058a800000, 0x000000058a800000|100%| O|  |TAMS 0x000000058a000000| PB 0x000000058a000000| Untracked 
| 350|0x000000058a800000, 0x000000058b000000, 0x000000058b000000|100%| O|  |TAMS 0x000000058a800000| PB 0x000000058a800000| Untracked 
| 351|0x000000058b000000, 0x000000058b800000, 0x000000058b800000|100%| O|  |TAMS 0x000000058b000000| PB 0x000000058b000000| Untracked 
| 352|0x000000058b800000, 0x000000058c000000, 0x000000058c000000|100%| O|  |TAMS 0x000000058b800000| PB 0x000000058b800000| Untracked 
| 353|0x000000058c000000, 0x000000058c800000, 0x000000058c800000|100%| O|  |TAMS 0x000000058c000000| PB 0x000000058c000000| Untracked 
| 354|0x000000058c800000, 0x000000058d000000, 0x000000058d000000|100%| O|  |TAMS 0x000000058c800000| PB 0x000000058c800000| Untracked 
| 355|0x000000058d000000, 0x000000058d800000, 0x000000058d800000|100%| O|  |TAMS 0x000000058d000000| PB 0x000000058d000000| Untracked 
| 356|0x000000058d800000, 0x000000058e000000, 0x000000058e000000|100%| O|  |TAMS 0x000000058d800000| PB 0x000000058d800000| Untracked 
| 357|0x000000058e000000, 0x000000058e800000, 0x000000058e800000|100%| O|  |TAMS 0x000000058e000000| PB 0x000000058e000000| Untracked 
| 358|0x000000058e800000, 0x000000058f000000, 0x000000058f000000|100%| O|  |TAMS 0x000000058e800000| PB 0x000000058e800000| Untracked 
| 359|0x000000058f000000, 0x000000058f800000, 0x000000058f800000|100%| O|  |TAMS 0x000000058f000000| PB 0x000000058f000000| Untracked 
| 360|0x000000058f800000, 0x0000000590000000, 0x0000000590000000|100%| O|  |TAMS 0x000000058f800000| PB 0x000000058f800000| Untracked 
| 361|0x0000000590000000, 0x0000000590800000, 0x0000000590800000|100%| O|  |TAMS 0x0000000590000000| PB 0x0000000590000000| Untracked 
| 362|0x0000000590800000, 0x0000000591000000, 0x0000000591000000|100%| O|  |TAMS 0x0000000590800000| PB 0x0000000590800000| Untracked 
| 363|0x0000000591000000, 0x0000000591800000, 0x0000000591800000|100%| O|  |TAMS 0x0000000591000000| PB 0x0000000591000000| Untracked 
| 364|0x0000000591800000, 0x0000000592000000, 0x0000000592000000|100%| O|  |TAMS 0x0000000591800000| PB 0x0000000591800000| Untracked 
| 365|0x0000000592000000, 0x0000000592800000, 0x0000000592800000|100%| O|  |TAMS 0x0000000592000000| PB 0x0000000592000000| Untracked 
| 366|0x0000000592800000, 0x0000000593000000, 0x0000000593000000|100%| O|  |TAMS 0x0000000592800000| PB 0x0000000592800000| Untracked 
| 367|0x0000000593000000, 0x0000000593800000, 0x0000000593800000|100%| O|  |TAMS 0x0000000593000000| PB 0x0000000593000000| Untracked 
| 368|0x0000000593800000, 0x0000000594000000, 0x0000000594000000|100%| O|  |TAMS 0x0000000593800000| PB 0x0000000593800000| Untracked 
| 369|0x0000000594000000, 0x0000000594800000, 0x0000000594800000|100%| O|  |TAMS 0x0000000594000000| PB 0x0000000594000000| Untracked 
| 370|0x0000000594800000, 0x0000000595000000, 0x0000000595000000|100%| O|  |TAMS 0x0000000594800000| PB 0x0000000594800000| Untracked 
| 371|0x0000000595000000, 0x0000000595800000, 0x0000000595800000|100%| O|  |TAMS 0x0000000595000000| PB 0x0000000595000000| Untracked 
| 372|0x0000000595800000, 0x0000000596000000, 0x0000000596000000|100%| O|  |TAMS 0x0000000595800000| PB 0x0000000595800000| Untracked 
| 373|0x0000000596000000, 0x0000000596800000, 0x0000000596800000|100%| O|  |TAMS 0x0000000596000000| PB 0x0000000596000000| Untracked 
| 374|0x0000000596800000, 0x0000000597000000, 0x0000000597000000|100%| O|  |TAMS 0x0000000596800000| PB 0x0000000596800000| Untracked 
| 375|0x0000000597000000, 0x0000000597000000, 0x0000000597800000|  0%| F|  |TAMS 0x0000000597000000| PB 0x0000000597000000| Untracked 
| 376|0x0000000597800000, 0x0000000598000000, 0x0000000598000000|100%| O|  |TAMS 0x0000000597800000| PB 0x0000000597800000| Untracked 
| 377|0x0000000598000000, 0x0000000598800000, 0x0000000598800000|100%| O|  |TAMS 0x0000000598000000| PB 0x0000000598000000| Untracked 
| 378|0x0000000598800000, 0x0000000599000000, 0x0000000599000000|100%| O|  |TAMS 0x0000000598800000| PB 0x0000000598800000| Untracked 
| 379|0x0000000599000000, 0x0000000599000000, 0x0000000599800000|  0%| F|  |TAMS 0x0000000599000000| PB 0x0000000599000000| Untracked 
| 380|0x0000000599800000, 0x000000059a000000, 0x000000059a000000|100%| O|  |TAMS 0x0000000599800000| PB 0x0000000599800000| Untracked 
| 381|0x000000059a000000, 0x000000059a800000, 0x000000059a800000|100%| O|  |TAMS 0x000000059a000000| PB 0x000000059a000000| Untracked 
| 382|0x000000059a800000, 0x000000059b000000, 0x000000059b000000|100%| O|  |TAMS 0x000000059a800000| PB 0x000000059a800000| Untracked 
| 383|0x000000059b000000, 0x000000059b800000, 0x000000059b800000|100%| O|  |TAMS 0x000000059b000000| PB 0x000000059b000000| Untracked 
| 384|0x000000059b800000, 0x000000059c000000, 0x000000059c000000|100%| O|  |TAMS 0x000000059b800000| PB 0x000000059b800000| Untracked 
| 385|0x000000059c000000, 0x000000059c800000, 0x000000059c800000|100%| O|  |TAMS 0x000000059c000000| PB 0x000000059c000000| Untracked 
| 386|0x000000059c800000, 0x000000059d000000, 0x000000059d000000|100%|HS|  |TAMS 0x000000059c800000| PB 0x000000059c800000| Complete 
| 387|0x000000059d000000, 0x000000059d800000, 0x000000059d800000|100%| O|  |TAMS 0x000000059d000000| PB 0x000000059d000000| Untracked 
| 388|0x000000059d800000, 0x000000059e000000, 0x000000059e000000|100%| O|  |TAMS 0x000000059d800000| PB 0x000000059d800000| Untracked 
| 389|0x000000059e000000, 0x000000059e800000, 0x000000059e800000|100%| O|  |TAMS 0x000000059e000000| PB 0x000000059e000000| Untracked 
| 390|0x000000059e800000, 0x000000059f000000, 0x000000059f000000|100%| O|  |TAMS 0x000000059e800000| PB 0x000000059e800000| Untracked 
| 391|0x000000059f000000, 0x000000059f800000, 0x000000059f800000|100%| O|  |TAMS 0x000000059f000000| PB 0x000000059f000000| Untracked 
| 392|0x000000059f800000, 0x00000005a0000000, 0x00000005a0000000|100%|HS|  |TAMS 0x000000059f800000| PB 0x000000059f800000| Complete 
| 393|0x00000005a0000000, 0x00000005a0800000, 0x00000005a0800000|100%| O|  |TAMS 0x00000005a0000000| PB 0x00000005a0000000| Untracked 
| 394|0x00000005a0800000, 0x00000005a1000000, 0x00000005a1000000|100%|HS|  |TAMS 0x00000005a0800000| PB 0x00000005a0800000| Complete 
| 395|0x00000005a1000000, 0x00000005a1800000, 0x00000005a1800000|100%| O|  |TAMS 0x00000005a1000000| PB 0x00000005a1000000| Untracked 
| 396|0x00000005a1800000, 0x00000005a2000000, 0x00000005a2000000|100%| O|  |TAMS 0x00000005a1800000| PB 0x00000005a1800000| Untracked 
| 397|0x00000005a2000000, 0x00000005a2800000, 0x00000005a2800000|100%| O|  |TAMS 0x00000005a2000000| PB 0x00000005a2000000| Untracked 
| 398|0x00000005a2800000, 0x00000005a3000000, 0x00000005a3000000|100%|HS|  |TAMS 0x00000005a2800000| PB 0x00000005a2800000| Complete 
| 399|0x00000005a3000000, 0x00000005a3800000, 0x00000005a3800000|100%| O|  |TAMS 0x00000005a3000000| PB 0x00000005a3000000| Untracked 
| 400|0x00000005a3800000, 0x00000005a4000000, 0x00000005a4000000|100%| O|  |TAMS 0x00000005a3800000| PB 0x00000005a3800000| Untracked 
| 401|0x00000005a4000000, 0x00000005a4800000, 0x00000005a4800000|100%|HS|  |TAMS 0x00000005a4000000| PB 0x00000005a4000000| Complete 
| 402|0x00000005a4800000, 0x00000005a5000000, 0x00000005a5000000|100%| O|  |TAMS 0x00000005a4800000| PB 0x00000005a4800000| Untracked 
| 403|0x00000005a5000000, 0x00000005a5800000, 0x00000005a5800000|100%| O|  |TAMS 0x00000005a5000000| PB 0x00000005a5000000| Untracked 
| 404|0x00000005a5800000, 0x00000005a6000000, 0x00000005a6000000|100%| O|  |TAMS 0x00000005a5800000| PB 0x00000005a5800000| Untracked 
| 405|0x00000005a6000000, 0x00000005a6800000, 0x00000005a6800000|100%| O|  |TAMS 0x00000005a6000000| PB 0x00000005a6000000| Untracked 
| 406|0x00000005a6800000, 0x00000005a7000000, 0x00000005a7000000|100%| O|  |TAMS 0x00000005a6800000| PB 0x00000005a6800000| Untracked 
| 407|0x00000005a7000000, 0x00000005a7800000, 0x00000005a7800000|100%| O|  |TAMS 0x00000005a7000000| PB 0x00000005a7000000| Untracked 
| 408|0x00000005a7800000, 0x00000005a8000000, 0x00000005a8000000|100%| O|  |TAMS 0x00000005a7800000| PB 0x00000005a7800000| Untracked 
| 409|0x00000005a8000000, 0x00000005a8800000, 0x00000005a8800000|100%| O|Cm|TAMS 0x00000005a8000000| PB 0x00000005a8000000| Complete 
| 410|0x00000005a8800000, 0x00000005a9000000, 0x00000005a9000000|100%|HS|  |TAMS 0x00000005a8800000| PB 0x00000005a8800000| Complete 
| 411|0x00000005a9000000, 0x00000005a9800000, 0x00000005a9800000|100%| O|  |TAMS 0x00000005a9000000| PB 0x00000005a9000000| Untracked 
| 412|0x00000005a9800000, 0x00000005aa000000, 0x00000005aa000000|100%| O|  |TAMS 0x00000005a9800000| PB 0x00000005a9800000| Untracked 
| 413|0x00000005aa000000, 0x00000005aa800000, 0x00000005aa800000|100%| O|  |TAMS 0x00000005aa000000| PB 0x00000005aa000000| Untracked 
| 414|0x00000005aa800000, 0x00000005ab000000, 0x00000005ab000000|100%| O|  |TAMS 0x00000005aa800000| PB 0x00000005aa800000| Untracked 
| 415|0x00000005ab000000, 0x00000005ab800000, 0x00000005ab800000|100%| O|  |TAMS 0x00000005ab000000| PB 0x00000005ab000000| Untracked 
| 416|0x00000005ab800000, 0x00000005ac000000, 0x00000005ac000000|100%| O|Cm|TAMS 0x00000005ab800000| PB 0x00000005ab800000| Complete 
| 417|0x00000005ac000000, 0x00000005ac800000, 0x00000005ac800000|100%| O|  |TAMS 0x00000005ac000000| PB 0x00000005ac000000| Untracked 
| 418|0x00000005ac800000, 0x00000005ad000000, 0x00000005ad000000|100%| O|  |TAMS 0x00000005ac800000| PB 0x00000005ac800000| Untracked 
| 419|0x00000005ad000000, 0x00000005ad800000, 0x00000005ad800000|100%| O|  |TAMS 0x00000005ad000000| PB 0x00000005ad000000| Untracked 
| 420|0x00000005ad800000, 0x00000005ae000000, 0x00000005ae000000|100%| O|  |TAMS 0x00000005ad800000| PB 0x00000005ad800000| Untracked 
| 421|0x00000005ae000000, 0x00000005ae800000, 0x00000005ae800000|100%| O|  |TAMS 0x00000005ae000000| PB 0x00000005ae000000| Untracked 
| 422|0x00000005ae800000, 0x00000005af000000, 0x00000005af000000|100%| O|  |TAMS 0x00000005ae800000| PB 0x00000005ae800000| Untracked 
| 423|0x00000005af000000, 0x00000005af800000, 0x00000005af800000|100%| O|  |TAMS 0x00000005af000000| PB 0x00000005af000000| Untracked 
| 424|0x00000005af800000, 0x00000005af800000, 0x00000005b0000000|  0%| F|  |TAMS 0x00000005af800000| PB 0x00000005af800000| Untracked 
| 425|0x00000005b0000000, 0x00000005b0800000, 0x00000005b0800000|100%| O|  |TAMS 0x00000005b0000000| PB 0x00000005b0000000| Untracked 
| 426|0x00000005b0800000, 0x00000005b0800000, 0x00000005b1000000|  0%| F|  |TAMS 0x00000005b0800000| PB 0x00000005b0800000| Untracked 
| 427|0x00000005b1000000, 0x00000005b1800000, 0x00000005b1800000|100%| O|  |TAMS 0x00000005b1000000| PB 0x00000005b1000000| Untracked 
| 428|0x00000005b1800000, 0x00000005b2000000, 0x00000005b2000000|100%| O|  |TAMS 0x00000005b1800000| PB 0x00000005b1800000| Untracked 
| 429|0x00000005b2000000, 0x00000005b2800000, 0x00000005b2800000|100%| O|  |TAMS 0x00000005b2000000| PB 0x00000005b2000000| Untracked 
| 430|0x00000005b2800000, 0x00000005b3000000, 0x00000005b3000000|100%| O|  |TAMS 0x00000005b2800000| PB 0x00000005b2800000| Untracked 
| 431|0x00000005b3000000, 0x00000005b3800000, 0x00000005b3800000|100%| O|  |TAMS 0x00000005b3000000| PB 0x00000005b3000000| Untracked 
| 432|0x00000005b3800000, 0x00000005b4000000, 0x00000005b4000000|100%| O|  |TAMS 0x00000005b3800000| PB 0x00000005b3800000| Untracked 
| 433|0x00000005b4000000, 0x00000005b4800000, 0x00000005b4800000|100%| O|Cm|TAMS 0x00000005b4000000| PB 0x00000005b4000000| Complete 
| 434|0x00000005b4800000, 0x00000005b5000000, 0x00000005b5000000|100%| O|  |TAMS 0x00000005b4800000| PB 0x00000005b4800000| Untracked 
| 435|0x00000005b5000000, 0x00000005b5800000, 0x00000005b5800000|100%| O|  |TAMS 0x00000005b5000000| PB 0x00000005b5000000| Untracked 
| 436|0x00000005b5800000, 0x00000005b6000000, 0x00000005b6000000|100%| O|  |TAMS 0x00000005b5800000| PB 0x00000005b5800000| Untracked 
| 437|0x00000005b6000000, 0x00000005b6800000, 0x00000005b6800000|100%| O|  |TAMS 0x00000005b6000000| PB 0x00000005b6000000| Untracked 
| 438|0x00000005b6800000, 0x00000005b7000000, 0x00000005b7000000|100%| O|  |TAMS 0x00000005b6800000| PB 0x00000005b6800000| Untracked 
| 439|0x00000005b7000000, 0x00000005b7800000, 0x00000005b7800000|100%| O|  |TAMS 0x00000005b7000000| PB 0x00000005b7000000| Untracked 
| 440|0x00000005b7800000, 0x00000005b8000000, 0x00000005b8000000|100%| O|  |TAMS 0x00000005b7800000| PB 0x00000005b7800000| Untracked 
| 441|0x00000005b8000000, 0x00000005b8800000, 0x00000005b8800000|100%| O|  |TAMS 0x00000005b8000000| PB 0x00000005b8000000| Untracked 
| 442|0x00000005b8800000, 0x00000005b9000000, 0x00000005b9000000|100%| O|  |TAMS 0x00000005b8800000| PB 0x00000005b8800000| Untracked 
| 443|0x00000005b9000000, 0x00000005b9800000, 0x00000005b9800000|100%| O|  |TAMS 0x00000005b9000000| PB 0x00000005b9000000| Untracked 
| 444|0x00000005b9800000, 0x00000005ba000000, 0x00000005ba000000|100%| O|  |TAMS 0x00000005b9800000| PB 0x00000005b9800000| Untracked 
| 445|0x00000005ba000000, 0x00000005ba800000, 0x00000005ba800000|100%| O|Cm|TAMS 0x00000005ba000000| PB 0x00000005ba000000| Complete 
| 446|0x00000005ba800000, 0x00000005ba800000, 0x00000005bb000000|  0%| F|  |TAMS 0x00000005ba800000| PB 0x00000005ba800000| Untracked 
| 447|0x00000005bb000000, 0x00000005bb800000, 0x00000005bb800000|100%| O|Cm|TAMS 0x00000005bb000000| PB 0x00000005bb000000| Complete 
| 448|0x00000005bb800000, 0x00000005bc000000, 0x00000005bc000000|100%|HS|  |TAMS 0x00000005bb800000| PB 0x00000005bb800000| Complete 
| 449|0x00000005bc000000, 0x00000005bc000000, 0x00000005bc800000|  0%| F|  |TAMS 0x00000005bc000000| PB 0x00000005bc000000| Untracked 
| 450|0x00000005bc800000, 0x00000005bd000000, 0x00000005bd000000|100%| O|  |TAMS 0x00000005bc800000| PB 0x00000005bc800000| Untracked 
| 451|0x00000005bd000000, 0x00000005bd000000, 0x00000005bd800000|  0%| F|  |TAMS 0x00000005bd000000| PB 0x00000005bd000000| Untracked 
| 452|0x00000005bd800000, 0x00000005be000000, 0x00000005be000000|100%| O|  |TAMS 0x00000005bd800000| PB 0x00000005bd800000| Untracked 
| 453|0x00000005be000000, 0x00000005be000000, 0x00000005be800000|  0%| F|  |TAMS 0x00000005be000000| PB 0x00000005be000000| Untracked 
| 454|0x00000005be800000, 0x00000005be800000, 0x00000005bf000000|  0%| F|  |TAMS 0x00000005be800000| PB 0x00000005be800000| Untracked 
| 455|0x00000005bf000000, 0x00000005bf000000, 0x00000005bf800000|  0%| F|  |TAMS 0x00000005bf000000| PB 0x00000005bf000000| Untracked 
| 456|0x00000005bf800000, 0x00000005c0000000, 0x00000005c0000000|100%| O|  |TAMS 0x00000005bf800000| PB 0x00000005bf800000| Untracked 
| 457|0x00000005c0000000, 0x00000005c0000000, 0x00000005c0800000|  0%| F|  |TAMS 0x00000005c0000000| PB 0x00000005c0000000| Untracked 
| 458|0x00000005c0800000, 0x00000005c0800000, 0x00000005c1000000|  0%| F|  |TAMS 0x00000005c0800000| PB 0x00000005c0800000| Untracked 
| 459|0x00000005c1000000, 0x00000005c1000000, 0x00000005c1800000|  0%| F|  |TAMS 0x00000005c1000000| PB 0x00000005c1000000| Untracked 
| 460|0x00000005c1800000, 0x00000005c1800000, 0x00000005c2000000|  0%| F|  |TAMS 0x00000005c1800000| PB 0x00000005c1800000| Untracked 
| 461|0x00000005c2000000, 0x00000005c2000000, 0x00000005c2800000|  0%| F|  |TAMS 0x00000005c2000000| PB 0x00000005c2000000| Untracked 
| 462|0x00000005c2800000, 0x00000005c3000000, 0x00000005c3000000|100%| O|  |TAMS 0x00000005c2800000| PB 0x00000005c2800000| Untracked 
| 463|0x00000005c3000000, 0x00000005c3000000, 0x00000005c3800000|  0%| F|  |TAMS 0x00000005c3000000| PB 0x00000005c3000000| Untracked 
| 464|0x00000005c3800000, 0x00000005c3800000, 0x00000005c4000000|  0%| F|  |TAMS 0x00000005c3800000| PB 0x00000005c3800000| Untracked 
| 465|0x00000005c4000000, 0x00000005c4800000, 0x00000005c4800000|100%| O|  |TAMS 0x00000005c4000000| PB 0x00000005c4000000| Untracked 
| 466|0x00000005c4800000, 0x00000005c5000000, 0x00000005c5000000|100%| O|  |TAMS 0x00000005c4800000| PB 0x00000005c4800000| Untracked 
| 467|0x00000005c5000000, 0x00000005c5800000, 0x00000005c5800000|100%| O|  |TAMS 0x00000005c5000000| PB 0x00000005c5000000| Untracked 
| 468|0x00000005c5800000, 0x00000005c5800000, 0x00000005c6000000|  0%| F|  |TAMS 0x00000005c5800000| PB 0x00000005c5800000| Untracked 
| 469|0x00000005c6000000, 0x00000005c6000000, 0x00000005c6800000|  0%| F|  |TAMS 0x00000005c6000000| PB 0x00000005c6000000| Untracked 
| 470|0x00000005c6800000, 0x00000005c6800000, 0x00000005c7000000|  0%| F|  |TAMS 0x00000005c6800000| PB 0x00000005c6800000| Untracked 
| 471|0x00000005c7000000, 0x00000005c7800000, 0x00000005c7800000|100%| O|  |TAMS 0x00000005c7000000| PB 0x00000005c7000000| Untracked 
| 472|0x00000005c7800000, 0x00000005c7800000, 0x00000005c8000000|  0%| F|  |TAMS 0x00000005c7800000| PB 0x00000005c7800000| Untracked 
| 473|0x00000005c8000000, 0x00000005c8000000, 0x00000005c8800000|  0%| F|  |TAMS 0x00000005c8000000| PB 0x00000005c8000000| Untracked 
| 474|0x00000005c8800000, 0x00000005c8800000, 0x00000005c9000000|  0%| F|  |TAMS 0x00000005c8800000| PB 0x00000005c8800000| Untracked 
| 475|0x00000005c9000000, 0x00000005c9000000, 0x00000005c9800000|  0%| F|  |TAMS 0x00000005c9000000| PB 0x00000005c9000000| Untracked 
| 476|0x00000005c9800000, 0x00000005ca000000, 0x00000005ca000000|100%| O|  |TAMS 0x00000005c9800000| PB 0x00000005c9800000| Untracked 
| 477|0x00000005ca000000, 0x00000005ca000000, 0x00000005ca800000|  0%| F|  |TAMS 0x00000005ca000000| PB 0x00000005ca000000| Untracked 
| 478|0x00000005ca800000, 0x00000005ca800000, 0x00000005cb000000|  0%| F|  |TAMS 0x00000005ca800000| PB 0x00000005ca800000| Untracked 
| 479|0x00000005cb000000, 0x00000005cb000000, 0x00000005cb800000|  0%| F|  |TAMS 0x00000005cb000000| PB 0x00000005cb000000| Untracked 
| 480|0x00000005cb800000, 0x00000005cb800000, 0x00000005cc000000|  0%| F|  |TAMS 0x00000005cb800000| PB 0x00000005cb800000| Untracked 
| 481|0x00000005cc000000, 0x00000005cc000000, 0x00000005cc800000|  0%| F|  |TAMS 0x00000005cc000000| PB 0x00000005cc000000| Untracked 
| 482|0x00000005cc800000, 0x00000005cc800000, 0x00000005cd000000|  0%| F|  |TAMS 0x00000005cc800000| PB 0x00000005cc800000| Untracked 
| 483|0x00000005cd000000, 0x00000005cd000000, 0x00000005cd800000|  0%| F|  |TAMS 0x00000005cd000000| PB 0x00000005cd000000| Untracked 
| 484|0x00000005cd800000, 0x00000005cd800000, 0x00000005ce000000|  0%| F|  |TAMS 0x00000005cd800000| PB 0x00000005cd800000| Untracked 
| 485|0x00000005ce000000, 0x00000005ce000000, 0x00000005ce800000|  0%| F|  |TAMS 0x00000005ce000000| PB 0x00000005ce000000| Untracked 
| 486|0x00000005ce800000, 0x00000005cf000000, 0x00000005cf000000|100%| O|Cm|TAMS 0x00000005ce800000| PB 0x00000005ce800000| Complete 
| 487|0x00000005cf000000, 0x00000005cf800000, 0x00000005cf800000|100%| O|  |TAMS 0x00000005cf000000| PB 0x00000005cf000000| Untracked 
| 488|0x00000005cf800000, 0x00000005cf800000, 0x00000005d0000000|  0%| F|  |TAMS 0x00000005cf800000| PB 0x00000005cf800000| Untracked 
| 489|0x00000005d0000000, 0x00000005d0000000, 0x00000005d0800000|  0%| F|  |TAMS 0x00000005d0000000| PB 0x00000005d0000000| Untracked 
| 490|0x00000005d0800000, 0x00000005d0800000, 0x00000005d1000000|  0%| F|  |TAMS 0x00000005d0800000| PB 0x00000005d0800000| Untracked 
| 491|0x00000005d1000000, 0x00000005d1000000, 0x00000005d1800000|  0%| F|  |TAMS 0x00000005d1000000| PB 0x00000005d1000000| Untracked 
| 492|0x00000005d1800000, 0x00000005d1800000, 0x00000005d2000000|  0%| F|  |TAMS 0x00000005d1800000| PB 0x00000005d1800000| Untracked 
| 493|0x00000005d2000000, 0x00000005d2000000, 0x00000005d2800000|  0%| F|  |TAMS 0x00000005d2000000| PB 0x00000005d2000000| Untracked 
| 494|0x00000005d2800000, 0x00000005d2800000, 0x00000005d3000000|  0%| F|  |TAMS 0x00000005d2800000| PB 0x00000005d2800000| Untracked 
| 495|0x00000005d3000000, 0x00000005d3800000, 0x00000005d3800000|100%| O|Cm|TAMS 0x00000005d3000000| PB 0x00000005d3000000| Complete 
| 496|0x00000005d3800000, 0x00000005d3800000, 0x00000005d4000000|  0%| F|  |TAMS 0x00000005d3800000| PB 0x00000005d3800000| Untracked 
| 497|0x00000005d4000000, 0x00000005d4800000, 0x00000005d4800000|100%| O|Cm|TAMS 0x00000005d4000000| PB 0x00000005d4000000| Complete 
| 498|0x00000005d4800000, 0x00000005d4800000, 0x00000005d5000000|  0%| F|  |TAMS 0x00000005d4800000| PB 0x00000005d4800000| Untracked 
| 499|0x00000005d5000000, 0x00000005d5800000, 0x00000005d5800000|100%| O|  |TAMS 0x00000005d5000000| PB 0x00000005d5000000| Untracked 
| 500|0x00000005d5800000, 0x00000005d6000000, 0x00000005d6000000|100%| S|CS|TAMS 0x00000005d5800000| PB 0x00000005d5800000| Complete 
| 501|0x00000005d6000000, 0x00000005d6800000, 0x00000005d6800000|100%| O|  |TAMS 0x00000005d6000000| PB 0x00000005d6000000| Untracked 
| 502|0x00000005d6800000, 0x00000005d6800000, 0x00000005d7000000|  0%| F|  |TAMS 0x00000005d6800000| PB 0x00000005d6800000| Untracked 
| 503|0x00000005d7000000, 0x00000005d7000000, 0x00000005d7800000|  0%| F|  |TAMS 0x00000005d7000000| PB 0x00000005d7000000| Untracked 
| 504|0x00000005d7800000, 0x00000005d8000000, 0x00000005d8000000|100%|HS|  |TAMS 0x00000005d7800000| PB 0x00000005d7800000| Complete 
| 505|0x00000005d8000000, 0x00000005d8800000, 0x00000005d8800000|100%|HS|  |TAMS 0x00000005d8000000| PB 0x00000005d8000000| Complete 
| 506|0x00000005d8800000, 0x00000005d9000000, 0x00000005d9000000|100%| S|CS|TAMS 0x00000005d8800000| PB 0x00000005d8800000| Complete 
| 507|0x00000005d9000000, 0x00000005d9800000, 0x00000005d9800000|100%| O|  |TAMS 0x00000005d9000000| PB 0x00000005d9000000| Untracked 
| 508|0x00000005d9800000, 0x00000005da000000, 0x00000005da000000|100%| S|CS|TAMS 0x00000005d9800000| PB 0x00000005d9800000| Complete 
| 509|0x00000005da000000, 0x00000005da800000, 0x00000005da800000|100%| S|CS|TAMS 0x00000005da000000| PB 0x00000005da000000| Complete 
| 510|0x00000005da800000, 0x00000005db000000, 0x00000005db000000|100%|HS|  |TAMS 0x00000005da800000| PB 0x00000005da800000| Complete 
| 511|0x00000005db000000, 0x00000005db800000, 0x00000005db800000|100%| S|CS|TAMS 0x00000005db000000| PB 0x00000005db000000| Complete 
| 512|0x00000005db800000, 0x00000005dc000000, 0x00000005dc000000|100%| O|  |TAMS 0x00000005db800000| PB 0x00000005db800000| Untracked 
| 513|0x00000005dc000000, 0x00000005dc000000, 0x00000005dc800000|  0%| F|  |TAMS 0x00000005dc000000| PB 0x00000005dc000000| Untracked 
| 514|0x00000005dc800000, 0x00000005dd000000, 0x00000005dd000000|100%| S|CS|TAMS 0x00000005dc800000| PB 0x00000005dc800000| Complete 
| 515|0x00000005dd000000, 0x00000005dd800000, 0x00000005dd800000|100%| O|  |TAMS 0x00000005dd000000| PB 0x00000005dd000000| Untracked 
| 516|0x00000005dd800000, 0x00000005de000000, 0x00000005de000000|100%| O|  |TAMS 0x00000005dd800000| PB 0x00000005dd800000| Untracked 
| 517|0x00000005de000000, 0x00000005de800000, 0x00000005de800000|100%| O|  |TAMS 0x00000005de000000| PB 0x00000005de000000| Untracked 
| 518|0x00000005de800000, 0x00000005df000000, 0x00000005df000000|100%| S|CS|TAMS 0x00000005de800000| PB 0x00000005de800000| Complete 
| 519|0x00000005df000000, 0x00000005df800000, 0x00000005df800000|100%| S|CS|TAMS 0x00000005df000000| PB 0x00000005df000000| Complete 
| 520|0x00000005df800000, 0x00000005e0000000, 0x00000005e0000000|100%| S|CS|TAMS 0x00000005df800000| PB 0x00000005df800000| Complete 
| 521|0x00000005e0000000, 0x00000005e0800000, 0x00000005e0800000|100%| S|CS|TAMS 0x00000005e0000000| PB 0x00000005e0000000| Complete 
| 522|0x00000005e0800000, 0x00000005e1000000, 0x00000005e1000000|100%| O|  |TAMS 0x00000005e0800000| PB 0x00000005e0800000| Untracked 
| 523|0x00000005e1000000, 0x00000005e1800000, 0x00000005e1800000|100%| S|CS|TAMS 0x00000005e1000000| PB 0x00000005e1000000| Complete 
| 524|0x00000005e1800000, 0x00000005e2000000, 0x00000005e2000000|100%| S|CS|TAMS 0x00000005e1800000| PB 0x00000005e1800000| Complete 
| 525|0x00000005e2000000, 0x00000005e2800000, 0x00000005e2800000|100%| S|CS|TAMS 0x00000005e2000000| PB 0x00000005e2000000| Complete 
| 526|0x00000005e2800000, 0x00000005e3000000, 0x00000005e3000000|100%| S|CS|TAMS 0x00000005e2800000| PB 0x00000005e2800000| Complete 
| 527|0x00000005e3000000, 0x00000005e3800000, 0x00000005e3800000|100%| S|CS|TAMS 0x00000005e3000000| PB 0x00000005e3000000| Complete 
| 528|0x00000005e3800000, 0x00000005e4000000, 0x00000005e4000000|100%| S|CS|TAMS 0x00000005e3800000| PB 0x00000005e3800000| Complete 
| 529|0x00000005e4000000, 0x00000005e4800000, 0x00000005e4800000|100%| S|CS|TAMS 0x00000005e4000000| PB 0x00000005e4000000| Complete 
| 530|0x00000005e4800000, 0x00000005e4800000, 0x00000005e5000000|  0%| F|  |TAMS 0x00000005e4800000| PB 0x00000005e4800000| Untracked 
| 531|0x00000005e5000000, 0x00000005e5000000, 0x00000005e5800000|  0%| F|  |TAMS 0x00000005e5000000| PB 0x00000005e5000000| Untracked 
| 532|0x00000005e5800000, 0x00000005e5800000, 0x00000005e6000000|  0%| F|  |TAMS 0x00000005e5800000| PB 0x00000005e5800000| Untracked 
| 533|0x00000005e6000000, 0x00000005e6800000, 0x00000005e6800000|100%| S|CS|TAMS 0x00000005e6000000| PB 0x00000005e6000000| Complete 
| 534|0x00000005e6800000, 0x00000005e6800000, 0x00000005e7000000|  0%| F|  |TAMS 0x00000005e6800000| PB 0x00000005e6800000| Untracked 
| 535|0x00000005e7000000, 0x00000005e7000000, 0x00000005e7800000|  0%| F|  |TAMS 0x00000005e7000000| PB 0x00000005e7000000| Untracked 
| 536|0x00000005e7800000, 0x00000005e7800000, 0x00000005e8000000|  0%| F|  |TAMS 0x00000005e7800000| PB 0x00000005e7800000| Untracked 
| 537|0x00000005e8000000, 0x00000005e8000000, 0x00000005e8800000|  0%| F|  |TAMS 0x00000005e8000000| PB 0x00000005e8000000| Untracked 
| 538|0x00000005e8800000, 0x00000005e8800000, 0x00000005e9000000|  0%| F|  |TAMS 0x00000005e8800000| PB 0x00000005e8800000| Untracked 
| 539|0x00000005e9000000, 0x00000005e9800000, 0x00000005e9800000|100%| S|CS|TAMS 0x00000005e9000000| PB 0x00000005e9000000| Complete 
| 540|0x00000005e9800000, 0x00000005ea000000, 0x00000005ea000000|100%| S|CS|TAMS 0x00000005e9800000| PB 0x00000005e9800000| Complete 
| 541|0x00000005ea000000, 0x00000005ea800000, 0x00000005ea800000|100%| S|CS|TAMS 0x00000005ea000000| PB 0x00000005ea000000| Complete 
| 542|0x00000005ea800000, 0x00000005ea800000, 0x00000005eb000000|  0%| F|  |TAMS 0x00000005ea800000| PB 0x00000005ea800000| Untracked 
| 543|0x00000005eb000000, 0x00000005eb000000, 0x00000005eb800000|  0%| F|  |TAMS 0x00000005eb000000| PB 0x00000005eb000000| Untracked 
| 544|0x00000005eb800000, 0x00000005ec000000, 0x00000005ec000000|100%| S|CS|TAMS 0x00000005eb800000| PB 0x00000005eb800000| Complete 
| 545|0x00000005ec000000, 0x00000005ec800000, 0x00000005ec800000|100%| S|CS|TAMS 0x00000005ec000000| PB 0x00000005ec000000| Complete 
| 546|0x00000005ec800000, 0x00000005ed000000, 0x00000005ed000000|100%| S|CS|TAMS 0x00000005ec800000| PB 0x00000005ec800000| Complete 
| 547|0x00000005ed000000, 0x00000005ed800000, 0x00000005ed800000|100%| S|CS|TAMS 0x00000005ed000000| PB 0x00000005ed000000| Complete 
| 548|0x00000005ed800000, 0x00000005ee000000, 0x00000005ee000000|100%| S|CS|TAMS 0x00000005ed800000| PB 0x00000005ed800000| Complete 
| 549|0x00000005ee000000, 0x00000005ee800000, 0x00000005ee800000|100%| S|CS|TAMS 0x00000005ee000000| PB 0x00000005ee000000| Complete 
| 550|0x00000005ee800000, 0x00000005ee800000, 0x00000005ef000000|  0%| F|  |TAMS 0x00000005ee800000| PB 0x00000005ee800000| Untracked 
| 551|0x00000005ef000000, 0x00000005ef000000, 0x00000005ef800000|  0%| F|  |TAMS 0x00000005ef000000| PB 0x00000005ef000000| Untracked 
| 552|0x00000005ef800000, 0x00000005ef800000, 0x00000005f0000000|  0%| F|  |TAMS 0x00000005ef800000| PB 0x00000005ef800000| Untracked 
| 553|0x00000005f0000000, 0x00000005f0000000, 0x00000005f0800000|  0%| F|  |TAMS 0x00000005f0000000| PB 0x00000005f0000000| Untracked 
| 554|0x00000005f0800000, 0x00000005f0800000, 0x00000005f1000000|  0%| F|  |TAMS 0x00000005f0800000| PB 0x00000005f0800000| Untracked 
| 555|0x00000005f1000000, 0x00000005f1000000, 0x00000005f1800000|  0%| F|  |TAMS 0x00000005f1000000| PB 0x00000005f1000000| Untracked 
| 556|0x00000005f1800000, 0x00000005f1800000, 0x00000005f2000000|  0%| F|  |TAMS 0x00000005f1800000| PB 0x00000005f1800000| Untracked 
| 557|0x00000005f2000000, 0x00000005f2000000, 0x00000005f2800000|  0%| F|  |TAMS 0x00000005f2000000| PB 0x00000005f2000000| Untracked 
| 558|0x00000005f2800000, 0x00000005f2800000, 0x00000005f3000000|  0%| F|  |TAMS 0x00000005f2800000| PB 0x00000005f2800000| Untracked 
| 559|0x00000005f3000000, 0x00000005f3000000, 0x00000005f3800000|  0%| F|  |TAMS 0x00000005f3000000| PB 0x00000005f3000000| Untracked 
| 560|0x00000005f3800000, 0x00000005f3800000, 0x00000005f4000000|  0%| F|  |TAMS 0x00000005f3800000| PB 0x00000005f3800000| Untracked 
| 561|0x00000005f4000000, 0x00000005f4000000, 0x00000005f4800000|  0%| F|  |TAMS 0x00000005f4000000| PB 0x00000005f4000000| Untracked 
| 562|0x00000005f4800000, 0x00000005f4800000, 0x00000005f5000000|  0%| F|  |TAMS 0x00000005f4800000| PB 0x00000005f4800000| Untracked 
| 563|0x00000005f5000000, 0x00000005f5000000, 0x00000005f5800000|  0%| F|  |TAMS 0x00000005f5000000| PB 0x00000005f5000000| Untracked 
| 564|0x00000005f5800000, 0x00000005f5800000, 0x00000005f6000000|  0%| F|  |TAMS 0x00000005f5800000| PB 0x00000005f5800000| Untracked 
| 565|0x00000005f6000000, 0x00000005f6000000, 0x00000005f6800000|  0%| F|  |TAMS 0x00000005f6000000| PB 0x00000005f6000000| Untracked 
| 566|0x00000005f6800000, 0x00000005f6800000, 0x00000005f7000000|  0%| F|  |TAMS 0x00000005f6800000| PB 0x00000005f6800000| Untracked 
| 567|0x00000005f7000000, 0x00000005f7000000, 0x00000005f7800000|  0%| F|  |TAMS 0x00000005f7000000| PB 0x00000005f7000000| Untracked 
| 568|0x00000005f7800000, 0x00000005f8000000, 0x00000005f8000000|100%| O|  |TAMS 0x00000005f7800000| PB 0x00000005f7800000| Untracked 
| 569|0x00000005f8000000, 0x00000005f8000000, 0x00000005f8800000|  0%| F|  |TAMS 0x00000005f8000000| PB 0x00000005f8000000| Untracked 
| 570|0x00000005f8800000, 0x00000005f8800000, 0x00000005f9000000|  0%| F|  |TAMS 0x00000005f8800000| PB 0x00000005f8800000| Untracked 
| 571|0x00000005f9000000, 0x00000005f9000000, 0x00000005f9800000|  0%| F|  |TAMS 0x00000005f9000000| PB 0x00000005f9000000| Untracked 
| 572|0x00000005f9800000, 0x00000005f9800000, 0x00000005fa000000|  0%| F|  |TAMS 0x00000005f9800000| PB 0x00000005f9800000| Untracked 
| 573|0x00000005fa000000, 0x00000005fa000000, 0x00000005fa800000|  0%| F|  |TAMS 0x00000005fa000000| PB 0x00000005fa000000| Untracked 
| 574|0x00000005fa800000, 0x00000005fa800000, 0x00000005fb000000|  0%| F|  |TAMS 0x00000005fa800000| PB 0x00000005fa800000| Untracked 
| 575|0x00000005fb000000, 0x00000005fb000000, 0x00000005fb800000|  0%| F|  |TAMS 0x00000005fb000000| PB 0x00000005fb000000| Untracked 
| 576|0x00000005fb800000, 0x00000005fc000000, 0x00000005fc000000|100%| O|  |TAMS 0x00000005fb800000| PB 0x00000005fb800000| Untracked 
| 577|0x00000005fc000000, 0x00000005fc000000, 0x00000005fc800000|  0%| F|  |TAMS 0x00000005fc000000| PB 0x00000005fc000000| Untracked 
| 578|0x00000005fc800000, 0x00000005fc800000, 0x00000005fd000000|  0%| F|  |TAMS 0x00000005fc800000| PB 0x00000005fc800000| Untracked 
| 579|0x00000005fd000000, 0x00000005fd000000, 0x00000005fd800000|  0%| F|  |TAMS 0x00000005fd000000| PB 0x00000005fd000000| Untracked 
| 580|0x00000005fd800000, 0x00000005fd800000, 0x00000005fe000000|  0%| F|  |TAMS 0x00000005fd800000| PB 0x00000005fd800000| Untracked 
| 581|0x00000005fe000000, 0x00000005fe000000, 0x00000005fe800000|  0%| F|  |TAMS 0x00000005fe000000| PB 0x00000005fe000000| Untracked 
| 582|0x00000005fe800000, 0x00000005fe800000, 0x00000005ff000000|  0%| F|  |TAMS 0x00000005fe800000| PB 0x00000005fe800000| Untracked 
| 583|0x00000005ff000000, 0x00000005ff800000, 0x00000005ff800000|100%| O|  |TAMS 0x00000005ff000000| PB 0x00000005ff000000| Untracked 
| 584|0x00000005ff800000, 0x00000005ff800000, 0x0000000600000000|  0%| F|  |TAMS 0x00000005ff800000| PB 0x00000005ff800000| Untracked 
| 585|0x0000000600000000, 0x0000000600000000, 0x0000000600800000|  0%| F|  |TAMS 0x0000000600000000| PB 0x0000000600000000| Untracked 
| 586|0x0000000600800000, 0x0000000600800000, 0x0000000601000000|  0%| F|  |TAMS 0x0000000600800000| PB 0x0000000600800000| Untracked 
| 587|0x0000000601000000, 0x0000000601000000, 0x0000000601800000|  0%| F|  |TAMS 0x0000000601000000| PB 0x0000000601000000| Untracked 
| 588|0x0000000601800000, 0x0000000601800000, 0x0000000602000000|  0%| F|  |TAMS 0x0000000601800000| PB 0x0000000601800000| Untracked 
| 589|0x0000000602000000, 0x0000000602000000, 0x0000000602800000|  0%| F|  |TAMS 0x0000000602000000| PB 0x0000000602000000| Untracked 
| 590|0x0000000602800000, 0x0000000602800000, 0x0000000603000000|  0%| F|  |TAMS 0x0000000602800000| PB 0x0000000602800000| Untracked 
| 591|0x0000000603000000, 0x0000000603000000, 0x0000000603800000|  0%| F|  |TAMS 0x0000000603000000| PB 0x0000000603000000| Untracked 
| 592|0x0000000603800000, 0x0000000603800000, 0x0000000604000000|  0%| F|  |TAMS 0x0000000603800000| PB 0x0000000603800000| Untracked 
| 593|0x0000000604000000, 0x0000000604000000, 0x0000000604800000|  0%| F|  |TAMS 0x0000000604000000| PB 0x0000000604000000| Untracked 
| 594|0x0000000604800000, 0x0000000604800000, 0x0000000605000000|  0%| F|  |TAMS 0x0000000604800000| PB 0x0000000604800000| Untracked 
| 595|0x0000000605000000, 0x0000000605000000, 0x0000000605800000|  0%| F|  |TAMS 0x0000000605000000| PB 0x0000000605000000| Untracked 
| 596|0x0000000605800000, 0x0000000605800000, 0x0000000606000000|  0%| F|  |TAMS 0x0000000605800000| PB 0x0000000605800000| Untracked 
| 597|0x0000000606000000, 0x0000000606000000, 0x0000000606800000|  0%| F|  |TAMS 0x0000000606000000| PB 0x0000000606000000| Untracked 
| 598|0x0000000606800000, 0x0000000606800000, 0x0000000607000000|  0%| F|  |TAMS 0x0000000606800000| PB 0x0000000606800000| Untracked 
| 599|0x0000000607000000, 0x0000000607000000, 0x0000000607800000|  0%| F|  |TAMS 0x0000000607000000| PB 0x0000000607000000| Untracked 
| 600|0x0000000607800000, 0x0000000607800000, 0x0000000608000000|  0%| F|  |TAMS 0x0000000607800000| PB 0x0000000607800000| Untracked 
| 601|0x0000000608000000, 0x0000000608000000, 0x0000000608800000|  0%| F|  |TAMS 0x0000000608000000| PB 0x0000000608000000| Untracked 
| 602|0x0000000608800000, 0x0000000608800000, 0x0000000609000000|  0%| F|  |TAMS 0x0000000608800000| PB 0x0000000608800000| Untracked 
| 603|0x0000000609000000, 0x0000000609000000, 0x0000000609800000|  0%| F|  |TAMS 0x0000000609000000| PB 0x0000000609000000| Untracked 
| 604|0x0000000609800000, 0x0000000609800000, 0x000000060a000000|  0%| F|  |TAMS 0x0000000609800000| PB 0x0000000609800000| Untracked 
| 605|0x000000060a000000, 0x000000060a000000, 0x000000060a800000|  0%| F|  |TAMS 0x000000060a000000| PB 0x000000060a000000| Untracked 
| 606|0x000000060a800000, 0x000000060a800000, 0x000000060b000000|  0%| F|  |TAMS 0x000000060a800000| PB 0x000000060a800000| Untracked 
| 607|0x000000060b000000, 0x000000060b000000, 0x000000060b800000|  0%| F|  |TAMS 0x000000060b000000| PB 0x000000060b000000| Untracked 
| 608|0x000000060b800000, 0x000000060b800000, 0x000000060c000000|  0%| F|  |TAMS 0x000000060b800000| PB 0x000000060b800000| Untracked 
| 609|0x000000060c000000, 0x000000060c000000, 0x000000060c800000|  0%| F|  |TAMS 0x000000060c000000| PB 0x000000060c000000| Untracked 
| 610|0x000000060c800000, 0x000000060c800000, 0x000000060d000000|  0%| F|  |TAMS 0x000000060c800000| PB 0x000000060c800000| Untracked 
| 611|0x000000060d000000, 0x000000060d000000, 0x000000060d800000|  0%| F|  |TAMS 0x000000060d000000| PB 0x000000060d000000| Untracked 
| 612|0x000000060d800000, 0x000000060d800000, 0x000000060e000000|  0%| F|  |TAMS 0x000000060d800000| PB 0x000000060d800000| Untracked 
| 613|0x000000060e000000, 0x000000060e000000, 0x000000060e800000|  0%| F|  |TAMS 0x000000060e000000| PB 0x000000060e000000| Untracked 
| 614|0x000000060e800000, 0x000000060e800000, 0x000000060f000000|  0%| F|  |TAMS 0x000000060e800000| PB 0x000000060e800000| Untracked 
| 615|0x000000060f000000, 0x000000060f000000, 0x000000060f800000|  0%| F|  |TAMS 0x000000060f000000| PB 0x000000060f000000| Untracked 
| 616|0x000000060f800000, 0x000000060f800000, 0x0000000610000000|  0%| F|  |TAMS 0x000000060f800000| PB 0x000000060f800000| Untracked 
| 617|0x0000000610000000, 0x0000000610000000, 0x0000000610800000|  0%| F|  |TAMS 0x0000000610000000| PB 0x0000000610000000| Untracked 
| 618|0x0000000610800000, 0x0000000610800000, 0x0000000611000000|  0%| F|  |TAMS 0x0000000610800000| PB 0x0000000610800000| Untracked 
| 619|0x0000000611000000, 0x0000000611000000, 0x0000000611800000|  0%| F|  |TAMS 0x0000000611000000| PB 0x0000000611000000| Untracked 
| 620|0x0000000611800000, 0x0000000611800000, 0x0000000612000000|  0%| F|  |TAMS 0x0000000611800000| PB 0x0000000611800000| Untracked 
| 621|0x0000000612000000, 0x0000000612000000, 0x0000000612800000|  0%| F|  |TAMS 0x0000000612000000| PB 0x0000000612000000| Untracked 
| 622|0x0000000612800000, 0x0000000612800000, 0x0000000613000000|  0%| F|  |TAMS 0x0000000612800000| PB 0x0000000612800000| Untracked 
| 623|0x0000000613000000, 0x0000000613000000, 0x0000000613800000|  0%| F|  |TAMS 0x0000000613000000| PB 0x0000000613000000| Untracked 
| 624|0x0000000613800000, 0x0000000613800000, 0x0000000614000000|  0%| F|  |TAMS 0x0000000613800000| PB 0x0000000613800000| Untracked 
| 625|0x0000000614000000, 0x0000000614000000, 0x0000000614800000|  0%| F|  |TAMS 0x0000000614000000| PB 0x0000000614000000| Untracked 
| 626|0x0000000614800000, 0x0000000614800000, 0x0000000615000000|  0%| F|  |TAMS 0x0000000614800000| PB 0x0000000614800000| Untracked 
| 627|0x0000000615000000, 0x0000000615000000, 0x0000000615800000|  0%| F|  |TAMS 0x0000000615000000| PB 0x0000000615000000| Untracked 
| 628|0x0000000615800000, 0x0000000615800000, 0x0000000616000000|  0%| F|  |TAMS 0x0000000615800000| PB 0x0000000615800000| Untracked 
| 629|0x0000000616000000, 0x0000000616000000, 0x0000000616800000|  0%| F|  |TAMS 0x0000000616000000| PB 0x0000000616000000| Untracked 
| 630|0x0000000616800000, 0x0000000616800000, 0x0000000617000000|  0%| F|  |TAMS 0x0000000616800000| PB 0x0000000616800000| Untracked 
| 631|0x0000000617000000, 0x0000000617000000, 0x0000000617800000|  0%| F|  |TAMS 0x0000000617000000| PB 0x0000000617000000| Untracked 
| 632|0x0000000617800000, 0x0000000617800000, 0x0000000618000000|  0%| F|  |TAMS 0x0000000617800000| PB 0x0000000617800000| Untracked 
| 633|0x0000000618000000, 0x0000000618000000, 0x0000000618800000|  0%| F|  |TAMS 0x0000000618000000| PB 0x0000000618000000| Untracked 
| 634|0x0000000618800000, 0x0000000618800000, 0x0000000619000000|  0%| F|  |TAMS 0x0000000618800000| PB 0x0000000618800000| Untracked 
| 635|0x0000000619000000, 0x0000000619000000, 0x0000000619800000|  0%| F|  |TAMS 0x0000000619000000| PB 0x0000000619000000| Untracked 
| 636|0x0000000619800000, 0x0000000619800000, 0x000000061a000000|  0%| F|  |TAMS 0x0000000619800000| PB 0x0000000619800000| Untracked 
| 637|0x000000061a000000, 0x000000061a000000, 0x000000061a800000|  0%| F|  |TAMS 0x000000061a000000| PB 0x000000061a000000| Untracked 
| 638|0x000000061a800000, 0x000000061a800000, 0x000000061b000000|  0%| F|  |TAMS 0x000000061a800000| PB 0x000000061a800000| Untracked 
| 639|0x000000061b000000, 0x000000061b000000, 0x000000061b800000|  0%| F|  |TAMS 0x000000061b000000| PB 0x000000061b000000| Untracked 
| 640|0x000000061b800000, 0x000000061b800000, 0x000000061c000000|  0%| F|  |TAMS 0x000000061b800000| PB 0x000000061b800000| Untracked 
| 641|0x000000061c000000, 0x000000061c000000, 0x000000061c800000|  0%| F|  |TAMS 0x000000061c000000| PB 0x000000061c000000| Untracked 
| 642|0x000000061c800000, 0x000000061c800000, 0x000000061d000000|  0%| F|  |TAMS 0x000000061c800000| PB 0x000000061c800000| Untracked 
| 643|0x000000061d000000, 0x000000061d000000, 0x000000061d800000|  0%| F|  |TAMS 0x000000061d000000| PB 0x000000061d000000| Untracked 
| 644|0x000000061d800000, 0x000000061d800000, 0x000000061e000000|  0%| F|  |TAMS 0x000000061d800000| PB 0x000000061d800000| Untracked 
| 645|0x000000061e000000, 0x000000061e000000, 0x000000061e800000|  0%| F|  |TAMS 0x000000061e000000| PB 0x000000061e000000| Untracked 
| 646|0x000000061e800000, 0x000000061e800000, 0x000000061f000000|  0%| F|  |TAMS 0x000000061e800000| PB 0x000000061e800000| Untracked 
| 647|0x000000061f000000, 0x000000061f000000, 0x000000061f800000|  0%| F|  |TAMS 0x000000061f000000| PB 0x000000061f000000| Untracked 
| 648|0x000000061f800000, 0x000000061f800000, 0x0000000620000000|  0%| F|  |TAMS 0x000000061f800000| PB 0x000000061f800000| Untracked 
| 649|0x0000000620000000, 0x0000000620000000, 0x0000000620800000|  0%| F|  |TAMS 0x0000000620000000| PB 0x0000000620000000| Untracked 
| 650|0x0000000620800000, 0x0000000620800000, 0x0000000621000000|  0%| F|  |TAMS 0x0000000620800000| PB 0x0000000620800000| Untracked 
| 651|0x0000000621000000, 0x0000000621000000, 0x0000000621800000|  0%| F|  |TAMS 0x0000000621000000| PB 0x0000000621000000| Untracked 
| 652|0x0000000621800000, 0x0000000621800000, 0x0000000622000000|  0%| F|  |TAMS 0x0000000621800000| PB 0x0000000621800000| Untracked 
| 653|0x0000000622000000, 0x0000000622000000, 0x0000000622800000|  0%| F|  |TAMS 0x0000000622000000| PB 0x0000000622000000| Untracked 
| 654|0x0000000622800000, 0x0000000622800000, 0x0000000623000000|  0%| F|  |TAMS 0x0000000622800000| PB 0x0000000622800000| Untracked 
| 655|0x0000000623000000, 0x0000000623000000, 0x0000000623800000|  0%| F|  |TAMS 0x0000000623000000| PB 0x0000000623000000| Untracked 
| 656|0x0000000623800000, 0x0000000623800000, 0x0000000624000000|  0%| F|  |TAMS 0x0000000623800000| PB 0x0000000623800000| Untracked 
| 657|0x0000000624000000, 0x0000000624000000, 0x0000000624800000|  0%| F|  |TAMS 0x0000000624000000| PB 0x0000000624000000| Untracked 
| 658|0x0000000624800000, 0x0000000624800000, 0x0000000625000000|  0%| F|  |TAMS 0x0000000624800000| PB 0x0000000624800000| Untracked 
| 659|0x0000000625000000, 0x0000000625000000, 0x0000000625800000|  0%| F|  |TAMS 0x0000000625000000| PB 0x0000000625000000| Untracked 
| 660|0x0000000625800000, 0x0000000625800000, 0x0000000626000000|  0%| F|  |TAMS 0x0000000625800000| PB 0x0000000625800000| Untracked 
| 661|0x0000000626000000, 0x0000000626000000, 0x0000000626800000|  0%| F|  |TAMS 0x0000000626000000| PB 0x0000000626000000| Untracked 
| 662|0x0000000626800000, 0x0000000626800000, 0x0000000627000000|  0%| F|  |TAMS 0x0000000626800000| PB 0x0000000626800000| Untracked 
| 663|0x0000000627000000, 0x0000000627000000, 0x0000000627800000|  0%| F|  |TAMS 0x0000000627000000| PB 0x0000000627000000| Untracked 
| 664|0x0000000627800000, 0x0000000627800000, 0x0000000628000000|  0%| F|  |TAMS 0x0000000627800000| PB 0x0000000627800000| Untracked 
| 665|0x0000000628000000, 0x0000000628000000, 0x0000000628800000|  0%| F|  |TAMS 0x0000000628000000| PB 0x0000000628000000| Untracked 
| 666|0x0000000628800000, 0x0000000628800000, 0x0000000629000000|  0%| F|  |TAMS 0x0000000628800000| PB 0x0000000628800000| Untracked 
| 667|0x0000000629000000, 0x0000000629000000, 0x0000000629800000|  0%| F|  |TAMS 0x0000000629000000| PB 0x0000000629000000| Untracked 
| 668|0x0000000629800000, 0x0000000629800000, 0x000000062a000000|  0%| F|  |TAMS 0x0000000629800000| PB 0x0000000629800000| Untracked 
| 669|0x000000062a000000, 0x000000062a000000, 0x000000062a800000|  0%| F|  |TAMS 0x000000062a000000| PB 0x000000062a000000| Untracked 
| 670|0x000000062a800000, 0x000000062a800000, 0x000000062b000000|  0%| F|  |TAMS 0x000000062a800000| PB 0x000000062a800000| Untracked 
| 671|0x000000062b000000, 0x000000062b000000, 0x000000062b800000|  0%| F|  |TAMS 0x000000062b000000| PB 0x000000062b000000| Untracked 
| 672|0x000000062b800000, 0x000000062b800000, 0x000000062c000000|  0%| F|  |TAMS 0x000000062b800000| PB 0x000000062b800000| Untracked 
| 673|0x000000062c000000, 0x000000062c000000, 0x000000062c800000|  0%| F|  |TAMS 0x000000062c000000| PB 0x000000062c000000| Untracked 
| 674|0x000000062c800000, 0x000000062c800000, 0x000000062d000000|  0%| F|  |TAMS 0x000000062c800000| PB 0x000000062c800000| Untracked 
| 675|0x000000062d000000, 0x000000062d000000, 0x000000062d800000|  0%| F|  |TAMS 0x000000062d000000| PB 0x000000062d000000| Untracked 
| 676|0x000000062d800000, 0x000000062d800000, 0x000000062e000000|  0%| F|  |TAMS 0x000000062d800000| PB 0x000000062d800000| Untracked 
| 677|0x000000062e000000, 0x000000062e000000, 0x000000062e800000|  0%| F|  |TAMS 0x000000062e000000| PB 0x000000062e000000| Untracked 
| 678|0x000000062e800000, 0x000000062e800000, 0x000000062f000000|  0%| F|  |TAMS 0x000000062e800000| PB 0x000000062e800000| Untracked 
| 679|0x000000062f000000, 0x000000062f000000, 0x000000062f800000|  0%| F|  |TAMS 0x000000062f000000| PB 0x000000062f000000| Untracked 
| 680|0x000000062f800000, 0x000000062f800000, 0x0000000630000000|  0%| F|  |TAMS 0x000000062f800000| PB 0x000000062f800000| Untracked 
| 681|0x0000000630000000, 0x0000000630000000, 0x0000000630800000|  0%| F|  |TAMS 0x0000000630000000| PB 0x0000000630000000| Untracked 
| 682|0x0000000630800000, 0x0000000630800000, 0x0000000631000000|  0%| F|  |TAMS 0x0000000630800000| PB 0x0000000630800000| Untracked 
| 683|0x0000000631000000, 0x0000000631000000, 0x0000000631800000|  0%| F|  |TAMS 0x0000000631000000| PB 0x0000000631000000| Untracked 
| 684|0x0000000631800000, 0x0000000631800000, 0x0000000632000000|  0%| F|  |TAMS 0x0000000631800000| PB 0x0000000631800000| Untracked 
| 685|0x0000000632000000, 0x0000000632000000, 0x0000000632800000|  0%| F|  |TAMS 0x0000000632000000| PB 0x0000000632000000| Untracked 
| 686|0x0000000632800000, 0x0000000632800000, 0x0000000633000000|  0%| F|  |TAMS 0x0000000632800000| PB 0x0000000632800000| Untracked 
| 687|0x0000000633000000, 0x0000000633000000, 0x0000000633800000|  0%| F|  |TAMS 0x0000000633000000| PB 0x0000000633000000| Untracked 
| 688|0x0000000633800000, 0x0000000633800000, 0x0000000634000000|  0%| F|  |TAMS 0x0000000633800000| PB 0x0000000633800000| Untracked 
| 689|0x0000000634000000, 0x0000000634000000, 0x0000000634800000|  0%| F|  |TAMS 0x0000000634000000| PB 0x0000000634000000| Untracked 
| 690|0x0000000634800000, 0x0000000634800000, 0x0000000635000000|  0%| F|  |TAMS 0x0000000634800000| PB 0x0000000634800000| Untracked 
| 691|0x0000000635000000, 0x0000000635000000, 0x0000000635800000|  0%| F|  |TAMS 0x0000000635000000| PB 0x0000000635000000| Untracked 
| 692|0x0000000635800000, 0x0000000635800000, 0x0000000636000000|  0%| F|  |TAMS 0x0000000635800000| PB 0x0000000635800000| Untracked 
| 693|0x0000000636000000, 0x0000000636000000, 0x0000000636800000|  0%| F|  |TAMS 0x0000000636000000| PB 0x0000000636000000| Untracked 
| 694|0x0000000636800000, 0x0000000636800000, 0x0000000637000000|  0%| F|  |TAMS 0x0000000636800000| PB 0x0000000636800000| Untracked 
| 695|0x0000000637000000, 0x0000000637000000, 0x0000000637800000|  0%| F|  |TAMS 0x0000000637000000| PB 0x0000000637000000| Untracked 
| 696|0x0000000637800000, 0x0000000637800000, 0x0000000638000000|  0%| F|  |TAMS 0x0000000637800000| PB 0x0000000637800000| Untracked 
| 697|0x0000000638000000, 0x0000000638000000, 0x0000000638800000|  0%| F|  |TAMS 0x0000000638000000| PB 0x0000000638000000| Untracked 
| 698|0x0000000638800000, 0x0000000638800000, 0x0000000639000000|  0%| F|  |TAMS 0x0000000638800000| PB 0x0000000638800000| Untracked 
| 699|0x0000000639000000, 0x0000000639000000, 0x0000000639800000|  0%| F|  |TAMS 0x0000000639000000| PB 0x0000000639000000| Untracked 
| 700|0x0000000639800000, 0x0000000639800000, 0x000000063a000000|  0%| F|  |TAMS 0x0000000639800000| PB 0x0000000639800000| Untracked 
| 701|0x000000063a000000, 0x000000063a000000, 0x000000063a800000|  0%| F|  |TAMS 0x000000063a000000| PB 0x000000063a000000| Untracked 
| 702|0x000000063a800000, 0x000000063a800000, 0x000000063b000000|  0%| F|  |TAMS 0x000000063a800000| PB 0x000000063a800000| Untracked 
| 703|0x000000063b000000, 0x000000063b000000, 0x000000063b800000|  0%| F|  |TAMS 0x000000063b000000| PB 0x000000063b000000| Untracked 
| 704|0x000000063b800000, 0x000000063b800000, 0x000000063c000000|  0%| F|  |TAMS 0x000000063b800000| PB 0x000000063b800000| Untracked 
| 705|0x000000063c000000, 0x000000063c000000, 0x000000063c800000|  0%| F|  |TAMS 0x000000063c000000| PB 0x000000063c000000| Untracked 
| 706|0x000000063c800000, 0x000000063c800000, 0x000000063d000000|  0%| F|  |TAMS 0x000000063c800000| PB 0x000000063c800000| Untracked 
| 707|0x000000063d000000, 0x000000063d000000, 0x000000063d800000|  0%| F|  |TAMS 0x000000063d000000| PB 0x000000063d000000| Untracked 
| 708|0x000000063d800000, 0x000000063d800000, 0x000000063e000000|  0%| F|  |TAMS 0x000000063d800000| PB 0x000000063d800000| Untracked 
| 709|0x000000063e000000, 0x000000063e000000, 0x000000063e800000|  0%| F|  |TAMS 0x000000063e000000| PB 0x000000063e000000| Untracked 
| 710|0x000000063e800000, 0x000000063e800000, 0x000000063f000000|  0%| F|  |TAMS 0x000000063e800000| PB 0x000000063e800000| Untracked 
| 711|0x000000063f000000, 0x000000063f000000, 0x000000063f800000|  0%| F|  |TAMS 0x000000063f000000| PB 0x000000063f000000| Untracked 
| 712|0x000000063f800000, 0x000000063f800000, 0x0000000640000000|  0%| F|  |TAMS 0x000000063f800000| PB 0x000000063f800000| Untracked 
| 713|0x0000000640000000, 0x0000000640000000, 0x0000000640800000|  0%| F|  |TAMS 0x0000000640000000| PB 0x0000000640000000| Untracked 
| 714|0x0000000640800000, 0x0000000640800000, 0x0000000641000000|  0%| F|  |TAMS 0x0000000640800000| PB 0x0000000640800000| Untracked 
| 715|0x0000000641000000, 0x0000000641000000, 0x0000000641800000|  0%| F|  |TAMS 0x0000000641000000| PB 0x0000000641000000| Untracked 
| 716|0x0000000641800000, 0x0000000641800000, 0x0000000642000000|  0%| F|  |TAMS 0x0000000641800000| PB 0x0000000641800000| Untracked 
| 717|0x0000000642000000, 0x0000000642000000, 0x0000000642800000|  0%| F|  |TAMS 0x0000000642000000| PB 0x0000000642000000| Untracked 
| 718|0x0000000642800000, 0x0000000642800000, 0x0000000643000000|  0%| F|  |TAMS 0x0000000642800000| PB 0x0000000642800000| Untracked 
| 719|0x0000000643000000, 0x0000000643000000, 0x0000000643800000|  0%| F|  |TAMS 0x0000000643000000| PB 0x0000000643000000| Untracked 
| 720|0x0000000643800000, 0x0000000643800000, 0x0000000644000000|  0%| F|  |TAMS 0x0000000643800000| PB 0x0000000643800000| Untracked 
| 721|0x0000000644000000, 0x0000000644000000, 0x0000000644800000|  0%| F|  |TAMS 0x0000000644000000| PB 0x0000000644000000| Untracked 
| 722|0x0000000644800000, 0x0000000644800000, 0x0000000645000000|  0%| F|  |TAMS 0x0000000644800000| PB 0x0000000644800000| Untracked 
| 723|0x0000000645000000, 0x0000000645000000, 0x0000000645800000|  0%| F|  |TAMS 0x0000000645000000| PB 0x0000000645000000| Untracked 
| 724|0x0000000645800000, 0x0000000645800000, 0x0000000646000000|  0%| F|  |TAMS 0x0000000645800000| PB 0x0000000645800000| Untracked 
| 725|0x0000000646000000, 0x0000000646000000, 0x0000000646800000|  0%| F|  |TAMS 0x0000000646000000| PB 0x0000000646000000| Untracked 
| 726|0x0000000646800000, 0x0000000646800000, 0x0000000647000000|  0%| F|  |TAMS 0x0000000646800000| PB 0x0000000646800000| Untracked 
| 727|0x0000000647000000, 0x0000000647000000, 0x0000000647800000|  0%| F|  |TAMS 0x0000000647000000| PB 0x0000000647000000| Untracked 
| 728|0x0000000647800000, 0x0000000647800000, 0x0000000648000000|  0%| F|  |TAMS 0x0000000647800000| PB 0x0000000647800000| Untracked 
| 729|0x0000000648000000, 0x0000000648000000, 0x0000000648800000|  0%| F|  |TAMS 0x0000000648000000| PB 0x0000000648000000| Untracked 
| 730|0x0000000648800000, 0x0000000648800000, 0x0000000649000000|  0%| F|  |TAMS 0x0000000648800000| PB 0x0000000648800000| Untracked 
| 731|0x0000000649000000, 0x0000000649000000, 0x0000000649800000|  0%| F|  |TAMS 0x0000000649000000| PB 0x0000000649000000| Untracked 
| 732|0x0000000649800000, 0x0000000649800000, 0x000000064a000000|  0%| F|  |TAMS 0x0000000649800000| PB 0x0000000649800000| Untracked 
| 733|0x000000064a000000, 0x000000064a000000, 0x000000064a800000|  0%| F|  |TAMS 0x000000064a000000| PB 0x000000064a000000| Untracked 
| 734|0x000000064a800000, 0x000000064a800000, 0x000000064b000000|  0%| F|  |TAMS 0x000000064a800000| PB 0x000000064a800000| Untracked 
| 735|0x000000064b000000, 0x000000064b000000, 0x000000064b800000|  0%| F|  |TAMS 0x000000064b000000| PB 0x000000064b000000| Untracked 
| 736|0x000000064b800000, 0x000000064b800000, 0x000000064c000000|  0%| F|  |TAMS 0x000000064b800000| PB 0x000000064b800000| Untracked 
| 737|0x000000064c000000, 0x000000064c000000, 0x000000064c800000|  0%| F|  |TAMS 0x000000064c000000| PB 0x000000064c000000| Untracked 
| 738|0x000000064c800000, 0x000000064c800000, 0x000000064d000000|  0%| F|  |TAMS 0x000000064c800000| PB 0x000000064c800000| Untracked 
| 739|0x000000064d000000, 0x000000064d000000, 0x000000064d800000|  0%| F|  |TAMS 0x000000064d000000| PB 0x000000064d000000| Untracked 
| 740|0x000000064d800000, 0x000000064d800000, 0x000000064e000000|  0%| F|  |TAMS 0x000000064d800000| PB 0x000000064d800000| Untracked 
| 741|0x000000064e000000, 0x000000064e000000, 0x000000064e800000|  0%| F|  |TAMS 0x000000064e000000| PB 0x000000064e000000| Untracked 
| 742|0x000000064e800000, 0x000000064e800000, 0x000000064f000000|  0%| F|  |TAMS 0x000000064e800000| PB 0x000000064e800000| Untracked 
| 743|0x000000064f000000, 0x000000064f000000, 0x000000064f800000|  0%| F|  |TAMS 0x000000064f000000| PB 0x000000064f000000| Untracked 
| 744|0x000000064f800000, 0x000000064f800000, 0x0000000650000000|  0%| F|  |TAMS 0x000000064f800000| PB 0x000000064f800000| Untracked 
| 745|0x0000000650000000, 0x0000000650000000, 0x0000000650800000|  0%| F|  |TAMS 0x0000000650000000| PB 0x0000000650000000| Untracked 
| 746|0x0000000650800000, 0x0000000650800000, 0x0000000651000000|  0%| F|  |TAMS 0x0000000650800000| PB 0x0000000650800000| Untracked 
| 747|0x0000000651000000, 0x0000000651000000, 0x0000000651800000|  0%| F|  |TAMS 0x0000000651000000| PB 0x0000000651000000| Untracked 
| 748|0x0000000651800000, 0x0000000651800000, 0x0000000652000000|  0%| F|  |TAMS 0x0000000651800000| PB 0x0000000651800000| Untracked 
| 749|0x0000000652000000, 0x0000000652000000, 0x0000000652800000|  0%| F|  |TAMS 0x0000000652000000| PB 0x0000000652000000| Untracked 
| 750|0x0000000652800000, 0x0000000652800000, 0x0000000653000000|  0%| F|  |TAMS 0x0000000652800000| PB 0x0000000652800000| Untracked 
| 751|0x0000000653000000, 0x0000000653000000, 0x0000000653800000|  0%| F|  |TAMS 0x0000000653000000| PB 0x0000000653000000| Untracked 
| 752|0x0000000653800000, 0x0000000653800000, 0x0000000654000000|  0%| F|  |TAMS 0x0000000653800000| PB 0x0000000653800000| Untracked 
| 753|0x0000000654000000, 0x0000000654000000, 0x0000000654800000|  0%| F|  |TAMS 0x0000000654000000| PB 0x0000000654000000| Untracked 
| 754|0x0000000654800000, 0x0000000654800000, 0x0000000655000000|  0%| F|  |TAMS 0x0000000654800000| PB 0x0000000654800000| Untracked 
| 755|0x0000000655000000, 0x0000000655000000, 0x0000000655800000|  0%| F|  |TAMS 0x0000000655000000| PB 0x0000000655000000| Untracked 
| 756|0x0000000655800000, 0x0000000655800000, 0x0000000656000000|  0%| F|  |TAMS 0x0000000655800000| PB 0x0000000655800000| Untracked 
| 757|0x0000000656000000, 0x0000000656000000, 0x0000000656800000|  0%| F|  |TAMS 0x0000000656000000| PB 0x0000000656000000| Untracked 
| 758|0x0000000656800000, 0x0000000656800000, 0x0000000657000000|  0%| F|  |TAMS 0x0000000656800000| PB 0x0000000656800000| Untracked 
| 759|0x0000000657000000, 0x0000000657000000, 0x0000000657800000|  0%| F|  |TAMS 0x0000000657000000| PB 0x0000000657000000| Untracked 
| 760|0x0000000657800000, 0x0000000657800000, 0x0000000658000000|  0%| F|  |TAMS 0x0000000657800000| PB 0x0000000657800000| Untracked 
| 761|0x0000000658000000, 0x0000000658000000, 0x0000000658800000|  0%| F|  |TAMS 0x0000000658000000| PB 0x0000000658000000| Untracked 
| 762|0x0000000658800000, 0x0000000658800000, 0x0000000659000000|  0%| F|  |TAMS 0x0000000658800000| PB 0x0000000658800000| Untracked 
| 763|0x0000000659000000, 0x0000000659000000, 0x0000000659800000|  0%| F|  |TAMS 0x0000000659000000| PB 0x0000000659000000| Untracked 
| 764|0x0000000659800000, 0x0000000659800000, 0x000000065a000000|  0%| F|  |TAMS 0x0000000659800000| PB 0x0000000659800000| Untracked 
| 765|0x000000065a000000, 0x000000065a000000, 0x000000065a800000|  0%| F|  |TAMS 0x000000065a000000| PB 0x000000065a000000| Untracked 
| 766|0x000000065a800000, 0x000000065a800000, 0x000000065b000000|  0%| F|  |TAMS 0x000000065a800000| PB 0x000000065a800000| Untracked 
| 767|0x000000065b000000, 0x000000065b000000, 0x000000065b800000|  0%| F|  |TAMS 0x000000065b000000| PB 0x000000065b000000| Untracked 
| 768|0x000000065b800000, 0x000000065b800000, 0x000000065c000000|  0%| F|  |TAMS 0x000000065b800000| PB 0x000000065b800000| Untracked 
| 769|0x000000065c000000, 0x000000065c000000, 0x000000065c800000|  0%| F|  |TAMS 0x000000065c000000| PB 0x000000065c000000| Untracked 
| 770|0x000000065c800000, 0x000000065c800000, 0x000000065d000000|  0%| F|  |TAMS 0x000000065c800000| PB 0x000000065c800000| Untracked 
| 771|0x000000065d000000, 0x000000065d000000, 0x000000065d800000|  0%| F|  |TAMS 0x000000065d000000| PB 0x000000065d000000| Untracked 
| 772|0x000000065d800000, 0x000000065d800000, 0x000000065e000000|  0%| F|  |TAMS 0x000000065d800000| PB 0x000000065d800000| Untracked 
| 773|0x000000065e000000, 0x000000065e000000, 0x000000065e800000|  0%| F|  |TAMS 0x000000065e000000| PB 0x000000065e000000| Untracked 
| 774|0x000000065e800000, 0x000000065e800000, 0x000000065f000000|  0%| F|  |TAMS 0x000000065e800000| PB 0x000000065e800000| Untracked 
| 775|0x000000065f000000, 0x000000065f000000, 0x000000065f800000|  0%| F|  |TAMS 0x000000065f000000| PB 0x000000065f000000| Untracked 
| 776|0x000000065f800000, 0x000000065f800000, 0x0000000660000000|  0%| F|  |TAMS 0x000000065f800000| PB 0x000000065f800000| Untracked 
| 777|0x0000000660000000, 0x0000000660000000, 0x0000000660800000|  0%| F|  |TAMS 0x0000000660000000| PB 0x0000000660000000| Untracked 
| 778|0x0000000660800000, 0x0000000660800000, 0x0000000661000000|  0%| F|  |TAMS 0x0000000660800000| PB 0x0000000660800000| Untracked 
| 779|0x0000000661000000, 0x0000000661000000, 0x0000000661800000|  0%| F|  |TAMS 0x0000000661000000| PB 0x0000000661000000| Untracked 
| 780|0x0000000661800000, 0x0000000661800000, 0x0000000662000000|  0%| F|  |TAMS 0x0000000661800000| PB 0x0000000661800000| Untracked 
| 781|0x0000000662000000, 0x0000000662000000, 0x0000000662800000|  0%| F|  |TAMS 0x0000000662000000| PB 0x0000000662000000| Untracked 
| 782|0x0000000662800000, 0x0000000662800000, 0x0000000663000000|  0%| F|  |TAMS 0x0000000662800000| PB 0x0000000662800000| Untracked 
| 783|0x0000000663000000, 0x0000000663000000, 0x0000000663800000|  0%| F|  |TAMS 0x0000000663000000| PB 0x0000000663000000| Untracked 
| 784|0x0000000663800000, 0x0000000663800000, 0x0000000664000000|  0%| F|  |TAMS 0x0000000663800000| PB 0x0000000663800000| Untracked 
| 785|0x0000000664000000, 0x0000000664000000, 0x0000000664800000|  0%| F|  |TAMS 0x0000000664000000| PB 0x0000000664000000| Untracked 
| 786|0x0000000664800000, 0x0000000664800000, 0x0000000665000000|  0%| F|  |TAMS 0x0000000664800000| PB 0x0000000664800000| Untracked 
| 787|0x0000000665000000, 0x0000000665000000, 0x0000000665800000|  0%| F|  |TAMS 0x0000000665000000| PB 0x0000000665000000| Untracked 
| 788|0x0000000665800000, 0x0000000665800000, 0x0000000666000000|  0%| F|  |TAMS 0x0000000665800000| PB 0x0000000665800000| Untracked 
| 789|0x0000000666000000, 0x0000000666000000, 0x0000000666800000|  0%| F|  |TAMS 0x0000000666000000| PB 0x0000000666000000| Untracked 
| 790|0x0000000666800000, 0x0000000666800000, 0x0000000667000000|  0%| F|  |TAMS 0x0000000666800000| PB 0x0000000666800000| Untracked 
| 791|0x0000000667000000, 0x0000000667000000, 0x0000000667800000|  0%| F|  |TAMS 0x0000000667000000| PB 0x0000000667000000| Untracked 
| 792|0x0000000667800000, 0x0000000667800000, 0x0000000668000000|  0%| F|  |TAMS 0x0000000667800000| PB 0x0000000667800000| Untracked 
| 793|0x0000000668000000, 0x0000000668000000, 0x0000000668800000|  0%| F|  |TAMS 0x0000000668000000| PB 0x0000000668000000| Untracked 
| 794|0x0000000668800000, 0x0000000668800000, 0x0000000669000000|  0%| F|  |TAMS 0x0000000668800000| PB 0x0000000668800000| Untracked 
| 795|0x0000000669000000, 0x0000000669000000, 0x0000000669800000|  0%| F|  |TAMS 0x0000000669000000| PB 0x0000000669000000| Untracked 
| 796|0x0000000669800000, 0x0000000669800000, 0x000000066a000000|  0%| F|  |TAMS 0x0000000669800000| PB 0x0000000669800000| Untracked 
| 797|0x000000066a000000, 0x000000066a000000, 0x000000066a800000|  0%| F|  |TAMS 0x000000066a000000| PB 0x000000066a000000| Untracked 
| 798|0x000000066a800000, 0x000000066a800000, 0x000000066b000000|  0%| F|  |TAMS 0x000000066a800000| PB 0x000000066a800000| Untracked 
| 799|0x000000066b000000, 0x000000066b000000, 0x000000066b800000|  0%| F|  |TAMS 0x000000066b000000| PB 0x000000066b000000| Untracked 
| 800|0x000000066b800000, 0x000000066b800000, 0x000000066c000000|  0%| F|  |TAMS 0x000000066b800000| PB 0x000000066b800000| Untracked 
| 801|0x000000066c000000, 0x000000066c000000, 0x000000066c800000|  0%| F|  |TAMS 0x000000066c000000| PB 0x000000066c000000| Untracked 
| 802|0x000000066c800000, 0x000000066c800000, 0x000000066d000000|  0%| F|  |TAMS 0x000000066c800000| PB 0x000000066c800000| Untracked 
| 803|0x000000066d000000, 0x000000066d000000, 0x000000066d800000|  0%| F|  |TAMS 0x000000066d000000| PB 0x000000066d000000| Untracked 
| 804|0x000000066d800000, 0x000000066d800000, 0x000000066e000000|  0%| F|  |TAMS 0x000000066d800000| PB 0x000000066d800000| Untracked 
| 805|0x000000066e000000, 0x000000066e000000, 0x000000066e800000|  0%| F|  |TAMS 0x000000066e000000| PB 0x000000066e000000| Untracked 
| 806|0x000000066e800000, 0x000000066e800000, 0x000000066f000000|  0%| F|  |TAMS 0x000000066e800000| PB 0x000000066e800000| Untracked 
| 807|0x000000066f000000, 0x000000066f000000, 0x000000066f800000|  0%| F|  |TAMS 0x000000066f000000| PB 0x000000066f000000| Untracked 
| 808|0x000000066f800000, 0x000000066f800000, 0x0000000670000000|  0%| F|  |TAMS 0x000000066f800000| PB 0x000000066f800000| Untracked 
| 809|0x0000000670000000, 0x0000000670000000, 0x0000000670800000|  0%| F|  |TAMS 0x0000000670000000| PB 0x0000000670000000| Untracked 
| 810|0x0000000670800000, 0x0000000670800000, 0x0000000671000000|  0%| F|  |TAMS 0x0000000670800000| PB 0x0000000670800000| Untracked 
| 811|0x0000000671000000, 0x0000000671000000, 0x0000000671800000|  0%| F|  |TAMS 0x0000000671000000| PB 0x0000000671000000| Untracked 
| 812|0x0000000671800000, 0x0000000671800000, 0x0000000672000000|  0%| F|  |TAMS 0x0000000671800000| PB 0x0000000671800000| Untracked 
| 813|0x0000000672000000, 0x0000000672000000, 0x0000000672800000|  0%| F|  |TAMS 0x0000000672000000| PB 0x0000000672000000| Untracked 
| 814|0x0000000672800000, 0x0000000672800000, 0x0000000673000000|  0%| F|  |TAMS 0x0000000672800000| PB 0x0000000672800000| Untracked 
| 815|0x0000000673000000, 0x0000000673000000, 0x0000000673800000|  0%| F|  |TAMS 0x0000000673000000| PB 0x0000000673000000| Untracked 
| 816|0x0000000673800000, 0x0000000673800000, 0x0000000674000000|  0%| F|  |TAMS 0x0000000673800000| PB 0x0000000673800000| Untracked 
| 817|0x0000000674000000, 0x0000000674000000, 0x0000000674800000|  0%| F|  |TAMS 0x0000000674000000| PB 0x0000000674000000| Untracked 
| 818|0x0000000674800000, 0x0000000674800000, 0x0000000675000000|  0%| F|  |TAMS 0x0000000674800000| PB 0x0000000674800000| Untracked 
| 819|0x0000000675000000, 0x0000000675000000, 0x0000000675800000|  0%| F|  |TAMS 0x0000000675000000| PB 0x0000000675000000| Untracked 
| 820|0x0000000675800000, 0x0000000675800000, 0x0000000676000000|  0%| F|  |TAMS 0x0000000675800000| PB 0x0000000675800000| Untracked 
| 821|0x0000000676000000, 0x0000000676000000, 0x0000000676800000|  0%| F|  |TAMS 0x0000000676000000| PB 0x0000000676000000| Untracked 
| 822|0x0000000676800000, 0x0000000676800000, 0x0000000677000000|  0%| F|  |TAMS 0x0000000676800000| PB 0x0000000676800000| Untracked 
| 823|0x0000000677000000, 0x0000000677000000, 0x0000000677800000|  0%| F|  |TAMS 0x0000000677000000| PB 0x0000000677000000| Untracked 
| 824|0x0000000677800000, 0x0000000677800000, 0x0000000678000000|  0%| F|  |TAMS 0x0000000677800000| PB 0x0000000677800000| Untracked 
| 825|0x0000000678000000, 0x0000000678000000, 0x0000000678800000|  0%| F|  |TAMS 0x0000000678000000| PB 0x0000000678000000| Untracked 
| 826|0x0000000678800000, 0x0000000678800000, 0x0000000679000000|  0%| F|  |TAMS 0x0000000678800000| PB 0x0000000678800000| Untracked 
| 827|0x0000000679000000, 0x0000000679000000, 0x0000000679800000|  0%| F|  |TAMS 0x0000000679000000| PB 0x0000000679000000| Untracked 
| 828|0x0000000679800000, 0x0000000679800000, 0x000000067a000000|  0%| F|  |TAMS 0x0000000679800000| PB 0x0000000679800000| Untracked 
| 829|0x000000067a000000, 0x000000067a000000, 0x000000067a800000|  0%| F|  |TAMS 0x000000067a000000| PB 0x000000067a000000| Untracked 
| 830|0x000000067a800000, 0x000000067a800000, 0x000000067b000000|  0%| F|  |TAMS 0x000000067a800000| PB 0x000000067a800000| Untracked 
| 831|0x000000067b000000, 0x000000067b000000, 0x000000067b800000|  0%| F|  |TAMS 0x000000067b000000| PB 0x000000067b000000| Untracked 
| 832|0x000000067b800000, 0x000000067b800000, 0x000000067c000000|  0%| F|  |TAMS 0x000000067b800000| PB 0x000000067b800000| Untracked 
| 833|0x000000067c000000, 0x000000067c000000, 0x000000067c800000|  0%| F|  |TAMS 0x000000067c000000| PB 0x000000067c000000| Untracked 
| 834|0x000000067c800000, 0x000000067c800000, 0x000000067d000000|  0%| F|  |TAMS 0x000000067c800000| PB 0x000000067c800000| Untracked 
| 835|0x000000067d000000, 0x000000067d000000, 0x000000067d800000|  0%| F|  |TAMS 0x000000067d000000| PB 0x000000067d000000| Untracked 
| 836|0x000000067d800000, 0x000000067d800000, 0x000000067e000000|  0%| F|  |TAMS 0x000000067d800000| PB 0x000000067d800000| Untracked 
| 837|0x000000067e000000, 0x000000067e000000, 0x000000067e800000|  0%| F|  |TAMS 0x000000067e000000| PB 0x000000067e000000| Untracked 
| 838|0x000000067e800000, 0x000000067e800000, 0x000000067f000000|  0%| F|  |TAMS 0x000000067e800000| PB 0x000000067e800000| Untracked 
| 839|0x000000067f000000, 0x000000067f000000, 0x000000067f800000|  0%| F|  |TAMS 0x000000067f000000| PB 0x000000067f000000| Untracked 
| 840|0x000000067f800000, 0x000000067f800000, 0x0000000680000000|  0%| F|  |TAMS 0x000000067f800000| PB 0x000000067f800000| Untracked 
| 841|0x0000000680000000, 0x0000000680000000, 0x0000000680800000|  0%| F|  |TAMS 0x0000000680000000| PB 0x0000000680000000| Untracked 
| 842|0x0000000680800000, 0x0000000680800000, 0x0000000681000000|  0%| F|  |TAMS 0x0000000680800000| PB 0x0000000680800000| Untracked 
| 843|0x0000000681000000, 0x0000000681000000, 0x0000000681800000|  0%| F|  |TAMS 0x0000000681000000| PB 0x0000000681000000| Untracked 
| 844|0x0000000681800000, 0x0000000681800000, 0x0000000682000000|  0%| F|  |TAMS 0x0000000681800000| PB 0x0000000681800000| Untracked 
| 845|0x0000000682000000, 0x0000000682000000, 0x0000000682800000|  0%| F|  |TAMS 0x0000000682000000| PB 0x0000000682000000| Untracked 
| 846|0x0000000682800000, 0x0000000682800000, 0x0000000683000000|  0%| F|  |TAMS 0x0000000682800000| PB 0x0000000682800000| Untracked 
| 847|0x0000000683000000, 0x0000000683000000, 0x0000000683800000|  0%| F|  |TAMS 0x0000000683000000| PB 0x0000000683000000| Untracked 
| 848|0x0000000683800000, 0x0000000683800000, 0x0000000684000000|  0%| F|  |TAMS 0x0000000683800000| PB 0x0000000683800000| Untracked 
| 849|0x0000000684000000, 0x0000000684000000, 0x0000000684800000|  0%| F|  |TAMS 0x0000000684000000| PB 0x0000000684000000| Untracked 
| 850|0x0000000684800000, 0x0000000684800000, 0x0000000685000000|  0%| F|  |TAMS 0x0000000684800000| PB 0x0000000684800000| Untracked 
| 851|0x0000000685000000, 0x0000000685000000, 0x0000000685800000|  0%| F|  |TAMS 0x0000000685000000| PB 0x0000000685000000| Untracked 
| 852|0x0000000685800000, 0x0000000685800000, 0x0000000686000000|  0%| F|  |TAMS 0x0000000685800000| PB 0x0000000685800000| Untracked 
| 853|0x0000000686000000, 0x0000000686000000, 0x0000000686800000|  0%| F|  |TAMS 0x0000000686000000| PB 0x0000000686000000| Untracked 
| 854|0x0000000686800000, 0x0000000686800000, 0x0000000687000000|  0%| F|  |TAMS 0x0000000686800000| PB 0x0000000686800000| Untracked 
| 855|0x0000000687000000, 0x0000000687000000, 0x0000000687800000|  0%| F|  |TAMS 0x0000000687000000| PB 0x0000000687000000| Untracked 
| 856|0x0000000687800000, 0x0000000687800000, 0x0000000688000000|  0%| F|  |TAMS 0x0000000687800000| PB 0x0000000687800000| Untracked 
| 857|0x0000000688000000, 0x0000000688000000, 0x0000000688800000|  0%| F|  |TAMS 0x0000000688000000| PB 0x0000000688000000| Untracked 
| 858|0x0000000688800000, 0x0000000688800000, 0x0000000689000000|  0%| F|  |TAMS 0x0000000688800000| PB 0x0000000688800000| Untracked 
| 859|0x0000000689000000, 0x0000000689000000, 0x0000000689800000|  0%| F|  |TAMS 0x0000000689000000| PB 0x0000000689000000| Untracked 
| 860|0x0000000689800000, 0x0000000689800000, 0x000000068a000000|  0%| F|  |TAMS 0x0000000689800000| PB 0x0000000689800000| Untracked 
| 861|0x000000068a000000, 0x000000068a000000, 0x000000068a800000|  0%| F|  |TAMS 0x000000068a000000| PB 0x000000068a000000| Untracked 
| 862|0x000000068a800000, 0x000000068a800000, 0x000000068b000000|  0%| F|  |TAMS 0x000000068a800000| PB 0x000000068a800000| Untracked 
| 863|0x000000068b000000, 0x000000068b000000, 0x000000068b800000|  0%| F|  |TAMS 0x000000068b000000| PB 0x000000068b000000| Untracked 
| 864|0x000000068b800000, 0x000000068b800000, 0x000000068c000000|  0%| F|  |TAMS 0x000000068b800000| PB 0x000000068b800000| Untracked 
| 865|0x000000068c000000, 0x000000068c000000, 0x000000068c800000|  0%| F|  |TAMS 0x000000068c000000| PB 0x000000068c000000| Untracked 
| 866|0x000000068c800000, 0x000000068c800000, 0x000000068d000000|  0%| F|  |TAMS 0x000000068c800000| PB 0x000000068c800000| Untracked 
| 867|0x000000068d000000, 0x000000068d000000, 0x000000068d800000|  0%| F|  |TAMS 0x000000068d000000| PB 0x000000068d000000| Untracked 
| 868|0x000000068d800000, 0x000000068d800000, 0x000000068e000000|  0%| F|  |TAMS 0x000000068d800000| PB 0x000000068d800000| Untracked 
| 869|0x000000068e000000, 0x000000068e000000, 0x000000068e800000|  0%| F|  |TAMS 0x000000068e000000| PB 0x000000068e000000| Untracked 
| 870|0x000000068e800000, 0x000000068e800000, 0x000000068f000000|  0%| F|  |TAMS 0x000000068e800000| PB 0x000000068e800000| Untracked 
| 871|0x000000068f000000, 0x000000068f000000, 0x000000068f800000|  0%| F|  |TAMS 0x000000068f000000| PB 0x000000068f000000| Untracked 
| 872|0x000000068f800000, 0x000000068f800000, 0x0000000690000000|  0%| F|  |TAMS 0x000000068f800000| PB 0x000000068f800000| Untracked 
| 873|0x0000000690000000, 0x0000000690000000, 0x0000000690800000|  0%| F|  |TAMS 0x0000000690000000| PB 0x0000000690000000| Untracked 
| 874|0x0000000690800000, 0x0000000690800000, 0x0000000691000000|  0%| F|  |TAMS 0x0000000690800000| PB 0x0000000690800000| Untracked 
| 875|0x0000000691000000, 0x0000000691000000, 0x0000000691800000|  0%| F|  |TAMS 0x0000000691000000| PB 0x0000000691000000| Untracked 
| 876|0x0000000691800000, 0x0000000691800000, 0x0000000692000000|  0%| F|  |TAMS 0x0000000691800000| PB 0x0000000691800000| Untracked 
| 877|0x0000000692000000, 0x0000000692000000, 0x0000000692800000|  0%| F|  |TAMS 0x0000000692000000| PB 0x0000000692000000| Untracked 
| 878|0x0000000692800000, 0x0000000692800000, 0x0000000693000000|  0%| F|  |TAMS 0x0000000692800000| PB 0x0000000692800000| Untracked 
| 879|0x0000000693000000, 0x0000000693000000, 0x0000000693800000|  0%| F|  |TAMS 0x0000000693000000| PB 0x0000000693000000| Untracked 
| 880|0x0000000693800000, 0x0000000693800000, 0x0000000694000000|  0%| F|  |TAMS 0x0000000693800000| PB 0x0000000693800000| Untracked 
| 881|0x0000000694000000, 0x0000000694000000, 0x0000000694800000|  0%| F|  |TAMS 0x0000000694000000| PB 0x0000000694000000| Untracked 
| 882|0x0000000694800000, 0x0000000694800000, 0x0000000695000000|  0%| F|  |TAMS 0x0000000694800000| PB 0x0000000694800000| Untracked 
| 883|0x0000000695000000, 0x0000000695000000, 0x0000000695800000|  0%| F|  |TAMS 0x0000000695000000| PB 0x0000000695000000| Untracked 
| 884|0x0000000695800000, 0x0000000695800000, 0x0000000696000000|  0%| F|  |TAMS 0x0000000695800000| PB 0x0000000695800000| Untracked 
| 885|0x0000000696000000, 0x0000000696000000, 0x0000000696800000|  0%| F|  |TAMS 0x0000000696000000| PB 0x0000000696000000| Untracked 
| 886|0x0000000696800000, 0x0000000696800000, 0x0000000697000000|  0%| F|  |TAMS 0x0000000696800000| PB 0x0000000696800000| Untracked 
| 887|0x0000000697000000, 0x0000000697000000, 0x0000000697800000|  0%| F|  |TAMS 0x0000000697000000| PB 0x0000000697000000| Untracked 
| 888|0x0000000697800000, 0x0000000697800000, 0x0000000698000000|  0%| F|  |TAMS 0x0000000697800000| PB 0x0000000697800000| Untracked 
| 889|0x0000000698000000, 0x0000000698000000, 0x0000000698800000|  0%| F|  |TAMS 0x0000000698000000| PB 0x0000000698000000| Untracked 
| 890|0x0000000698800000, 0x0000000698800000, 0x0000000699000000|  0%| F|  |TAMS 0x0000000698800000| PB 0x0000000698800000| Untracked 
| 891|0x0000000699000000, 0x0000000699000000, 0x0000000699800000|  0%| F|  |TAMS 0x0000000699000000| PB 0x0000000699000000| Untracked 
| 892|0x0000000699800000, 0x0000000699800000, 0x000000069a000000|  0%| F|  |TAMS 0x0000000699800000| PB 0x0000000699800000| Untracked 
| 893|0x000000069a000000, 0x000000069a000000, 0x000000069a800000|  0%| F|  |TAMS 0x000000069a000000| PB 0x000000069a000000| Untracked 
| 894|0x000000069a800000, 0x000000069a800000, 0x000000069b000000|  0%| F|  |TAMS 0x000000069a800000| PB 0x000000069a800000| Untracked 
| 895|0x000000069b000000, 0x000000069b000000, 0x000000069b800000|  0%| F|  |TAMS 0x000000069b000000| PB 0x000000069b000000| Untracked 
| 896|0x000000069b800000, 0x000000069b800000, 0x000000069c000000|  0%| F|  |TAMS 0x000000069b800000| PB 0x000000069b800000| Untracked 
| 897|0x000000069c000000, 0x000000069c000000, 0x000000069c800000|  0%| F|  |TAMS 0x000000069c000000| PB 0x000000069c000000| Untracked 
| 898|0x000000069c800000, 0x000000069c800000, 0x000000069d000000|  0%| F|  |TAMS 0x000000069c800000| PB 0x000000069c800000| Untracked 
| 899|0x000000069d000000, 0x000000069d000000, 0x000000069d800000|  0%| F|  |TAMS 0x000000069d000000| PB 0x000000069d000000| Untracked 
| 900|0x000000069d800000, 0x000000069d800000, 0x000000069e000000|  0%| F|  |TAMS 0x000000069d800000| PB 0x000000069d800000| Untracked 
| 901|0x000000069e000000, 0x000000069e000000, 0x000000069e800000|  0%| F|  |TAMS 0x000000069e000000| PB 0x000000069e000000| Untracked 
| 902|0x000000069e800000, 0x000000069e800000, 0x000000069f000000|  0%| F|  |TAMS 0x000000069e800000| PB 0x000000069e800000| Untracked 
| 903|0x000000069f000000, 0x000000069f000000, 0x000000069f800000|  0%| F|  |TAMS 0x000000069f000000| PB 0x000000069f000000| Untracked 
| 904|0x000000069f800000, 0x000000069f800000, 0x00000006a0000000|  0%| F|  |TAMS 0x000000069f800000| PB 0x000000069f800000| Untracked 
| 905|0x00000006a0000000, 0x00000006a0000000, 0x00000006a0800000|  0%| F|  |TAMS 0x00000006a0000000| PB 0x00000006a0000000| Untracked 
| 906|0x00000006a0800000, 0x00000006a0800000, 0x00000006a1000000|  0%| F|  |TAMS 0x00000006a0800000| PB 0x00000006a0800000| Untracked 
| 907|0x00000006a1000000, 0x00000006a1000000, 0x00000006a1800000|  0%| F|  |TAMS 0x00000006a1000000| PB 0x00000006a1000000| Untracked 
| 908|0x00000006a1800000, 0x00000006a1800000, 0x00000006a2000000|  0%| F|  |TAMS 0x00000006a1800000| PB 0x00000006a1800000| Untracked 
| 909|0x00000006a2000000, 0x00000006a2000000, 0x00000006a2800000|  0%| F|  |TAMS 0x00000006a2000000| PB 0x00000006a2000000| Untracked 
| 910|0x00000006a2800000, 0x00000006a2800000, 0x00000006a3000000|  0%| F|  |TAMS 0x00000006a2800000| PB 0x00000006a2800000| Untracked 
| 911|0x00000006a3000000, 0x00000006a3000000, 0x00000006a3800000|  0%| F|  |TAMS 0x00000006a3000000| PB 0x00000006a3000000| Untracked 
| 912|0x00000006a3800000, 0x00000006a3800000, 0x00000006a4000000|  0%| F|  |TAMS 0x00000006a3800000| PB 0x00000006a3800000| Untracked 
| 913|0x00000006a4000000, 0x00000006a4000000, 0x00000006a4800000|  0%| F|  |TAMS 0x00000006a4000000| PB 0x00000006a4000000| Untracked 
| 914|0x00000006a4800000, 0x00000006a4800000, 0x00000006a5000000|  0%| F|  |TAMS 0x00000006a4800000| PB 0x00000006a4800000| Untracked 
| 915|0x00000006a5000000, 0x00000006a5000000, 0x00000006a5800000|  0%| F|  |TAMS 0x00000006a5000000| PB 0x00000006a5000000| Untracked 
| 916|0x00000006a5800000, 0x00000006a5800000, 0x00000006a6000000|  0%| F|  |TAMS 0x00000006a5800000| PB 0x00000006a5800000| Untracked 
| 917|0x00000006a6000000, 0x00000006a6000000, 0x00000006a6800000|  0%| F|  |TAMS 0x00000006a6000000| PB 0x00000006a6000000| Untracked 
| 918|0x00000006a6800000, 0x00000006a6800000, 0x00000006a7000000|  0%| F|  |TAMS 0x00000006a6800000| PB 0x00000006a6800000| Untracked 
| 919|0x00000006a7000000, 0x00000006a7000000, 0x00000006a7800000|  0%| F|  |TAMS 0x00000006a7000000| PB 0x00000006a7000000| Untracked 
| 920|0x00000006a7800000, 0x00000006a7800000, 0x00000006a8000000|  0%| F|  |TAMS 0x00000006a7800000| PB 0x00000006a7800000| Untracked 
| 921|0x00000006a8000000, 0x00000006a8000000, 0x00000006a8800000|  0%| F|  |TAMS 0x00000006a8000000| PB 0x00000006a8000000| Untracked 
| 922|0x00000006a8800000, 0x00000006a8800000, 0x00000006a9000000|  0%| F|  |TAMS 0x00000006a8800000| PB 0x00000006a8800000| Untracked 
| 923|0x00000006a9000000, 0x00000006a9000000, 0x00000006a9800000|  0%| F|  |TAMS 0x00000006a9000000| PB 0x00000006a9000000| Untracked 
| 924|0x00000006a9800000, 0x00000006a9800000, 0x00000006aa000000|  0%| F|  |TAMS 0x00000006a9800000| PB 0x00000006a9800000| Untracked 
| 925|0x00000006aa000000, 0x00000006aa000000, 0x00000006aa800000|  0%| F|  |TAMS 0x00000006aa000000| PB 0x00000006aa000000| Untracked 
| 926|0x00000006aa800000, 0x00000006aa800000, 0x00000006ab000000|  0%| F|  |TAMS 0x00000006aa800000| PB 0x00000006aa800000| Untracked 
| 927|0x00000006ab000000, 0x00000006ab000000, 0x00000006ab800000|  0%| F|  |TAMS 0x00000006ab000000| PB 0x00000006ab000000| Untracked 
| 928|0x00000006ab800000, 0x00000006ab800000, 0x00000006ac000000|  0%| F|  |TAMS 0x00000006ab800000| PB 0x00000006ab800000| Untracked 
| 929|0x00000006ac000000, 0x00000006ac000000, 0x00000006ac800000|  0%| F|  |TAMS 0x00000006ac000000| PB 0x00000006ac000000| Untracked 
| 930|0x00000006ac800000, 0x00000006ac800000, 0x00000006ad000000|  0%| F|  |TAMS 0x00000006ac800000| PB 0x00000006ac800000| Untracked 
| 931|0x00000006ad000000, 0x00000006ad000000, 0x00000006ad800000|  0%| F|  |TAMS 0x00000006ad000000| PB 0x00000006ad000000| Untracked 
| 932|0x00000006ad800000, 0x00000006ad800000, 0x00000006ae000000|  0%| F|  |TAMS 0x00000006ad800000| PB 0x00000006ad800000| Untracked 
| 933|0x00000006ae000000, 0x00000006ae000000, 0x00000006ae800000|  0%| F|  |TAMS 0x00000006ae000000| PB 0x00000006ae000000| Untracked 
| 934|0x00000006ae800000, 0x00000006ae800000, 0x00000006af000000|  0%| F|  |TAMS 0x00000006ae800000| PB 0x00000006ae800000| Untracked 
| 935|0x00000006af000000, 0x00000006af000000, 0x00000006af800000|  0%| F|  |TAMS 0x00000006af000000| PB 0x00000006af000000| Untracked 
| 936|0x00000006af800000, 0x00000006af800000, 0x00000006b0000000|  0%| F|  |TAMS 0x00000006af800000| PB 0x00000006af800000| Untracked 
| 937|0x00000006b0000000, 0x00000006b0000000, 0x00000006b0800000|  0%| F|  |TAMS 0x00000006b0000000| PB 0x00000006b0000000| Untracked 
| 938|0x00000006b0800000, 0x00000006b0800000, 0x00000006b1000000|  0%| F|  |TAMS 0x00000006b0800000| PB 0x00000006b0800000| Untracked 
| 939|0x00000006b1000000, 0x00000006b1000000, 0x00000006b1800000|  0%| F|  |TAMS 0x00000006b1000000| PB 0x00000006b1000000| Untracked 
| 940|0x00000006b1800000, 0x00000006b1800000, 0x00000006b2000000|  0%| F|  |TAMS 0x00000006b1800000| PB 0x00000006b1800000| Untracked 
| 941|0x00000006b2000000, 0x00000006b2000000, 0x00000006b2800000|  0%| F|  |TAMS 0x00000006b2000000| PB 0x00000006b2000000| Untracked 
| 942|0x00000006b2800000, 0x00000006b2800000, 0x00000006b3000000|  0%| F|  |TAMS 0x00000006b2800000| PB 0x00000006b2800000| Untracked 
| 943|0x00000006b3000000, 0x00000006b3000000, 0x00000006b3800000|  0%| F|  |TAMS 0x00000006b3000000| PB 0x00000006b3000000| Untracked 
| 944|0x00000006b3800000, 0x00000006b3800000, 0x00000006b4000000|  0%| F|  |TAMS 0x00000006b3800000| PB 0x00000006b3800000| Untracked 
| 945|0x00000006b4000000, 0x00000006b4000000, 0x00000006b4800000|  0%| F|  |TAMS 0x00000006b4000000| PB 0x00000006b4000000| Untracked 
| 946|0x00000006b4800000, 0x00000006b4800000, 0x00000006b5000000|  0%| F|  |TAMS 0x00000006b4800000| PB 0x00000006b4800000| Untracked 
| 947|0x00000006b5000000, 0x00000006b5000000, 0x00000006b5800000|  0%| F|  |TAMS 0x00000006b5000000| PB 0x00000006b5000000| Untracked 
| 948|0x00000006b5800000, 0x00000006b5800000, 0x00000006b6000000|  0%| F|  |TAMS 0x00000006b5800000| PB 0x00000006b5800000| Untracked 
| 949|0x00000006b6000000, 0x00000006b6000000, 0x00000006b6800000|  0%| F|  |TAMS 0x00000006b6000000| PB 0x00000006b6000000| Untracked 
| 950|0x00000006b6800000, 0x00000006b6800000, 0x00000006b7000000|  0%| F|  |TAMS 0x00000006b6800000| PB 0x00000006b6800000| Untracked 
| 951|0x00000006b7000000, 0x00000006b7000000, 0x00000006b7800000|  0%| F|  |TAMS 0x00000006b7000000| PB 0x00000006b7000000| Untracked 
| 952|0x00000006b7800000, 0x00000006b7800000, 0x00000006b8000000|  0%| F|  |TAMS 0x00000006b7800000| PB 0x00000006b7800000| Untracked 
| 953|0x00000006b8000000, 0x00000006b8000000, 0x00000006b8800000|  0%| F|  |TAMS 0x00000006b8000000| PB 0x00000006b8000000| Untracked 
| 954|0x00000006b8800000, 0x00000006b8800000, 0x00000006b9000000|  0%| F|  |TAMS 0x00000006b8800000| PB 0x00000006b8800000| Untracked 
| 955|0x00000006b9000000, 0x00000006b9000000, 0x00000006b9800000|  0%| F|  |TAMS 0x00000006b9000000| PB 0x00000006b9000000| Untracked 
| 956|0x00000006b9800000, 0x00000006b9800000, 0x00000006ba000000|  0%| F|  |TAMS 0x00000006b9800000| PB 0x00000006b9800000| Untracked 
| 957|0x00000006ba000000, 0x00000006ba000000, 0x00000006ba800000|  0%| F|  |TAMS 0x00000006ba000000| PB 0x00000006ba000000| Untracked 
| 958|0x00000006ba800000, 0x00000006ba800000, 0x00000006bb000000|  0%| F|  |TAMS 0x00000006ba800000| PB 0x00000006ba800000| Untracked 
| 959|0x00000006bb000000, 0x00000006bb000000, 0x00000006bb800000|  0%| F|  |TAMS 0x00000006bb000000| PB 0x00000006bb000000| Untracked 
| 960|0x00000006bb800000, 0x00000006bb800000, 0x00000006bc000000|  0%| F|  |TAMS 0x00000006bb800000| PB 0x00000006bb800000| Untracked 
| 961|0x00000006bc000000, 0x00000006bc000000, 0x00000006bc800000|  0%| F|  |TAMS 0x00000006bc000000| PB 0x00000006bc000000| Untracked 
| 962|0x00000006bc800000, 0x00000006bc800000, 0x00000006bd000000|  0%| F|  |TAMS 0x00000006bc800000| PB 0x00000006bc800000| Untracked 
| 963|0x00000006bd000000, 0x00000006bd000000, 0x00000006bd800000|  0%| F|  |TAMS 0x00000006bd000000| PB 0x00000006bd000000| Untracked 
| 964|0x00000006bd800000, 0x00000006bd800000, 0x00000006be000000|  0%| F|  |TAMS 0x00000006bd800000| PB 0x00000006bd800000| Untracked 
| 965|0x00000006be000000, 0x00000006be000000, 0x00000006be800000|  0%| F|  |TAMS 0x00000006be000000| PB 0x00000006be000000| Untracked 
| 966|0x00000006be800000, 0x00000006be800000, 0x00000006bf000000|  0%| F|  |TAMS 0x00000006be800000| PB 0x00000006be800000| Untracked 
| 967|0x00000006bf000000, 0x00000006bf000000, 0x00000006bf800000|  0%| F|  |TAMS 0x00000006bf000000| PB 0x00000006bf000000| Untracked 
| 968|0x00000006bf800000, 0x00000006bf800000, 0x00000006c0000000|  0%| F|  |TAMS 0x00000006bf800000| PB 0x00000006bf800000| Untracked 
| 969|0x00000006c0000000, 0x00000006c0000000, 0x00000006c0800000|  0%| F|  |TAMS 0x00000006c0000000| PB 0x00000006c0000000| Untracked 
| 970|0x00000006c0800000, 0x00000006c0800000, 0x00000006c1000000|  0%| F|  |TAMS 0x00000006c0800000| PB 0x00000006c0800000| Untracked 
| 971|0x00000006c1000000, 0x00000006c1000000, 0x00000006c1800000|  0%| F|  |TAMS 0x00000006c1000000| PB 0x00000006c1000000| Untracked 
| 972|0x00000006c1800000, 0x00000006c1800000, 0x00000006c2000000|  0%| F|  |TAMS 0x00000006c1800000| PB 0x00000006c1800000| Untracked 
| 973|0x00000006c2000000, 0x00000006c2000000, 0x00000006c2800000|  0%| F|  |TAMS 0x00000006c2000000| PB 0x00000006c2000000| Untracked 
| 974|0x00000006c2800000, 0x00000006c2800000, 0x00000006c3000000|  0%| F|  |TAMS 0x00000006c2800000| PB 0x00000006c2800000| Untracked 
| 975|0x00000006c3000000, 0x00000006c3000000, 0x00000006c3800000|  0%| F|  |TAMS 0x00000006c3000000| PB 0x00000006c3000000| Untracked 
| 976|0x00000006c3800000, 0x00000006c3800000, 0x00000006c4000000|  0%| F|  |TAMS 0x00000006c3800000| PB 0x00000006c3800000| Untracked 
| 977|0x00000006c4000000, 0x00000006c4000000, 0x00000006c4800000|  0%| F|  |TAMS 0x00000006c4000000| PB 0x00000006c4000000| Untracked 
| 978|0x00000006c4800000, 0x00000006c4800000, 0x00000006c5000000|  0%| F|  |TAMS 0x00000006c4800000| PB 0x00000006c4800000| Untracked 
| 979|0x00000006c5000000, 0x00000006c5000000, 0x00000006c5800000|  0%| F|  |TAMS 0x00000006c5000000| PB 0x00000006c5000000| Untracked 
| 980|0x00000006c5800000, 0x00000006c5800000, 0x00000006c6000000|  0%| F|  |TAMS 0x00000006c5800000| PB 0x00000006c5800000| Untracked 
| 981|0x00000006c6000000, 0x00000006c6000000, 0x00000006c6800000|  0%| F|  |TAMS 0x00000006c6000000| PB 0x00000006c6000000| Untracked 
| 982|0x00000006c6800000, 0x00000006c6800000, 0x00000006c7000000|  0%| F|  |TAMS 0x00000006c6800000| PB 0x00000006c6800000| Untracked 
| 983|0x00000006c7000000, 0x00000006c7000000, 0x00000006c7800000|  0%| F|  |TAMS 0x00000006c7000000| PB 0x00000006c7000000| Untracked 
|1555|0x00000007e5000000, 0x00000007e5000000, 0x00000007e5800000|  0%| F|  |TAMS 0x00000007e5000000| PB 0x00000007e5000000| Untracked 
|1556|0x00000007e5800000, 0x00000007e5c00000, 0x00000007e6000000| 50%| E|  |TAMS 0x00000007e5800000| PB 0x00000007e5800000| Complete 
|1557|0x00000007e6000000, 0x00000007e6800000, 0x00000007e6800000|100%| E|CS|TAMS 0x00000007e6000000| PB 0x00000007e6000000| Complete 
|1558|0x00000007e6800000, 0x00000007e7000000, 0x00000007e7000000|100%| E|CS|TAMS 0x00000007e6800000| PB 0x00000007e6800000| Complete 
|1559|0x00000007e7000000, 0x00000007e7800000, 0x00000007e7800000|100%| E|CS|TAMS 0x00000007e7000000| PB 0x00000007e7000000| Complete 
|1560|0x00000007e7800000, 0x00000007e8000000, 0x00000007e8000000|100%| E|CS|TAMS 0x00000007e7800000| PB 0x00000007e7800000| Complete 
|1561|0x00000007e8000000, 0x00000007e8800000, 0x00000007e8800000|100%| E|CS|TAMS 0x00000007e8000000| PB 0x00000007e8000000| Complete 
|1562|0x00000007e8800000, 0x00000007e9000000, 0x00000007e9000000|100%| E|CS|TAMS 0x00000007e8800000| PB 0x00000007e8800000| Complete 
|1563|0x00000007e9000000, 0x00000007e9800000, 0x00000007e9800000|100%| E|CS|TAMS 0x00000007e9000000| PB 0x00000007e9000000| Complete 
|1564|0x00000007e9800000, 0x00000007ea000000, 0x00000007ea000000|100%| E|CS|TAMS 0x00000007e9800000| PB 0x00000007e9800000| Complete 
|1565|0x00000007ea000000, 0x00000007ea800000, 0x00000007ea800000|100%| E|CS|TAMS 0x00000007ea000000| PB 0x00000007ea000000| Complete 
|1566|0x00000007ea800000, 0x00000007eb000000, 0x00000007eb000000|100%| E|CS|TAMS 0x00000007ea800000| PB 0x00000007ea800000| Complete 
|1567|0x00000007eb000000, 0x00000007eb800000, 0x00000007eb800000|100%| E|CS|TAMS 0x00000007eb000000| PB 0x00000007eb000000| Complete 
|1568|0x00000007eb800000, 0x00000007ec000000, 0x00000007ec000000|100%| E|CS|TAMS 0x00000007eb800000| PB 0x00000007eb800000| Complete 
|1569|0x00000007ec000000, 0x00000007ec800000, 0x00000007ec800000|100%| E|CS|TAMS 0x00000007ec000000| PB 0x00000007ec000000| Complete 
|1570|0x00000007ec800000, 0x00000007ed000000, 0x00000007ed000000|100%| E|CS|TAMS 0x00000007ec800000| PB 0x00000007ec800000| Complete 
|1571|0x00000007ed000000, 0x00000007ed800000, 0x00000007ed800000|100%| E|CS|TAMS 0x00000007ed000000| PB 0x00000007ed000000| Complete 
|1572|0x00000007ed800000, 0x00000007ee000000, 0x00000007ee000000|100%| E|CS|TAMS 0x00000007ed800000| PB 0x00000007ed800000| Complete 
|1573|0x00000007ee000000, 0x00000007ee800000, 0x00000007ee800000|100%| E|CS|TAMS 0x00000007ee000000| PB 0x00000007ee000000| Complete 
|1574|0x00000007ee800000, 0x00000007ef000000, 0x00000007ef000000|100%| E|CS|TAMS 0x00000007ee800000| PB 0x00000007ee800000| Complete 
|1575|0x00000007ef000000, 0x00000007ef800000, 0x00000007ef800000|100%| E|CS|TAMS 0x00000007ef000000| PB 0x00000007ef000000| Complete 
|1576|0x00000007ef800000, 0x00000007f0000000, 0x00000007f0000000|100%| E|CS|TAMS 0x00000007ef800000| PB 0x00000007ef800000| Complete 
|1577|0x00000007f0000000, 0x00000007f0800000, 0x00000007f0800000|100%| E|CS|TAMS 0x00000007f0000000| PB 0x00000007f0000000| Complete 
|1578|0x00000007f0800000, 0x00000007f1000000, 0x00000007f1000000|100%| E|CS|TAMS 0x00000007f0800000| PB 0x00000007f0800000| Complete 
|1579|0x00000007f1000000, 0x00000007f1800000, 0x00000007f1800000|100%| E|CS|TAMS 0x00000007f1000000| PB 0x00000007f1000000| Complete 
|1580|0x00000007f1800000, 0x00000007f2000000, 0x00000007f2000000|100%| E|CS|TAMS 0x00000007f1800000| PB 0x00000007f1800000| Complete 
|1581|0x00000007f2000000, 0x00000007f2800000, 0x00000007f2800000|100%| E|CS|TAMS 0x00000007f2000000| PB 0x00000007f2000000| Complete 
|1582|0x00000007f2800000, 0x00000007f3000000, 0x00000007f3000000|100%| E|CS|TAMS 0x00000007f2800000| PB 0x00000007f2800000| Complete 
|1583|0x00000007f3000000, 0x00000007f3800000, 0x00000007f3800000|100%| E|CS|TAMS 0x00000007f3000000| PB 0x00000007f3000000| Complete 
|1584|0x00000007f3800000, 0x00000007f4000000, 0x00000007f4000000|100%| E|CS|TAMS 0x00000007f3800000| PB 0x00000007f3800000| Complete 
|1585|0x00000007f4000000, 0x00000007f4800000, 0x00000007f4800000|100%| E|CS|TAMS 0x00000007f4000000| PB 0x00000007f4000000| Complete 
|1586|0x00000007f4800000, 0x00000007f5000000, 0x00000007f5000000|100%| E|CS|TAMS 0x00000007f4800000| PB 0x00000007f4800000| Complete 
|1587|0x00000007f5000000, 0x00000007f5800000, 0x00000007f5800000|100%| E|CS|TAMS 0x00000007f5000000| PB 0x00000007f5000000| Complete 
|1588|0x00000007f5800000, 0x00000007f6000000, 0x00000007f6000000|100%| E|CS|TAMS 0x00000007f5800000| PB 0x00000007f5800000| Complete 
|1589|0x00000007f6000000, 0x00000007f6800000, 0x00000007f6800000|100%| E|CS|TAMS 0x00000007f6000000| PB 0x00000007f6000000| Complete 
|1590|0x00000007f6800000, 0x00000007f7000000, 0x00000007f7000000|100%| E|CS|TAMS 0x00000007f6800000| PB 0x00000007f6800000| Complete 
|1591|0x00000007f7000000, 0x00000007f7800000, 0x00000007f7800000|100%| E|CS|TAMS 0x00000007f7000000| PB 0x00000007f7000000| Complete 
|1592|0x00000007f7800000, 0x00000007f8000000, 0x00000007f8000000|100%| E|CS|TAMS 0x00000007f7800000| PB 0x00000007f7800000| Complete 
|1593|0x00000007f8000000, 0x00000007f8800000, 0x00000007f8800000|100%| E|CS|TAMS 0x00000007f8000000| PB 0x00000007f8000000| Complete 
|1594|0x00000007f8800000, 0x00000007f9000000, 0x00000007f9000000|100%| E|CS|TAMS 0x00000007f8800000| PB 0x00000007f8800000| Complete 
|1595|0x00000007f9000000, 0x00000007f9800000, 0x00000007f9800000|100%| E|CS|TAMS 0x00000007f9000000| PB 0x00000007f9000000| Complete 
|1596|0x00000007f9800000, 0x00000007fa000000, 0x00000007fa000000|100%| E|CS|TAMS 0x00000007f9800000| PB 0x00000007f9800000| Complete 
|1597|0x00000007fa000000, 0x00000007fa800000, 0x00000007fa800000|100%| E|CS|TAMS 0x00000007fa000000| PB 0x00000007fa000000| Complete 
|1598|0x00000007fa800000, 0x00000007fb000000, 0x00000007fb000000|100%| E|CS|TAMS 0x00000007fa800000| PB 0x00000007fa800000| Complete 
|1599|0x00000007fb000000, 0x00000007fb800000, 0x00000007fb800000|100%| E|CS|TAMS 0x00000007fb000000| PB 0x00000007fb000000| Complete 
|1600|0x00000007fb800000, 0x00000007fc000000, 0x00000007fc000000|100%| E|CS|TAMS 0x00000007fb800000| PB 0x00000007fb800000| Complete 
|1601|0x00000007fc000000, 0x00000007fc800000, 0x00000007fc800000|100%| E|CS|TAMS 0x00000007fc000000| PB 0x00000007fc000000| Complete 
|1602|0x00000007fc800000, 0x00000007fd000000, 0x00000007fd000000|100%| E|CS|TAMS 0x00000007fc800000| PB 0x00000007fc800000| Complete 
|1603|0x00000007fd000000, 0x00000007fd800000, 0x00000007fd800000|100%| E|CS|TAMS 0x00000007fd000000| PB 0x00000007fd000000| Complete 
|1604|0x00000007fd800000, 0x00000007fe000000, 0x00000007fe000000|100%| E|CS|TAMS 0x00000007fd800000| PB 0x00000007fd800000| Complete 
|1605|0x00000007fe000000, 0x00000007fe800000, 0x00000007fe800000|100%| E|CS|TAMS 0x00000007fe000000| PB 0x00000007fe000000| Complete 
|1606|0x00000007fe800000, 0x00000007ff000000, 0x00000007ff000000|100%| E|CS|TAMS 0x00000007fe800000| PB 0x00000007fe800000| Complete 
|1607|0x00000007ff000000, 0x00000007ff800000, 0x00000007ff800000|100%| E|CS|TAMS 0x00000007ff000000| PB 0x00000007ff000000| Complete 
|1608|0x00000007ff800000, 0x0000000800000000, 0x0000000800000000|100%| E|CS|TAMS 0x00000007ff800000| PB 0x00000007ff800000| Complete 

Card table byte_map: [0x0000018a6e910000,0x0000018a70240000] _byte_map_base: 0x0000018a6c234000

Marking Bits: (CMBitMap*) 0x0000018a7cb92e90
 Bits: [0x0000018a70240000, 0x0000018a7cb60000)

Polling page: 0x0000018a57980000

Metaspace:

Usage:
  Non-class:    311.41 MB used.
      Class:     60.40 MB used.
       Both:    371.81 MB used.

Virtual space:
  Non-class space:      320.00 MB reserved,     314.25 MB ( 98%) committed,  5 nodes.
      Class space:        1.00 GB reserved,      62.94 MB (  6%) committed,  1 nodes.
             Both:        1.31 GB reserved,     377.19 MB ( 28%) committed. 

Chunk freelists:
   Non-Class:  5.73 MB
       Class:  929.00 KB
        Both:  6.64 MB

MaxMetaspaceSize: unlimited
CompressedClassSpaceSize: 1.00 GB
Initial GC threshold: 21.00 MB
Current GC threshold: 618.38 MB
CDS: off
 - commit_granule_bytes: 65536.
 - commit_granule_words: 8192.
 - virtual_space_node_default_size: 8388608.
 - enlarge_chunks_in_place: 1.
 - use_allocation_guard: 0.


Internal statistics:

num_allocs_failed_limit: 95.
num_arena_births: 13056.
num_arena_deaths: 3132.
num_vsnodes_births: 6.
num_vsnodes_deaths: 0.
num_space_committed: 6036.
num_space_uncommitted: 7.
num_chunks_returned_to_freelist: 4095.
num_chunks_taken_from_freelist: 36470.
num_chunk_merges: 1412.
num_chunk_splits: 20060.
num_chunks_enlarged: 10679.
num_inconsistent_stats: 0.

CodeHeap 'non-profiled nmethods': size=119168Kb used=79250Kb max_used=87613Kb free=39917Kb
 bounds [0x0000018a65300000, 0x0000018a6a900000, 0x0000018a6c760000]
CodeHeap 'profiled nmethods': size=119104Kb used=28413Kb max_used=55505Kb free=90690Kb
 bounds [0x0000018a5d760000, 0x0000018a60ea0000, 0x0000018a64bb0000]
CodeHeap 'non-nmethods': size=7488Kb used=5955Kb max_used=7214Kb free=1532Kb
 bounds [0x0000018a64bb0000, 0x0000018a652f0000, 0x0000018a65300000]
 total_blobs=31418 nmethods=27754 adapters=3552
 compilation: enabled
              stopped_count=0, restarted_count=0
 full_count=0

Compilation events (20 events):
Event: 88217.565 Thread 0x0000018a527a14e0 nmethod 557499 0x0000018a68779110 code [0x0000018a687792a0, 0x0000018a68779388]
Event: 88217.565 Thread 0x0000018a527a1bb0 nmethod 557500 0x0000018a68778e10 code [0x0000018a68778fa0, 0x0000018a68779050]
Event: 88217.565 Thread 0x0000018a527a1bb0 557502       4       io.github.douira.glsl_transformer.ast.print.ASTPrinter::visitBuiltinNumericTypeSpecifier (6 bytes)
Event: 88217.565 Thread 0x0000018ad4452960 nmethod 557501 0x0000018a5fe2b910 code [0x0000018a5fe2bac0, 0x0000018a5fe2be60]
Event: 88217.566 Thread 0x0000018ad4452960 557503       3       io.github.douira.glsl_transformer.ast.node.statement.selection.SelectionStatement::enterNode (13 bytes)
Event: 88217.566 Thread 0x0000018a7fc9fe70 557504       3       io.github.douira.glsl_transformer.ast.traversal.ASTListener::enterSelectionStatement (1 bytes)
Event: 88217.566 Thread 0x0000018a7fc9fe70 nmethod 557504 0x0000018a5eba6e10 code [0x0000018a5eba6fa0, 0x0000018a5eba70a8]
Event: 88217.566 Thread 0x0000018ad4452960 nmethod 557503 0x0000018a5fe2b090 code [0x0000018a5fe2b260, 0x0000018a5fe2b730]
Event: 88217.566 Thread 0x0000018a527a14e0 557510       4       com.google.gson.stream.JsonReader::beginArray (82 bytes)
Event: 88217.566 Thread 0x0000018a7fc9fe70 557505       3       io.github.douira.glsl_transformer.ast.print.ASTPrinter::visitSelectionStatement (6 bytes)
Event: 88217.566 Thread 0x0000018ad4452960 557506       3       io.github.douira.glsl_transformer.ast.print.ASTPrinter::visitSelectionStatement (81 bytes)
Event: 88217.566 Thread 0x0000018a7fc9fe70 nmethod 557505 0x0000018a5fe2ac90 code [0x0000018a5fe2ae40, 0x0000018a5fe2af98]
Event: 88217.566 Thread 0x0000018a7fc9fe70 557507       3       io.github.douira.glsl_transformer.ast.node.statement.selection.SelectionStatement::hasIfFalse (13 bytes)
Event: 88217.567 Thread 0x0000018a7fc9fe70 nmethod 557507 0x0000018a5fe2a910 code [0x0000018a5fe2aaa0, 0x0000018a5fe2ac08]
Event: 88217.567 Thread 0x0000018ad4452960 nmethod 557506 0x0000018a5fe28e10 code [0x0000018a5fe29100, 0x0000018a5fe2a4d8]
Event: 88217.567 Thread 0x0000018a7fc9fe70 557508       3       io.github.douira.glsl_transformer.ast.node.statement.selection.SelectionStatement::exitNode (13 bytes)
Event: 88217.567 Thread 0x0000018ad4452960 557509       3       io.github.douira.glsl_transformer.ast.traversal.ASTListener::exitSelectionStatement (1 bytes)
Event: 88217.567 Thread 0x0000018ad4452960 nmethod 557509 0x0000018a5fe28b10 code [0x0000018a5fe28ca0, 0x0000018a5fe28da8]
Event: 88217.567 Thread 0x0000018a7fc9fe70 nmethod 557508 0x0000018a5fe28290 code [0x0000018a5fe28460, 0x0000018a5fe28970]
Event: 88217.567 Thread 0x0000018a527a14e0 nmethod 557510 0x0000018a68778910 code [0x0000018a68778aa0, 0x0000018a68778c40]

GC Heap History (20 events):
Event: 88133.370 GC heap before
{Heap before GC invocations=9198 (full 0):
 garbage-first heap   total 8503296K, used 7738278K [0x00000004db800000, 0x0000000800000000)
  region size 8192K, 479 young (3923968K), 39 survivors (319488K)
 Metaspace       used 374158K, committed 379776K, reserved 1376256K
  class space    used 60723K, committed 63360K, reserved 1048576K
}
Event: 88133.432 GC heap after
{Heap after GC invocations=9199 (full 0):
 garbage-first heap   total 8503296K, used 4146392K [0x00000004db800000, 0x0000000800000000)
  region size 8192K, 33 young (270336K), 33 survivors (270336K)
 Metaspace       used 374158K, committed 379776K, reserved 1376256K
  class space    used 60723K, committed 63360K, reserved 1048576K
}
Event: 88143.286 GC heap before
{Heap before GC invocations=9199 (full 0):
 garbage-first heap   total 8503296K, used 7791832K [0x00000004db800000, 0x0000000800000000)
  region size 8192K, 478 young (3915776K), 33 survivors (270336K)
 Metaspace       used 374158K, committed 379776K, reserved 1376256K
  class space    used 60723K, committed 63360K, reserved 1048576K
}
Event: 88143.394 GC heap after
{Heap after GC invocations=9200 (full 0):
 garbage-first heap   total 8503296K, used 4055664K [0x00000004db800000, 0x0000000800000000)
  region size 8192K, 32 young (262144K), 32 survivors (262144K)
 Metaspace       used 374158K, committed 379776K, reserved 1376256K
  class space    used 60723K, committed 63360K, reserved 1048576K
}
Event: 88151.161 GC heap before
{Heap before GC invocations=9200 (full 0):
 garbage-first heap   total 8503296K, used 7799408K [0x00000004db800000, 0x0000000800000000)
  region size 8192K, 489 young (4005888K), 32 survivors (262144K)
 Metaspace       used 374158K, committed 379776K, reserved 1376256K
  class space    used 60723K, committed 63360K, reserved 1048576K
}
Event: 88151.213 GC heap after
{Heap after GC invocations=9201 (full 0):
 garbage-first heap   total 8503296K, used 4055664K [0x00000004db800000, 0x0000000800000000)
  region size 8192K, 32 young (262144K), 32 survivors (262144K)
 Metaspace       used 374158K, committed 379776K, reserved 1376256K
  class space    used 60723K, committed 63360K, reserved 1048576K
}
Event: 88158.357 GC heap before
{Heap before GC invocations=9202 (full 0):
 garbage-first heap   total 8503296K, used 7799408K [0x00000004db800000, 0x0000000800000000)
  region size 8192K, 489 young (4005888K), 32 survivors (262144K)
 Metaspace       used 374158K, committed 379776K, reserved 1376256K
  class space    used 60723K, committed 63360K, reserved 1048576K
}
Event: 88158.407 GC heap after
{Heap after GC invocations=9203 (full 0):
 garbage-first heap   total 8503296K, used 4082288K [0x00000004db800000, 0x0000000800000000)
  region size 8192K, 36 young (294912K), 36 survivors (294912K)
 Metaspace       used 374158K, committed 379776K, reserved 1376256K
  class space    used 60723K, committed 63360K, reserved 1048576K
}
Event: 88167.736 GC heap before
{Heap before GC invocations=9203 (full 0):
 garbage-first heap   total 8503296K, used 7752304K [0x00000004db800000, 0x0000000800000000)
  region size 8192K, 485 young (3973120K), 36 survivors (294912K)
 Metaspace       used 374158K, committed 379776K, reserved 1376256K
  class space    used 60723K, committed 63360K, reserved 1048576K
}
Event: 88167.840 GC heap after
{Heap after GC invocations=9204 (full 0):
 garbage-first heap   total 8503296K, used 4011829K [0x00000004db800000, 0x0000000800000000)
  region size 8192K, 31 young (253952K), 31 survivors (253952K)
 Metaspace       used 374158K, committed 379776K, reserved 1376256K
  class space    used 60723K, committed 63360K, reserved 1048576K
}
Event: 88175.529 GC heap before
{Heap before GC invocations=9204 (full 0):
 garbage-first heap   total 8503296K, used 7804725K [0x00000004db800000, 0x0000000800000000)
  region size 8192K, 495 young (4055040K), 31 survivors (253952K)
 Metaspace       used 374159K, committed 379776K, reserved 1376256K
  class space    used 60723K, committed 63360K, reserved 1048576K
}
Event: 88175.592 GC heap after
{Heap after GC invocations=9205 (full 0):
 garbage-first heap   total 8503296K, used 4015440K [0x00000004db800000, 0x0000000800000000)
  region size 8192K, 32 young (262144K), 32 survivors (262144K)
 Metaspace       used 374159K, committed 379776K, reserved 1376256K
  class space    used 60723K, committed 63360K, reserved 1048576K
}
Event: 88182.507 GC heap before
{Heap before GC invocations=9206 (full 0):
 garbage-first heap   total 8503296K, used 7791952K [0x00000004db800000, 0x0000000800000000)
  region size 8192K, 494 young (4046848K), 32 survivors (262144K)
 Metaspace       used 374159K, committed 379776K, reserved 1376256K
  class space    used 60723K, committed 63360K, reserved 1048576K
}
Event: 88182.546 GC heap after
{Heap after GC invocations=9207 (full 0):
 garbage-first heap   total 8503296K, used 4020021K [0x00000004db800000, 0x0000000800000000)
  region size 8192K, 32 young (262144K), 32 survivors (262144K)
 Metaspace       used 374159K, committed 379776K, reserved 1376256K
  class space    used 60723K, committed 63360K, reserved 1048576K
}
Event: 88190.173 GC heap before
{Heap before GC invocations=9207 (full 0):
 garbage-first heap   total 8503296K, used 7796533K [0x00000004db800000, 0x0000000800000000)
  region size 8192K, 494 young (4046848K), 32 survivors (262144K)
 Metaspace       used 374160K, committed 379776K, reserved 1376256K
  class space    used 60723K, committed 63360K, reserved 1048576K
}
Event: 88190.338 GC heap after
{Heap after GC invocations=9208 (full 0):
 garbage-first heap   total 8503296K, used 3975470K [0x00000004db800000, 0x0000000800000000)
  region size 8192K, 27 young (221184K), 27 survivors (221184K)
 Metaspace       used 374160K, committed 379776K, reserved 1376256K
  class space    used 60723K, committed 63360K, reserved 1048576K
}
Event: 88199.963 GC heap before
{Heap before GC invocations=9208 (full 0):
 garbage-first heap   total 8503296K, used 7842094K [0x00000004db800000, 0x0000000800000000)
  region size 8192K, 499 young (4087808K), 27 survivors (221184K)
 Metaspace       used 374162K, committed 379776K, reserved 1376256K
  class space    used 60723K, committed 63360K, reserved 1048576K
}
Event: 88200.033 GC heap after
{Heap after GC invocations=9209 (full 0):
 garbage-first heap   total 8503296K, used 3983158K [0x00000004db800000, 0x0000000800000000)
  region size 8192K, 25 young (204800K), 25 survivors (204800K)
 Metaspace       used 374162K, committed 379776K, reserved 1376256K
  class space    used 60723K, committed 63360K, reserved 1048576K
}
Event: 88212.853 GC heap before
{Heap before GC invocations=9210 (full 0):
 garbage-first heap   total 8503296K, used 7857974K [0x00000004db800000, 0x0000000800000000)
  region size 8192K, 498 young (4079616K), 25 survivors (204800K)
 Metaspace       used 380224K, committed 385664K, reserved 1376256K
  class space    used 61778K, committed 64384K, reserved 1048576K
}
Event: 88213.025 GC heap after
{Heap after GC invocations=9211 (full 0):
 garbage-first heap   total 8503296K, used 4016686K [0x00000004db800000, 0x0000000800000000)
  region size 8192K, 27 young (221184K), 27 survivors (221184K)
 Metaspace       used 380224K, committed 385664K, reserved 1376256K
  class space    used 61778K, committed 64384K, reserved 1048576K
}

Dll operation events (17 events):
Event: 0.005 Loaded shared library C:\Users\Alireza\AppData\Roaming\PrismLauncher\java\java-runtime-delta\bin\java.dll
Event: 0.009 Loaded shared library C:\Users\Alireza\AppData\Roaming\PrismLauncher\java\java-runtime-delta\bin\zip.dll
Event: 0.041 Loaded shared library C:\Users\Alireza\AppData\Roaming\PrismLauncher\java\java-runtime-delta\bin\jsvml.dll
Event: 0.104 Loaded shared library C:\Users\Alireza\AppData\Roaming\PrismLauncher\java\java-runtime-delta\bin\net.dll
Event: 0.105 Loaded shared library C:\Users\Alireza\AppData\Roaming\PrismLauncher\java\java-runtime-delta\bin\nio.dll
Event: 0.109 Loaded shared library C:\Users\Alireza\AppData\Roaming\PrismLauncher\java\java-runtime-delta\bin\zip.dll
Event: 0.177 Loaded shared library C:\Users\Alireza\AppData\Roaming\PrismLauncher\java\java-runtime-delta\bin\jimage.dll
Event: 0.796 Loaded shared library C:\Users\Alireza\AppData\Roaming\PrismLauncher\java\java-runtime-delta\bin\verify.dll
Event: 1.763 Loaded shared library C:\Users\Alireza\AppData\Roaming\PrismLauncher\java\java-runtime-delta\bin\management.dll
Event: 1.766 Loaded shared library C:\Users\Alireza\AppData\Roaming\PrismLauncher\java\java-runtime-delta\bin\management_ext.dll
Event: 2.728 Loaded shared library C:\Users\Alireza\AppData\Local\Temp\lwjgl_Alireza\3.3.3+5\x64\lwjgl.dll
Event: 2.973 Loaded shared library C:\Users\Alireza\AppData\Local\Temp\lwjgl_Alireza\3.3.3+5\x64\lwjgl_stb.dll
Event: 3.030 Loaded shared library C:\Users\Alireza\AppData\Local\Temp\lwjgl_Alireza\3.3.3+5\x64\lwjgl_opengl.dll
Event: 6.642 Loaded shared library C:\Users\Alireza\AppData\Local\Temp\jna-750612248\jna8392735428836776594.dll
Event: 15.008 Loaded shared library C:\Users\Alireza\AppData\Roaming\PrismLauncher\java\java-runtime-delta\bin\sunmscapi.dll
Event: 15.296 Loaded shared library C:\Users\Alireza\AppData\Roaming\PrismLauncher\java\java-runtime-delta\bin\extnet.dll
Event: 40.400 Loaded shared library C:\Users\Alireza\AppData\Roaming\PrismLauncher\java\java-runtime-delta\bin\awt.dll

Deoptimization events (20 events):
Event: 88217.241 Thread 0x0000018a59ba2df0 Uncommon trap: trap_request=0xffffffde fr.pc=0x0000018a69655fc4 relative=0x0000000000000404
Event: 88217.241 Thread 0x0000018a59ba2df0 Uncommon trap: reason=class_check action=maybe_recompile pc=0x0000018a69655fc4 method=io.github.douira.glsl_transformer.ast.query.Root.unregisterNode(Lio/github/douira/glsl_transformer/ast/node/abstract_node/ASTNode;Z)V @ 57 c2
Event: 88217.241 Thread 0x0000018a59ba2df0 DEOPT PACKING pc=0x0000018a69655fc4 sp=0x0000007abf4fba80
Event: 88217.241 Thread 0x0000018a59ba2df0 DEOPT UNPACKING pc=0x0000018a64c046a2 sp=0x0000007abf4fba20 mode 2
Event: 88217.241 Thread 0x0000018a59ba2df0 Uncommon trap: trap_request=0xfffffff4 fr.pc=0x0000018a695aeed8 relative=0x0000000000000898
Event: 88217.241 Thread 0x0000018a59ba2df0 Uncommon trap: reason=null_check action=make_not_entrant pc=0x0000018a695aeed8 method=io.github.douira.glsl_transformer.ast.node.declaration.DeclarationMember.<init>(Lio/github/douira/glsl_transformer/ast/node/Identifier;Lio/github/douira/glsl_transformer
Event: 88217.241 Thread 0x0000018a59ba2df0 DEOPT PACKING pc=0x0000018a695aeed8 sp=0x0000007abf4fb060
Event: 88217.241 Thread 0x0000018a59ba2df0 DEOPT UNPACKING pc=0x0000018a64c046a2 sp=0x0000007abf4fb028 mode 2
Event: 88217.246 Thread 0x0000018a59ba2df0 Uncommon trap: trap_request=0xffffffde fr.pc=0x0000018a69655fc4 relative=0x0000000000000404
Event: 88217.246 Thread 0x0000018a59ba2df0 Uncommon trap: reason=class_check action=maybe_recompile pc=0x0000018a69655fc4 method=io.github.douira.glsl_transformer.ast.query.Root.unregisterNode(Lio/github/douira/glsl_transformer/ast/node/abstract_node/ASTNode;Z)V @ 57 c2
Event: 88217.246 Thread 0x0000018a59ba2df0 DEOPT PACKING pc=0x0000018a69655fc4 sp=0x0000007abf4fba80
Event: 88217.246 Thread 0x0000018a59ba2df0 DEOPT UNPACKING pc=0x0000018a64c046a2 sp=0x0000007abf4fba20 mode 2
Event: 88217.247 Thread 0x0000018a59ba2df0 Uncommon trap: trap_request=0xffffffde fr.pc=0x0000018a67668234 relative=0x0000000000000094
Event: 88217.247 Thread 0x0000018a59ba2df0 Uncommon trap: reason=class_check action=maybe_recompile pc=0x0000018a67668234 method=java.lang.invoke.Invokers$Holder.linkToTargetMethod(Ljava/lang/Object;Ljava/lang/Object;Ljava/lang/Object;Ljava/lang/Object;Ljava/lang/Object;Ljava/lang/Object;Ljava/lan
Event: 88217.247 Thread 0x0000018a59ba2df0 DEOPT PACKING pc=0x0000018a67668234 sp=0x0000007abf4fbcb0
Event: 88217.247 Thread 0x0000018a59ba2df0 DEOPT UNPACKING pc=0x0000018a64c046a2 sp=0x0000007abf4fbc38 mode 2
Event: 88217.561 Thread 0x0000018a59ba2df0 Uncommon trap: trap_request=0xffffffde fr.pc=0x0000018a67668234 relative=0x0000000000000094
Event: 88217.561 Thread 0x0000018a59ba2df0 Uncommon trap: reason=class_check action=maybe_recompile pc=0x0000018a67668234 method=java.lang.invoke.Invokers$Holder.linkToTargetMethod(Ljava/lang/Object;Ljava/lang/Object;Ljava/lang/Object;Ljava/lang/Object;Ljava/lang/Object;Ljava/lang/Object;Ljava/lan
Event: 88217.561 Thread 0x0000018a59ba2df0 DEOPT PACKING pc=0x0000018a67668234 sp=0x0000007abf4fbcb0
Event: 88217.561 Thread 0x0000018a59ba2df0 DEOPT UNPACKING pc=0x0000018a64c046a2 sp=0x0000007abf4fbc38 mode 2

Classes loaded (20 events):
Event: 79069.379 Loading class sun/net/www/protocol/http/AuthCacheValue done
Event: 79069.379 Loading class sun/net/www/protocol/http/AuthenticationInfo done
Event: 88208.356 Loading class java/util/regex/Pattern$Caret
Event: 88208.358 Loading class java/util/regex/Pattern$Caret done
Event: 88208.411 Loading class java/lang/CharacterDataUndefined
Event: 88208.413 Loading class java/lang/CharacterDataUndefined done
Event: 88208.429 Loading class java/util/regex/Pattern$LineEnding
Event: 88208.430 Loading class java/util/regex/Pattern$LineEnding done
Event: 88208.833 Loading class java/util/Collections$EmptyListIterator
Event: 88208.834 Loading class java/util/Collections$EmptyListIterator done
Event: 88209.675 Loading class java/util/concurrent/CompletableFuture$Canceller
Event: 88209.678 Loading class java/util/concurrent/CompletableFuture$Canceller done
Event: 88209.678 Loading class java/util/concurrent/CompletableFuture$DelayedCompleter
Event: 88209.681 Loading class java/util/concurrent/CompletableFuture$DelayedCompleter done
Event: 88209.681 Loading class java/util/concurrent/CompletableFuture$Delayer
Event: 88209.684 Loading class java/util/concurrent/CompletableFuture$Delayer done
Event: 88209.684 Loading class java/util/concurrent/CompletableFuture$Delayer$DaemonThreadFactory
Event: 88209.684 Loading class java/util/concurrent/CompletableFuture$Delayer$DaemonThreadFactory done
Event: 88210.545 Loading class java/util/JumboEnumSet
Event: 88210.546 Loading class java/util/JumboEnumSet done

Classes unloaded (20 events):
Event: 87876.999 Thread 0x0000018a7fbea040 Unloading class 0x0000000803dd4c00 'java/lang/invoke/LambdaForm$MH+0x0000000803dd4c00'
Event: 87876.999 Thread 0x0000018a7fbea040 Unloading class 0x0000000803d83000 'java/lang/invoke/LambdaForm$MH+0x0000000803d83000'
Event: 87877.000 Thread 0x0000018a7fbea040 Unloading class 0x0000000803d82c00 'java/lang/invoke/LambdaForm$MH+0x0000000803d82c00'
Event: 87877.000 Thread 0x0000018a7fbea040 Unloading class 0x0000000803d82800 'java/lang/invoke/LambdaForm$MH+0x0000000803d82800'
Event: 87877.000 Thread 0x0000018a7fbea040 Unloading class 0x0000000803d82400 'java/lang/invoke/LambdaForm$MH+0x0000000803d82400'
Event: 87877.000 Thread 0x0000018a7fbea040 Unloading class 0x0000000803d82000 'java/lang/invoke/LambdaForm$MH+0x0000000803d82000'
Event: 87877.000 Thread 0x0000018a7fbea040 Unloading class 0x0000000803d81c00 'java/lang/invoke/LambdaForm$MH+0x0000000803d81c00'
Event: 87877.000 Thread 0x0000018a7fbea040 Unloading class 0x0000000803d81800 'java/lang/invoke/LambdaForm$MH+0x0000000803d81800'
Event: 87877.000 Thread 0x0000018a7fbea040 Unloading class 0x0000000803d81400 'java/lang/invoke/LambdaForm$MH+0x0000000803d81400'
Event: 87877.000 Thread 0x0000018a7fbea040 Unloading class 0x0000000803d81000 'java/lang/invoke/LambdaForm$MH+0x0000000803d81000'
Event: 87877.000 Thread 0x0000018a7fbea040 Unloading class 0x0000000803d80c00 'java/lang/invoke/LambdaForm$MH+0x0000000803d80c00'
Event: 87877.000 Thread 0x0000018a7fbea040 Unloading class 0x0000000803d80800 'java/lang/invoke/LambdaForm$MH+0x0000000803d80800'
Event: 87877.000 Thread 0x0000018a7fbea040 Unloading class 0x0000000803d80400 'java/lang/invoke/LambdaForm$MH+0x0000000803d80400'
Event: 87877.000 Thread 0x0000018a7fbea040 Unloading class 0x0000000803d80000 'java/lang/invoke/LambdaForm$MH+0x0000000803d80000'
Event: 87877.000 Thread 0x0000018a7fbea040 Unloading class 0x0000000803d79c00 'java/lang/invoke/LambdaForm$MH+0x0000000803d79c00'
Event: 87877.000 Thread 0x0000018a7fbea040 Unloading class 0x0000000803d79800 'java/lang/invoke/LambdaForm$MH+0x0000000803d79800'
Event: 87877.000 Thread 0x0000018a7fbea040 Unloading class 0x0000000803d79400 'java/lang/invoke/LambdaForm$MH+0x0000000803d79400'
Event: 87877.000 Thread 0x0000018a7fbea040 Unloading class 0x0000000803d79000 'java/lang/invoke/LambdaForm$MH+0x0000000803d79000'
Event: 87877.000 Thread 0x0000018a7fbea040 Unloading class 0x0000000803d78c00 'java/lang/invoke/LambdaForm$MH+0x0000000803d78c00'
Event: 87877.000 Thread 0x0000018a7fbea040 Unloading class 0x0000000803d78800 'java/lang/invoke/LambdaForm$MH+0x0000000803d78800'

Classes redefined (0 events):
No events

Internal exceptions (20 events):
Event: 88206.137 Thread 0x0000018a36d69c30 Exception <a 'sun/nio/fs/WindowsException'{0x0000000663055ef8}> (0x0000000663055ef8) 
thrown [s\src\hotspot\share\prims\jni.cpp, line 520]
Event: 88206.137 Thread 0x0000018a36d69c30 Exception <a 'sun/nio/fs/WindowsException'{0x00000006630563a0}> (0x00000006630563a0) 
thrown [s\src\hotspot\share\prims\jni.cpp, line 520]
Event: 88208.158 Thread 0x0000018a59ba2df0 Exception <a 'sun/nio/fs/WindowsException'{0x0000000636695aa8}> (0x0000000636695aa8) 
thrown [s\src\hotspot\share\prims\jni.cpp, line 520]
Event: 88208.735 Thread 0x0000018a59ba2df0 Exception <a 'java/lang/IncompatibleClassChangeError'{0x000000062fcd4510}: Found class java.lang.Object, but interface was expected> (0x000000062fcd4510) 
thrown [s\src\hotspot\share\interpreter\linkResolver.cpp, line 840]
Event: 88208.739 Thread 0x0000018a59ba2df0 Exception <a 'java/lang/IncompatibleClassChangeError'{0x000000062fd14c30}: Found class java.lang.Object, but interface was expected> (0x000000062fd14c30) 
thrown [s\src\hotspot\share\interpreter\linkResolver.cpp, line 840]
Event: 88208.749 Thread 0x0000018a59ba2df0 Exception <a 'java/lang/IncompatibleClassChangeError'{0x000000062fd7ebb8}: Found class java.lang.Object, but interface was expected> (0x000000062fd7ebb8) 
thrown [s\src\hotspot\share\interpreter\linkResolver.cpp, line 840]
Event: 88209.563 Thread 0x0000018a59ba2df0 Exception <a 'java/lang/NoSuchMethodError'{0x000000060b381620}: 'void java.lang.invoke.DirectMethodHandle$Holder.invokeSpecial(java.lang.Object, java.lang.Object, float)'> (0x000000060b381620) 
thrown [s\src\hotspot\share\interpreter\linkResolver.cpp, line 773]
Event: 88209.703 Thread 0x0000018a59ba2df0 Exception <a 'sun/nio/fs/WindowsException'{0x0000000609c28c08}> (0x0000000609c28c08) 
thrown [s\src\hotspot\share\prims\jni.cpp, line 520]
Event: 88209.735 Thread 0x0000018a59ba2df0 Implicit null exception at 0x0000018a65f33bdc to 0x0000018a65f34bdc
Event: 88209.927 Thread 0x0000018a59ba2df0 Exception <a 'java/lang/NoSuchMethodError'{0x0000000609edfa30}: 'float java.lang.invoke.DirectMethodHandle$Holder.invokeStatic(java.lang.Object)'> (0x0000000609edfa30) 
thrown [s\src\hotspot\share\interpreter\linkResolver.cpp, line 773]
Event: 88210.029 Thread 0x0000018a59ba2df0 Exception <a 'java/lang/NoSuchMethodError'{0x00000006072207f8}: 'float java.lang.invoke.DirectMethodHandle$Holder.invokeStaticInit(java.lang.Object, float, float)'> (0x00000006072207f8) 
thrown [s\src\hotspot\share\interpreter\linkResolver.cpp, line 773]
Event: 88210.036 Thread 0x0000018a59ba2df0 Exception <a 'java/lang/NoSuchMethodError'{0x0000000607276128}: 'int java.lang.invoke.DirectMethodHandle$Holder.invokeStaticInit(java.lang.Object, float, float)'> (0x0000000607276128) 
thrown [s\src\hotspot\share\interpreter\linkResolver.cpp, line 773]
Event: 88210.049 Thread 0x0000018a59ba2df0 Exception <a 'java/lang/NoSuchMethodError'{0x0000000607307e60}: 'int java.lang.invoke.DirectMethodHandle$Holder.invokeStaticInit(java.lang.Object, float)'> (0x0000000607307e60) 
thrown [s\src\hotspot\share\interpreter\linkResolver.cpp, line 773]
Event: 88210.060 Thread 0x0000018a59ba2df0 Exception <a 'java/lang/NoSuchMethodError'{0x00000006073947c8}: 'float java.lang.invoke.DirectMethodHandle$Holder.invokeStaticInit(java.lang.Object, float, float, float)'> (0x00000006073947c8) 
thrown [s\src\hotspot\share\interpreter\linkResolver.cpp, line 773]
Event: 88210.066 Thread 0x0000018a59ba2df0 Exception <a 'java/lang/NoSuchMethodError'{0x00000006073dcf10}: 'float java.lang.invoke.DirectMethodHandle$Holder.invokeStaticInit(java.lang.Object, java.lang.Object, float, float)'> (0x00000006073dcf10) 
thrown [s\src\hotspot\share\interpreter\linkResolver.cpp, line 773]
Event: 88210.075 Thread 0x0000018a59ba2df0 Exception <a 'java/lang/NoSuchMethodError'{0x000000060685fe28}: 'int java.lang.invoke.DirectMethodHandle$Holder.invokeStaticInit(java.lang.Object, float, float, float)'> (0x000000060685fe28) 
thrown [s\src\hotspot\share\interpreter\linkResolver.cpp, line 773]
Event: 88210.230 Thread 0x0000018a59ba2df0 Exception <a 'java/lang/NoSuchMethodError'{0x000000060632b080}: 'void java.lang.invoke.DirectMethodHandle$Holder.invokeSpecialIFC(java.lang.Object, java.lang.Object, java.lang.Object, java.lang.Object, int)'> (0x000000060632b080) 
thrown [s\src\hotspot\share\interpreter\linkResolver.cpp, line 773]
Event: 88210.669 Thread 0x0000018a59ba2df0 Exception <a 'java/lang/IncompatibleClassChangeError'{0x0000000601f71cb8}: Found class java.lang.Object, but interface was expected> (0x0000000601f71cb8) 
thrown [s\src\hotspot\share\interpreter\linkResolver.cpp, line 840]
Event: 88216.864 Thread 0x0000018a59ba2df0 Exception <a 'java/lang/NoSuchMethodError'{0x00000007ec6635f8}: 'void java.lang.invoke.DirectMethodHandle$Holder.invokeStatic(java.lang.Object, java.lang.Object, java.lang.Object, int, java.lang.Object, java.lang.Object, java.lang.Object)'> (0x00000007ec6635f8) 
thrown [s\src\hotspot\share\interpreter\linkResolver.cpp, line 773]
Event: 88217.241 Thread 0x0000018a59ba2df0 Implicit null exception at 0x0000018a695ae95f to 0x0000018a695aeec8

ZGC Phase Switch (0 events):
No events

VM Operations (20 events):
Event: 88210.715 Executing VM operation: ICBufferFull
Event: 88210.715 Executing VM operation: ICBufferFull done
Event: 88210.779 Executing VM operation: HandshakeAllThreads (Deoptimize)
Event: 88210.779 Executing VM operation: HandshakeAllThreads (Deoptimize) done
Event: 88211.779 Executing VM operation: Cleanup
Event: 88211.780 Executing VM operation: Cleanup done
Event: 88212.853 Executing VM operation: G1CollectForAllocation (G1 Evacuation Pause)
Event: 88213.025 Executing VM operation: G1CollectForAllocation (G1 Evacuation Pause) done
Event: 88213.168 Executing VM operation: ICBufferFull
Event: 88213.168 Executing VM operation: ICBufferFull done
Event: 88214.168 Executing VM operation: Cleanup
Event: 88214.168 Executing VM operation: Cleanup done
Event: 88215.103 Executing VM operation: ICBufferFull
Event: 88215.103 Executing VM operation: ICBufferFull done
Event: 88216.860 Executing VM operation: HandshakeAllThreads (Deoptimize)
Event: 88216.860 Executing VM operation: HandshakeAllThreads (Deoptimize) done
Event: 88216.860 Executing VM operation: Cleanup
Event: 88216.860 Executing VM operation: Cleanup done
Event: 88216.875 Executing VM operation: HandshakeAllThreads (Deoptimize)
Event: 88216.876 Executing VM operation: HandshakeAllThreads (Deoptimize) done

Memory protections (0 events):
No events

Nmethod flushes (20 events):
Event: 88176.725 Thread 0x0000018a7fbea040 flushing  nmethod 0x0000018a5db15d90
Event: 88176.725 Thread 0x0000018a7fbea040 flushing  nmethod 0x0000018a5dd1c110
Event: 88176.725 Thread 0x0000018a7fbea040 flushing  nmethod 0x0000018a5dc0ad90
Event: 88176.725 Thread 0x0000018a7fbea040 flushing  nmethod 0x0000018a5ecb6c90
Event: 88176.726 Thread 0x0000018a7fbea040 flushing  nmethod 0x0000018a5fda0b90
Event: 88176.727 Thread 0x0000018a7fbea040 flushing  nmethod 0x0000018a5fda2490
Event: 88176.727 Thread 0x0000018a7fbea040 flushing  nmethod 0x0000018a5ed07410
Event: 88176.727 Thread 0x0000018a7fbea040 flushing  nmethod 0x0000018a5f92a390
Event: 88176.727 Thread 0x0000018a7fbea040 flushing  nmethod 0x0000018a5dacd690
Event: 88176.727 Thread 0x0000018a7fbea040 flushing  nmethod 0x0000018a5fd1e390
Event: 88176.727 Thread 0x0000018a7fbea040 flushing  nmethod 0x0000018a5fe8a810
Event: 88202.736 Thread 0x0000018a7fbea040 flushing  nmethod 0x0000018a5e67c110
Event: 88202.736 Thread 0x0000018a7fbea040 flushing  nmethod 0x0000018a5e5f9290
Event: 88202.736 Thread 0x0000018a7fbea040 flushing  nmethod 0x0000018a5eebba10
Event: 88202.737 Thread 0x0000018a7fbea040 flushing  nmethod 0x0000018a5de09a90
Event: 88202.737 Thread 0x0000018a7fbea040 flushing  nmethod 0x0000018a5e5da290
Event: 88202.737 Thread 0x0000018a7fbea040 flushing  nmethod 0x0000018a5e6fa710
Event: 88202.737 Thread 0x0000018a7fbea040 flushing  nmethod 0x0000018a5e2c7d90
Event: 88202.737 Thread 0x0000018a7fbea040 flushing  nmethod 0x0000018a5e703e10
Event: 88202.737 Thread 0x0000018a7fbea040 flushing  nmethod 0x0000018a5ee68790

Events (20 events):
Event: 88214.326 Thread 0x0000018a527a14e0 Thread exited: 0x0000018a527a14e0
Event: 88216.715 Thread 0x0000018a7fc9fe70 Thread added: 0x0000018a527a2950
Event: 88216.716 Thread 0x0000018a7fc9fe70 Thread added: 0x0000018a527a14e0
Event: 88216.720 Thread 0x0000018a7fc9fe70 Thread added: 0x0000018a527a1bb0
Event: 88216.837 Thread 0x0000018a7fc9fe70 Thread added: 0x0000018a527a2280
Event: 88217.013 Thread 0x0000018a527a2280 Thread exited: 0x0000018a527a2280
Event: 88217.014 Thread 0x0000018a527a1bb0 Thread exited: 0x0000018a527a1bb0
Event: 88217.016 Thread 0x0000018a527a14e0 Thread exited: 0x0000018a527a14e0
Event: 88217.017 Thread 0x0000018a527a2950 Thread exited: 0x0000018a527a2950
Event: 88217.042 Thread 0x0000018a7fc9fe70 Thread added: 0x0000018a527a14e0
Event: 88217.042 Thread 0x0000018a7fc9fe70 Thread added: 0x0000018a527a1bb0
Event: 88217.047 Thread 0x0000018a7fc9fe70 Thread added: 0x0000018a527a2950
Event: 88217.047 Thread 0x0000018a7fc9fe70 Thread added: 0x0000018a527a2280
Event: 88217.050 Thread 0x0000018a7fc9fe70 Thread added: 0x0000018ad91daae0
Event: 88217.218 Thread 0x0000018ad91daae0 Thread exited: 0x0000018ad91daae0
Event: 88217.252 Thread 0x0000018a7fc9fe70 Thread added: 0x0000018ad4451bc0
Event: 88217.253 Thread 0x0000018a7fc9fe70 Thread added: 0x0000018ad4452960
Event: 88217.552 Thread 0x0000018ad4451bc0 Thread exited: 0x0000018ad4451bc0
Event: 88217.553 Thread 0x0000018a527a2280 Thread exited: 0x0000018a527a2280
Event: 88217.553 Thread 0x0000018a527a2950 Thread exited: 0x0000018a527a2950


Dynamic libraries:
0x00007ff752be0000 - 0x00007ff752bee000 	C:\Users\Alireza\AppData\Roaming\PrismLauncher\java\java-runtime-delta\bin\javaw.exe
0x00007ffaa2080000 - 0x00007ffaa22e7000 	C:\WINDOWS\SYSTEM32\ntdll.dll
0x00007ffaa1a90000 - 0x00007ffaa1b59000 	C:\WINDOWS\System32\KERNEL32.DLL
0x00007ffa9fa00000 - 0x00007ffa9fdf7000 	C:\WINDOWS\System32\KERNELBASE.dll
0x00007ffa9ef90000 - 0x00007ffa9f0db000 	C:\WINDOWS\System32\ucrtbase.dll
0x00007ffa89ec0000 - 0x00007ffa89edd000 	C:\Users\Alireza\AppData\Roaming\PrismLauncher\java\java-runtime-delta\bin\VCRUNTIME140.dll
0x00007ffa971e0000 - 0x00007ffa971f8000 	C:\Users\Alireza\AppData\Roaming\PrismLauncher\java\java-runtime-delta\bin\jli.dll
0x00007ffaa01d0000 - 0x00007ffaa0396000 	C:\WINDOWS\System32\USER32.dll
0x00007ffa80440000 - 0x00007ffa806d2000 	C:\WINDOWS\WinSxS\amd64_microsoft.windows.common-controls_6595b64144ccf1df_6.0.26100.8328_none_3e08182ce334b678\COMCTL32.dll
0x00007ffa9ede0000 - 0x00007ffa9ee07000 	C:\WINDOWS\System32\win32u.dll
0x00007ffaa0f90000 - 0x00007ffaa1039000 	C:\WINDOWS\System32\msvcrt.dll
0x00007ffaa1830000 - 0x00007ffaa185b000 	C:\WINDOWS\System32\GDI32.dll
0x00007ffa9eb70000 - 0x00007ffa9ec9c000 	C:\WINDOWS\System32\gdi32full.dll
0x00007ffa9f950000 - 0x00007ffa9f9f3000 	C:\WINDOWS\System32\msvcp_win.dll
0x00007ffaa0190000 - 0x00007ffaa01c2000 	C:\WINDOWS\System32\IMM32.DLL
0x00007ffa97e60000 - 0x00007ffa97e6c000 	C:\Users\Alireza\AppData\Roaming\PrismLauncher\java\java-runtime-delta\bin\vcruntime140_1.dll
0x00007ffa5b590000 - 0x00007ffa5b61d000 	C:\Users\Alireza\AppData\Roaming\PrismLauncher\java\java-runtime-delta\bin\msvcp140.dll
0x00007ffa1c620000 - 0x00007ffa1d3b8000 	C:\Users\Alireza\AppData\Roaming\PrismLauncher\java\java-runtime-delta\bin\server\jvm.dll
0x00007ffaa1ef0000 - 0x00007ffaa1fa6000 	C:\WINDOWS\System32\ADVAPI32.dll
0x00007ffaa1970000 - 0x00007ffaa1a17000 	C:\WINDOWS\System32\sechost.dll
0x00007ffaa1040000 - 0x00007ffaa1158000 	C:\WINDOWS\System32\RPCRT4.dll
0x00007ffaa1fb0000 - 0x00007ffaa2030000 	C:\WINDOWS\System32\WS2_32.dll
0x00007ffa9d670000 - 0x00007ffa9d6ce000 	C:\WINDOWS\SYSTEM32\POWRPROF.dll
0x00007ffa97200000 - 0x00007ffa9720b000 	C:\WINDOWS\SYSTEM32\VERSION.dll
0x00007ffa94ec0000 - 0x00007ffa94ef6000 	C:\WINDOWS\SYSTEM32\WINMM.dll
0x00007ffa9d650000 - 0x00007ffa9d664000 	C:\WINDOWS\SYSTEM32\UMPDC.dll
0x00007ffa9d920000 - 0x00007ffa9d93b000 	C:\WINDOWS\SYSTEM32\kernel.appcore.dll
0x00007ffa97b40000 - 0x00007ffa97b4a000 	C:\Users\Alireza\AppData\Roaming\PrismLauncher\java\java-runtime-delta\bin\jimage.dll
0x00007ffa9c8f0000 - 0x00007ffa9cb32000 	C:\WINDOWS\SYSTEM32\DBGHELP.DLL
0x00007ffa9fe00000 - 0x00007ffaa0183000 	C:\WINDOWS\System32\combase.dll
0x00007ffaa16c0000 - 0x00007ffaa1799000 	C:\WINDOWS\System32\OLEAUT32.dll
0x00007ffa97990000 - 0x00007ffa979cb000 	C:\WINDOWS\SYSTEM32\dbgcore.DLL
0x00007ffa9eca0000 - 0x00007ffa9ed48000 	C:\WINDOWS\System32\bcryptPrimitives.dll
0x00007ffa885f0000 - 0x00007ffa88610000 	C:\Users\Alireza\AppData\Roaming\PrismLauncher\java\java-runtime-delta\bin\java.dll
0x00007ffa88530000 - 0x00007ffa88548000 	C:\Users\Alireza\AppData\Roaming\PrismLauncher\java\java-runtime-delta\bin\zip.dll
0x00007ffaa0410000 - 0x00007ffaa0b7e000 	C:\WINDOWS\System32\SHELL32.dll
0x00007ffa9f0e0000 - 0x00007ffa9f94c000 	C:\WINDOWS\System32\windows.storage.dll
0x00007ffaa1860000 - 0x00007ffaa1956000 	C:\WINDOWS\System32\SHCORE.dll
0x00007ffaa1a20000 - 0x00007ffaa1a86000 	C:\WINDOWS\System32\shlwapi.dll
0x00007ffa9e9d0000 - 0x00007ffa9e9f9000 	C:\WINDOWS\SYSTEM32\profapi.dll
0x00007ffa59950000 - 0x00007ffa59a26000 	C:\Users\Alireza\AppData\Roaming\PrismLauncher\java\java-runtime-delta\bin\jsvml.dll
0x00007ffa978e0000 - 0x00007ffa978f0000 	C:\Users\Alireza\AppData\Roaming\PrismLauncher\java\java-runtime-delta\bin\net.dll
0x00007ffa98d50000 - 0x00007ffa98e79000 	C:\WINDOWS\SYSTEM32\WINHTTP.dll
0x00007ffa9de70000 - 0x00007ffa9dedc000 	C:\WINDOWS\system32\mswsock.dll
0x00007ffa884e0000 - 0x00007ffa884f6000 	C:\Users\Alireza\AppData\Roaming\PrismLauncher\java\java-runtime-delta\bin\nio.dll
0x00007ffa9e270000 - 0x00007ffa9e28b000 	C:\WINDOWS\SYSTEM32\CRYPTSP.dll
0x00007ffa9d880000 - 0x00007ffa9d8b9000 	C:\WINDOWS\system32\rsaenh.dll
0x00007ffa9df20000 - 0x00007ffa9df53000 	C:\WINDOWS\SYSTEM32\USERENV.dll
0x00007ffa9e9a0000 - 0x00007ffa9e9ca000 	C:\WINDOWS\SYSTEM32\bcrypt.dll
0x00007ffa9e250000 - 0x00007ffa9e25c000 	C:\WINDOWS\SYSTEM32\CRYPTBASE.dll
0x00007ffa9d330000 - 0x00007ffa9d362000 	C:\WINDOWS\SYSTEM32\IPHLPAPI.DLL
0x00007ffaa0400000 - 0x00007ffaa040a000 	C:\WINDOWS\System32\NSI.dll
0x00007ffa97800000 - 0x00007ffa97810000 	C:\Users\Alireza\AppData\Roaming\PrismLauncher\java\java-runtime-delta\bin\verify.dll
0x00007ffa8ef80000 - 0x00007ffa8ef8a000 	C:\Users\Alireza\AppData\Roaming\PrismLauncher\java\java-runtime-delta\bin\management.dll
0x00007ffa884d0000 - 0x00007ffa884db000 	C:\Users\Alireza\AppData\Roaming\PrismLauncher\java\java-runtime-delta\bin\management_ext.dll
0x00007ffaa0f50000 - 0x00007ffaa0f58000 	C:\WINDOWS\System32\PSAPI.DLL
0x00007ffa6b3a0000 - 0x00007ffa6b3b8000 	C:\WINDOWS\system32\napinsp.dll
0x0000000000400000 - 0x000000000185c000 	C:\WINDOWS\system32\networkdlllspx64.dll
0x00007ffa9da40000 - 0x00007ffa9da76000 	C:\WINDOWS\SYSTEM32\ntmarta.dll
0x00007ffa6afd0000 - 0x00007ffa6afe3000 	C:\WINDOWS\System32\winrnr.dll
0x00007ffa6ae50000 - 0x00007ffa6ae72000 	C:\WINDOWS\system32\nlansp_c.dll
0x00007ffa6ae30000 - 0x00007ffa6ae46000 	C:\WINDOWS\system32\wshbth.dll
0x00007ffa9d370000 - 0x00007ffa9d4a2000 	C:\WINDOWS\SYSTEM32\DNSAPI.dll
0x00007ffa995e0000 - 0x00007ffa99666000 	C:\WINDOWS\System32\fwpuclnt.dll
0x00007ffa98000000 - 0x00007ffa9800b000 	C:\Windows\System32\rasadhlp.dll
0x00007ffa5ffa0000 - 0x00007ffa6001b000 	C:\Users\Alireza\AppData\Local\Temp\lwjgl_Alireza\3.3.3+5\x64\lwjgl.dll
0x00007ffa5b340000 - 0x00007ffa5b3c2000 	C:\Users\Alireza\AppData\Local\Temp\lwjgl_Alireza\3.3.3+5\x64\glfw.dll
0x00007ffa49380000 - 0x00007ffa493cb000 	C:\WINDOWS\SYSTEM32\dinput8.dll
0x00007ffa884b0000 - 0x00007ffa884cc000 	C:\WINDOWS\SYSTEM32\xinput1_4.dll
0x00007ffa9e740000 - 0x00007ffa9e791000 	C:\WINDOWS\SYSTEM32\cfgmgr32.dll
0x00007ffa9e710000 - 0x00007ffa9e73d000 	C:\WINDOWS\SYSTEM32\DEVOBJ.dll
0x00007ffa9c270000 - 0x00007ffa9c29f000 	C:\WINDOWS\SYSTEM32\dwmapi.dll
0x00007ffa6c920000 - 0x00007ffa6cb03000 	C:\WINDOWS\SYSTEM32\inputhost.dll
0x00007ffa9bb40000 - 0x00007ffa9bc67000 	C:\WINDOWS\SYSTEM32\CoreMessaging.dll
0x00007ffa9bf60000 - 0x00007ffa9c00a000 	C:\WINDOWS\system32\uxtheme.dll
0x00007ffaa0b90000 - 0x00007ffaa0cec000 	C:\WINDOWS\System32\MSCTF.dll
0x00007ffa58420000 - 0x00007ffa5852f000 	C:\WINDOWS\SYSTEM32\opengl32.dll
0x00007ffa87740000 - 0x00007ffa8776d000 	C:\WINDOWS\SYSTEM32\GLU32.dll
0x00007ffa9c300000 - 0x00007ffa9c345000 	C:\WINDOWS\SYSTEM32\dxcore.dll
0x00007ffa999a0000 - 0x00007ffa99a01000 	C:\WINDOWS\SYSTEM32\directxdatabasehelper.dll
0x00007ffa841d0000 - 0x00007ffa841ed000 	C:\WINDOWS\SYSTEM32\windows.staterepositorycore.dll
0x00007ff9fc690000 - 0x00007ff9fdbee000 	C:\WINDOWS\System32\DriverStore\FileRepository\iigd_dch.inf_amd64_38e51a298b862feb\igxelpicd64.dll
0x00007ffaa1c40000 - 0x00007ffaa1dd7000 	C:\WINDOWS\System32\ole32.dll
0x00007ffa9c100000 - 0x00007ffa9c23e000 	C:\WINDOWS\SYSTEM32\dxgi.dll
0x00007ffa94f20000 - 0x00007ffa94f45000 	C:\WINDOWS\SYSTEM32\d3d12.dll
0x00007ffa29fa0000 - 0x00007ffa2a147000 	C:\WINDOWS\System32\DriverStore\FileRepository\iigd_dch.inf_amd64_38e51a298b862feb\igdml64.dll
0x00007ffa94420000 - 0x00007ffa949b3000 	C:\WINDOWS\System32\DriverStore\FileRepository\iigd_dch.inf_amd64_38e51a298b862feb\igdgmm64.dll
0x00007ffa8f2d0000 - 0x00007ffa94419000 	C:\WINDOWS\System32\DriverStore\FileRepository\iigd_dch.inf_amd64_38e51a298b862feb\igc64.dll
0x00007ffa27420000 - 0x00007ffa27690000 	C:\Users\Alireza\AppData\Local\Temp\lwjgl_Alireza\3.3.3+5\x64\jemalloc.dll
0x00007ffa5b270000 - 0x00007ffa5b2f2000 	C:\Users\Alireza\AppData\Local\Temp\lwjgl_Alireza\3.3.3+5\x64\lwjgl_stb.dll
0x00007ffa990e0000 - 0x00007ffa9919f000 	C:\WINDOWS\SYSTEM32\mscms.dll
0x00007ffa872d0000 - 0x00007ffa87319000 	C:\WINDOWS\SYSTEM32\icm32.dll
0x00007ffa4f6b0000 - 0x00007ffa4f7f6000 	C:\WINDOWS\SYSTEM32\textinputframework.dll
0x00007ffa96c10000 - 0x00007ffa96ef2000 	C:\WINDOWS\SYSTEM32\CoreUIComponents.dll
0x00007ffa98330000 - 0x00007ffa9849a000 	C:\WINDOWS\SYSTEM32\wintypes.dll
0x00007ffa5bf60000 - 0x00007ffa5bfbe000 	C:\Users\Alireza\AppData\Local\Temp\lwjgl_Alireza\3.3.3+5\x64\lwjgl_opengl.dll
0x00007ffa828f0000 - 0x00007ffa82946000 	C:\WINDOWS\SYSTEM32\pdh.dll
0x00007ffa68970000 - 0x00007ffa68981000 	C:\WINDOWS\System32\perfos.dll
0x00007ffa9cf00000 - 0x00007ffa9cf12000 	C:\WINDOWS\SYSTEM32\pfclient.dll
0x00007ffa5c000000 - 0x00007ffa5c045000 	C:\Users\Alireza\AppData\Local\Temp\jna-750612248\jna8392735428836776594.dll
0x00007ffaa1b80000 - 0x00007ffaa1c2e000 	C:\WINDOWS\System32\clbcatq.dll
0x00007ffa87600000 - 0x00007ffa87612000 	C:\WINDOWS\system32\wbem\wbemprox.dll
0x00007ffa86530000 - 0x00007ffa865aa000 	C:\WINDOWS\SYSTEM32\wbemcomn.dll
0x00007ffa85880000 - 0x00007ffa85895000 	C:\WINDOWS\system32\wbem\wbemsvc.dll
0x00007ffa858d0000 - 0x00007ffa859c0000 	C:\WINDOWS\system32\wbem\fastprox.dll
0x00007ffa803a0000 - 0x00007ffa803bd000 	C:\WINDOWS\SYSTEM32\amsi.dll
0x00007ffa80200000 - 0x00007ffa802a2000 	C:\ProgramData\Microsoft\Windows Defender\Platform\4.18.26030.3011-0\MpOav.dll
0x00007ffa87a20000 - 0x00007ffa87a2e000 	C:\Users\Alireza\AppData\Roaming\PrismLauncher\java\java-runtime-delta\bin\sunmscapi.dll
0x00007ffa9ee10000 - 0x00007ffa9ef88000 	C:\WINDOWS\System32\CRYPT32.dll
0x00007ffa9e3d0000 - 0x00007ffa9e400000 	C:\WINDOWS\SYSTEM32\ncrypt.dll
0x00007ffa9e380000 - 0x00007ffa9e3bf000 	C:\WINDOWS\SYSTEM32\NTASN1.dll
0x00007ffa87910000 - 0x00007ffa87919000 	C:\Users\Alireza\AppData\Roaming\PrismLauncher\java\java-runtime-delta\bin\extnet.dll
0x00007ffa1b9c0000 - 0x00007ffa1bb87000 	C:\Users\Alireza\AppData\Local\Temp\lwjgl_Alireza\3.3.3+5\x64\OpenAL.dll
0x00007ffa8ed00000 - 0x00007ffa8ed99000 	C:\WINDOWS\System32\MMDevApi.dll
0x00007ffa1b840000 - 0x00007ffa1b9b3000 	C:\WINDOWS\System32\Speech\Common\sapi.dll
0x00007ffa864c0000 - 0x00007ffa864c8000 	C:\WINDOWS\system32\wshunix.dll
0x00007ffa8cf90000 - 0x00007ffa8d143000 	C:\WINDOWS\SYSTEM32\AUDIOSES.DLL
0x00007ffa9c6b0000 - 0x00007ffa9c6c4000 	C:\WINDOWS\SYSTEM32\resourcepolicyclient.dll
0x00007ffa13380000 - 0x00007ffa1350e000 	C:\Users\Alireza\AppData\Roaming\PrismLauncher\java\java-runtime-delta\bin\awt.dll
0x00007ffa9be40000 - 0x00007ffa9bee0000 	C:\WINDOWS\SYSTEM32\apphelp.dll
0x00007ffa4e800000 - 0x00007ffa4e8b3000 	C:\WINDOWS\SYSTEM32\TextShaping.dll

dbghelp: loaded successfully - version: 4.0.5 - missing functions: none
symbol engine: initialized successfully - sym options: 0x614 - pdb path: .;C:\Users\Alireza\AppData\Roaming\PrismLauncher\java\java-runtime-delta\bin;C:\WINDOWS\SYSTEM32;C:\WINDOWS\WinSxS\amd64_microsoft.windows.common-controls_6595b64144ccf1df_6.0.26100.8328_none_3e08182ce334b678;C:\Users\Alireza\AppData\Roaming\PrismLauncher\java\java-runtime-delta\bin\server;C:\Users\Alireza\AppData\Local\Temp\lwjgl_Alireza\3.3.3+5\x64;C:\WINDOWS\System32\DriverStore\FileRepository\iigd_dch.inf_amd64_38e51a298b862feb;C:\Users\Alireza\AppData\Local\Temp\jna-750612248;C:\WINDOWS\system32\wbem;C:\ProgramData\Microsoft\Windows Defender\Platform\4.18.26030.3011-0;C:\WINDOWS\System32\Speech\Common

VM Arguments:
jvm_args: -XX:HeapDumpPath=MojangTricksIntelDriversForPerformance_javaw.exe_minecraft.exe.heapdump -Xms1024m -Xmx12872m -Duser.language=en -Djava.library.path=C:/Users/Alireza/AppData/Roaming/PrismLauncher/instances/1.21.1/natives 
java_command: org.prismlauncher.EntryPoint
java_class_path (initial): D:/Game/PrismLauncher-Windows-MSVC-9.0/PrismLauncher-Windows-MSVC-9.0/jars/NewLaunch.jar;C:/Users/Alireza/AppData/Roaming/PrismLauncher/libraries/org/lwjgl/lwjgl-freetype-natives-windows-arm64/3.3.3/lwjgl-freetype-natives-windows-arm64-3.3.3.jar;C:/Users/Alireza/AppData/Roaming/PrismLauncher/libraries/org/lwjgl/lwjgl-freetype-natives-windows-x86/3.3.3/lwjgl-freetype-natives-windows-x86-3.3.3.jar;C:/Users/Alireza/AppData/Roaming/PrismLauncher/libraries/org/lwjgl/lwjgl-freetype-natives-windows/3.3.3/lwjgl-freetype-natives-windows-3.3.3.jar;C:/Users/Alireza/AppData/Roaming/PrismLauncher/libraries/org/lwjgl/lwjgl-freetype/3.3.3/lwjgl-freetype-3.3.3.jar;C:/Users/Alireza/AppData/Roaming/PrismLauncher/libraries/org/lwjgl/lwjgl-glfw-natives-windows-arm64/3.3.3/lwjgl-glfw-natives-windows-arm64-3.3.3.jar;C:/Users/Alireza/AppData/Roaming/PrismLauncher/libraries/org/lwjgl/lwjgl-glfw-natives-windows-x86/3.3.3/lwjgl-glfw-natives-windows-x86-3.3.3.jar;C:/Users/Alireza/AppData/Roaming/PrismLauncher/libraries/org/lwjgl/lwjgl-glfw-natives-windows/3.3.3/lwjgl-glfw-natives-windows-3.3.3.jar;C:/Users/Alireza/AppData/Roaming/PrismLauncher/libraries/org/lwjgl/lwjgl-glfw/3.3.3/lwjgl-glfw-3.3.3.jar;C:/Users/Alireza/AppData/Roaming/PrismLauncher/libraries/org/lwjgl/lwjgl-jemalloc-natives-windows-arm64/3.3.3/lwjgl-jemalloc-natives-windows-arm64-3.3.3.jar;C:/Users/Alireza/AppData/Roaming/PrismLauncher/libraries/org/lwjgl/lwjgl-jemalloc-natives-windows-x86/3.3.3/lwjgl-jemalloc-natives-windows-x86-3.3.3.jar;C:/Users/Alireza/AppData/Roaming/PrismLauncher/libraries/org/lwjgl/lwjgl-jemalloc-natives-windows/3.3.3/lwjgl-jemalloc-natives-windows-3.3.3.jar;C:/Users/Alireza/AppData/Roaming/PrismLauncher/libraries/org/lwjgl/lwjgl-jemalloc/3.3.3/lwjgl-jemalloc-3.3.3.jar;C:/Users/Alireza/AppData/Roaming/PrismLauncher/libraries/org/lwjgl/lwjgl-natives-windows-arm64/3.3.3/lwjgl-natives-windows-arm64-3.3.3.jar;C:/Users/Alireza/AppData/Roaming/PrismLauncher/libraries/org/lwjgl/lwjgl-natives-windows-x86/3.3.3/lwjgl-natives-windows-x86-3.3.3.jar;C:/Users/Alireza/AppData/Roaming/PrismLauncher/libraries/org/lwjgl/lwjgl-natives-windows/3.3.3/lwjgl-natives-windows-3.3.3.jar;C:/Users/Alireza/AppData/Roaming/PrismLauncher/libraries/org/lwjgl/lwjgl-openal-natives-windows-arm64/3.3.3/lwjgl-openal-natives-windows-arm64-3.3.3.jar;C:/Users/Alireza/AppData/Roaming/PrismLauncher/libraries/org/lwjgl/lwjgl-openal-natives-windows-x86/3.3.3/lwjgl-openal-natives-windows-x86-3.3.3.jar;C:/Users/Alireza/AppData/Roaming/PrismLauncher/libraries/org/lwjgl/lwjgl-openal-natives-windows/3.3.3/lwjgl-openal-natives-windows-3.3.3.jar;C:/Users/Alireza/AppData/Roaming/PrismLauncher/libraries/org/lwjgl/lwjgl-openal/3.3.3/lwjgl-openal-3.3.3.jar;C:/Users/Alireza/AppData/Roaming/PrismLauncher/libraries/org/lwjgl/lwjgl-opengl-natives-windows-arm64/3.3.3/lwjgl-opengl-natives-windows-arm64-3.3.3.jar;C:/Users/Alireza/AppData/Roaming/PrismLauncher/libraries/org/lwjgl/lwjgl-opengl-natives-windows-x86/3.3.3/lwjgl-opengl-natives-windows-x86-3.3.3.jar;C:/Users/Alireza/AppData/Roaming/PrismLauncher/libraries/org/lwjgl/lwjgl-opengl-natives-windows/3.3.3/lwjgl-opengl-natives-windows-3.3.3.jar;C:/Users/Alireza/AppData/Roaming/PrismLauncher/libraries/org/lwjgl/lwjgl-opengl/3.3.3/lwjgl-opengl-3.3.3.jar;C:/Users/Alireza/AppData/Roaming/PrismLauncher/libraries/org/lwjgl/lwjgl-stb-natives-windows-arm64/3.3.3/lwjgl-stb-natives-windows-arm64-3.3.3.jar;C:/Users/Alireza/AppData/Roaming/PrismLauncher/libraries/org/lwjgl/lwjgl-stb-natives-windows-x86/3.3.3/lwjgl-stb-natives-windows-x86-3.3.3.jar;C:/Users/Alireza/AppData/Roaming/PrismLauncher/libraries/org/lwjgl/lwjgl-stb-natives-windows/3.3.3/lwjgl-stb-natives-windows-3.3.3.jar;C:/Users/Alireza/AppData/Roaming/PrismLauncher/libraries/org/lwjgl/lwjgl-stb/3.3.3/lwjgl-stb-3.3.3.jar;C:/Users/Alireza/AppData/Roaming/PrismLauncher/libraries/org/lwjgl/lwjgl-tinyfd-natives-windows-arm64/3.3.3/lwjgl-tinyfd-natives-windows-arm64-3.3.3.jar;C:/Users/Alireza/AppData/Roaming/PrismLauncher/libraries/org/lwjgl/lwjgl-tinyfd-natives-windows-x86/3.3.3/lwjgl-tinyfd-natives-windows-x86-3.3.3.jar;C:/Users/Alireza/AppData/Roaming/PrismLauncher/libraries/org/lwjgl/lwjgl-tinyfd-natives-windows/3.3.3/lwjgl-tinyfd-natives-windows-3.3.3.jar;C:/Users/Alireza/AppData/Roaming/PrismLauncher/libraries/org/lwjgl/lwjgl-tinyfd/3.3.3/lwjgl-tinyfd-3.3.3.jar;C:/Users/Alireza/AppData/Roaming/PrismLauncher/libraries/org/lwjgl/lwjgl/3.3.3/lwjgl-3.3.3.jar;C:/Users/Alireza/AppData/Roaming/PrismLauncher/libraries/com/github/oshi/oshi-core/6.4.10/oshi-core-6.4.10.jar;C:/Users/Alireza/AppData/Roaming/PrismLauncher/libraries/com/google/code/gson/gson/2.10.1/gson-2.10.1.jar;C:/Users/Alireza/AppData/Roaming/PrismLauncher/libraries/com/google/guava/failureaccess/1.0.1/failureaccess-1.0.1.jar;C:/Users/Alireza/AppData/Roaming/PrismLauncher/libraries/com/google/guava/guava/32.1.2-jre/guava-32.1.2-jre.jar;C:/Users/Alireza/AppData/Roaming/PrismLauncher/libraries/com/ibm/icu/icu4j/73.2/icu4j-73.2.jar;C:/Users/Alireza/AppData/Roaming/PrismLauncher/libraries/com/mojang/authlib/6.0.54/authlib-6.0.54.jar;C:/Users/Alireza/AppData/Roaming/PrismLauncher/libraries/com/mojang/blocklist/1.0.10/blocklist-1.0.10.jar;C:/Users/Alireza/AppData/Roaming/PrismLauncher/libraries/com/mojang/brigadier/1.3.10/brigadier-1.3.10.jar;C:/Users/Alireza/AppData/Roaming/PrismLauncher/libraries/com/mojang/datafixerupper/8.0.16/datafixerupper-8.0.16.jar;C:/Users/Alireza/AppData/Roaming/PrismLauncher/libraries/com/mojang/logging/1.2.7/logging-1.2.7.jar;C:/Users/Alireza/AppData/Roaming/PrismLauncher/libraries/com/mojang/patchy/2.2.10/patchy-2.2.10.jar;C:/Users/Alireza/AppData/Roaming/PrismLauncher/libraries/com/mojang/text2speech/1.17.9/text2speech-1.17.9.jar;C:/Users/Alireza/AppData/Roaming/PrismLauncher/libraries/commons-codec/commons-codec/1.16.0/commons-codec-1.16.0.jar;C:/Users/Alireza/AppData/Roaming/PrismLauncher/libraries/commons-io/commons-io/2.15.1/commons-io-2.15.1.jar;C:/Users/Alireza/AppData/Roaming/PrismLauncher/libraries/commons-logging/commons-logging/1.2/commons-logging-1.2.jar;C:/Users/Alireza/AppData/Roaming/PrismLauncher/libraries/io/netty/netty-buffer/4.1.97.Final/netty-buffer-4.1.97.Final.jar;C:/Users/Alireza/AppData/Roaming/PrismLauncher/libraries/io/netty/netty-codec/4.1.97.Final/netty-codec-4.1.97.Final.jar;C:/Users/Alireza/AppData/Roaming/PrismLauncher/libraries/io/netty/netty-common/4.1.97.Final/netty-common-4.1.97.Final.jar;C:/Users/Alireza/AppData/Roaming/PrismLauncher/libraries/io/netty/netty-handler/4.1.97.Final/netty-handler-4.1.97.Final.jar;C:/Users/Alireza/AppData/Roaming/PrismLauncher/libraries/io/netty/netty-resolver/4.1.97.Final/netty-resolver-4.1.97.Final.jar;C:/Users/Alireza/AppData/Roaming/PrismLauncher/libraries/io/netty/netty-transport-classes-epoll/4.1.97.Final/netty-transport-classes-epoll-4.1.97.Final.jar;C:/Users/Alireza/AppData/Roaming/PrismLauncher/libraries/io/netty/netty-transport-native-unix-common/4.1.97.Final/netty-transport-native-unix-common-4.1.97.Final.jar;C:/Users/Alireza/AppData/Roaming/PrismLauncher/libraries/io/netty/netty-transport/4.1.97.Final/netty-transport-4.1.97.Final.jar;C:/Users/Alireza/AppData/Roaming/PrismLauncher/libraries/it/unimi/dsi/fastutil/8.5.12/fastutil-8.5.12.jar;C:/Users/Alireza/AppData/Roaming/PrismLauncher/libraries/net/java/dev/jna/jna-platform/5.14.0/jna-platform-5.14.0.jar;C:/Users/Alireza/AppData/Roaming/PrismLauncher/libraries/net/java/dev/jna/jna/5.14.0/jna-5.14.0.jar;C:/Users/Alireza/AppData/Roaming/PrismLauncher/libraries/net/sf/jopt-simple/jopt-simple/5.0.4/jopt-simple-5.0.4.jar;C:/Users/Alireza/AppData/Roaming/PrismLauncher/libraries/org/apache/commons/commons-compress/1.26.0/commons-compress-1.26.0.jar;C:/Users/Alireza/AppData/Roaming/PrismLauncher/libraries/org/apache/commons/commons-lang3/3.14.0/commons-lang3-3.14.0.jar;C:/Users/Alireza/AppData/Roaming/PrismLauncher/libraries/org/apache/httpcomponents/httpclient/4.5.13/httpclient-4.5.13.jar;C:/Users/Alireza/AppData/Roaming/PrismLauncher/libraries/org/apache/httpcomponents/httpcore/4.4.16/httpcore-4.4.16.jar;C:/Users/Alireza/AppData/Roaming/PrismLauncher/libraries/org/apache/logging/log4j/log4j-api/2.22.1/log4j-api-2.22.1.jar;C:/Users/Alireza/AppData/Roaming/PrismLauncher/libraries/org/apache/logging/log4j/log4j-core/2.22.1/log4j-core-2.22.1.jar;C:/Users/Alireza/AppData/Roaming/PrismLauncher/libraries/org/apache/logging/log4j/log4j-slf4j2-impl/2.22.1/log4j-slf4j2-impl-2.22.1.jar;C:/Users/Alireza/AppData/Roaming/PrismLauncher/libraries/org/jcraft/jorbis/0.0.17/jorbis-0.0.17.jar;C:/Users/Alireza/AppData/Roaming/PrismLauncher/libraries/org/joml/joml/1.10.5/joml-1.10.5.jar;C:/Users/Alireza/AppData/Roaming/PrismLauncher/libraries/org/lz4/lz4-java/1.8.0/lz4-java-1.8.0.jar;C:/Users/Alireza/AppData/Roaming/PrismLauncher/libraries/org/slf4j/slf4j-api/2.0.9/slf4j-api-2.0.9.jar;C:/Users/Alireza/AppData/Roaming/PrismLauncher/libraries/io/github/zekerzhayard/ForgeWrapper/prism-2025-12-07/ForgeWrapper-prism-2025-12-07.jar;C:/Users/Alireza/AppData/Roaming/PrismLauncher/libraries/net/neoforged/fancymodloader/earlydisplay/4.0.42/earlydisplay-4.0.42.jar;C:/Users/Alireza/AppData/Roaming/PrismLauncher/libraries/net/neoforged/fancymodloader/loader/4.0.42/loader-4.0.42.jar;C:/Users/Alireza/AppData/Roaming/PrismLauncher/libraries/net/neoforged/accesstransformers/at-modlauncher/10.0.1/at-modlauncher-10.0.1.jar;C:/Users/Alireza/AppData/Roaming/PrismLauncher/libraries/net/neoforged/accesstransformers/10.0.1/accesstransformers-10.0.1.jar;C:/Users/Alireza/AppData/Roaming/PrismLauncher/libraries/net/neoforged/bus/8.0.5/bus-8.0.5.jar;C:/Users/Alireza/AppData/Roaming/PrismLauncher/libraries/net/neoforged/coremods/7.0.3/coremods-7.0.3.jar;C:/Users/Alireza/AppData/Roaming/PrismLauncher/libraries/cpw/mods/modlauncher/11.0.5/modlauncher-11.0.5.jar;C:/Users/Alireza/AppData/Roaming/PrismLauncher/libraries/net/neoforged/mergetool/2.0.0/mergetool-2.0.0-api.jar;C:/Users/Alireza/AppData/Roaming/PrismLauncher/libraries/com/electronwill/night-config/toml/3.8.3/toml-3.8.3.jar;C:/Users/Alireza/AppData/Roaming/PrismLauncher/libraries/com/electronwill/night-config/core/3.8.3/core-3.8.3.jar;C:/Users/Alireza/AppData/Roaming/PrismLauncher/libraries/net/neoforged/JarJarSelector/0.4.1/JarJarSelector-0.4.1.jar;C:/Users/Alireza/AppData/Roaming/PrismLauncher/libraries/net/neoforged/JarJarMetadata/0.4.1/JarJarMetadata-0.4.1.jar;C:/Users/Alireza/AppData/Roaming/PrismLauncher/libraries/org/apache/maven/maven-artifact/3.8.5/maven-artifact-3.8.5.jar;C:/Users/Alireza/AppData/Roaming/PrismLauncher/libraries/net/jodah/typetools/0.6.3/typetools-0.6.3.jar;C:/Users/Alireza/AppData/Roaming/PrismLauncher/libraries/net/minecrell/terminalconsoleappender/1.3.0/terminalconsoleappender-1.3.0.jar;C:/Users/Alireza/AppData/Roaming/PrismLauncher/libraries/net/fabricmc/sponge-mixin/0.15.2+mixin.0.8.7/sponge-mixin-0.15.2+mixin.0.8.7.jar;C:/Users/Alireza/AppData/Roaming/PrismLauncher/libraries/org/openjdk/nashorn/nashorn-core/15.4/nashorn-core-15.4.jar;C:/Users/Alireza/AppData/Roaming/PrismLauncher/libraries/cpw/mods/bootstraplauncher/2.0.2/bootstraplauncher-2.0.2.jar;C:/Users/Alireza/AppData/Roaming/PrismLauncher/libraries/cpw/mods/securejarhandler/3.0.8/securejarhandler-3.0.8.jar;C:/Users/Alireza/AppData/Roaming/PrismLauncher/libraries/org/ow2/asm/asm-commons/9.8/asm-commons-9.8.jar;C:/Users/Alireza/AppData/Roaming/PrismLauncher/libraries/org/ow2/asm/asm-util/9.8/asm-util-9.8.jar;C:/Users/Alireza/AppData/Roaming/PrismLauncher/libraries/org/ow2/asm/asm-analysis/9.8/asm-analysis-9.8.jar;C:/Users/Alireza/AppData/Roaming/PrismLauncher/libraries/org/ow2/asm/asm-tree/9.8/asm-tree-9.8.jar;C:/Users/Alireza/AppData/Roaming/PrismLauncher/libraries/org/ow2/asm/asm/9.8/asm-9.8.jar;C:/Users/Alireza/AppData/Roaming/PrismLauncher/libraries/net/neoforged/JarJarFileSystems/0.4.1/JarJarFileSystems-0.4.1.jar;C:/Users/Alireza/AppData/Roaming/PrismLauncher/libraries/org/antlr/antlr4-runtime/4.13.1/antlr4-runtime-4.13.1.jar;C:/Users/Alireza/AppData/Roaming/PrismLauncher/libraries/org/jline/jline-reader/3.20.0/jline-reader-3.20.0.jar;C:/Users/Alireza/AppData/Roaming/PrismLauncher/libraries/org/jline/jline-terminal/3.20.0/jline-terminal-3.20.0.jar;C:/Users/Alireza/AppData/Roaming/PrismLauncher/libraries/net/minecraftforge/srgutils/0.4.15/srgutils-0.4.15.jar;C:/Users/Alireza/AppData/Roaming/PrismLauncher/libraries/com/google/guava/listenablefuture/9999.0-empty-to-avoid-conflict-with-guava/listenablefuture-9999.0-empty-to-avoid-conflict-with-guava.jar;C:/Users/Alireza/AppData/Roaming/PrismLauncher/libraries/com/google/code/findbugs/jsr305/3.0.2/jsr305-3.0.2.jar;C:/Users/Alireza/AppData/Roaming/PrismLauncher/libraries/org/checkerframework/checker-qual/3.33.0/checker-qual-3.33.0.jar;C:/Users/Alireza/AppData/Roaming/PrismLauncher/libraries/com/google/errorprone/error_prone_annotations/2.18.0/error_prone_annotations-2.18.0.jar;C:/Users/Alireza/AppData/Roaming/PrismLauncher/libraries/com/google/j2objc/j2objc-annotations/2.8/j2objc-annotations-2.8.jar;C:/Users/Alireza/AppData/Roaming/PrismLauncher/libraries/org/codehaus/plexus/plexus-utils/3.3.0/plexus-utils-3.3.0.jar;C:/Users/Alireza/AppData/Roaming/PrismLauncher/libraries/com/machinezoo/noexception/noexception/1.7.1/noexception-1.7.1.jar;C:/Users/Alireza/AppData/Roaming/PrismLauncher/libraries/com/mojang/minecraft/1.21.1/minecraft-1.21.1-client.jar
Launcher Type: SUN_STANDARD

[Global flags]
     intx CICompilerCount                          = 12                                        {product} {ergonomic}
     uint ConcGCThreads                            = 3                                         {product} {ergonomic}
     uint G1ConcRefinementThreads                  = 13                                        {product} {ergonomic}
   size_t G1HeapRegionSize                         = 8388608                                   {product} {ergonomic}
    uintx GCDrainStackTargetSize                   = 64                                        {product} {ergonomic}
    ccstr HeapDumpPath                             = MojangTricksIntelDriversForPerformance_javaw.exe_minecraft.exe.heapdump         {manageable} {command line}
   size_t InitialHeapSize                          = 1073741824                                {product} {command line}
   size_t MarkStackSize                            = 4194304                                   {product} {ergonomic}
   size_t MaxHeapSize                              = 13497270272                               {product} {command line}
   size_t MaxNewSize                               = 8095006720                                {product} {ergonomic}
   size_t MinHeapDeltaBytes                        = 8388608                                   {product} {ergonomic}
   size_t MinHeapSize                              = 1073741824                                {product} {command line}
    uintx NonNMethodCodeHeapSize                   = 7602480                                {pd product} {ergonomic}
    uintx NonProfiledCodeHeapSize                  = 122027880                              {pd product} {ergonomic}
    uintx ProfiledCodeHeapSize                     = 122027880                              {pd product} {ergonomic}
    uintx ReservedCodeCacheSize                    = 251658240                              {pd product} {ergonomic}
     bool SegmentedCodeCache                       = true                                      {product} {ergonomic}
   size_t SoftMaxHeapSize                          = 13497270272                            {manageable} {ergonomic}
     bool UseCompressedOops                        = true                           {product lp64_product} {ergonomic}
     bool UseG1GC                                  = true                                      {product} {ergonomic}
     bool UseLargePagesIndividualAllocation        = false                                  {pd product} {ergonomic}

Logging:
Log output configuration:
 #0: stdout all=warning uptime,level,tags foldmultilines=false
 #1: stderr all=off uptime,level,tags foldmultilines=false

Environment Variables:
PATH=D:\VMware\bin\;C:\Program Files\Common Files\Oracle\Java\javapath;C:\Program Files (x86)\Common Files\Oracle\Java\java8path;C:\Program Files (x86)\Common Files\Oracle\Java\javapath;C:\ProgramData\Oracle\Java\javapath;C:\WINDOWS\system32;C:\WINDOWS;C:\WINDOWS\System32\Wbem;C:\WINDOWS\System32\WindowsPowerShell\v1.0\;C:\WINDOWS\System32\OpenSSH\;C:\Program Files\Microsoft VS Code\bin;C:\Program Files (x86)\NVIDIA Corporation\PhysX\Common;C:\ProgramData\chocolatey\bin;C:\Program Files\Git\cmd;C:\Program Files\Microsoft SQL Server\150\Tools\Binn\;C:\Program Files\WireSock VPN Client\bin\;C:\Program Files\Microsoft SQL Server\Client SDK\ODBC\170\Tools\Binn\;C:\Program Files\NVIDIA Corporation\NVIDIA app\NvDLISR;C:\Program Files\Microsoft SQL Server\Client SDK\ODBC\130\Tools\Binn\;C:\Program Files (x86)\Microsoft SQL Server\140\Tools\Binn\;C:\Program Files\Microsoft SQL Server\140\Tools\Binn\;C:\Program Files (x86)\Microsoft SQL Server\140\DTS\Binn\;C:\Program Files\Microsoft SQL Server\140\DTS\Binn\;C:\Program Files (x86)\Microsoft SQL Server\150\DTS\Binn\;C:\Program Files\Azure Data Studio\bin;C:\Program Files\Microsoft SQL Server\170\Tools\Binn\;C:\Program Files\dotnet\;C:\Users\Alireza\AppData\Local\Programs\Python\Python310\Scripts\;C:\Users\Alireza\AppData\Local\Programs\Python\Python310\;C:\Users\Alireza\AppData\Local\Microsoft\WindowsApps;C:\Users\Alireza\.dotnet\tools;C:\Program Files\Azure Data Studio\bin;C:\Users\Alireza\AppData\Local\GitHubDesktop\bin;D:\Intelli\IntelliJ IDEA 2025.3\bin;C:\Users\Alireza\AppData\Local\Programs\Ollama;C:\Users\Alireza\.lmstudio\bin
USERNAME=Alireza
OS=Windows_NT
PROCESSOR_IDENTIFIER=Intel64 Family 6 Model 154 Stepping 3, GenuineIntel
TMP=C:\Users\Alireza\AppData\Local\Temp
TEMP=C:\Users\Alireza\AppData\Local\Temp




Periodic native trim disabled

---------------  S Y S T E M  ---------------

OS:
 Windows 11 , 64 bit Build 26100 (10.0.26100.8328)
OS uptime: 4 days 21:53 hours
Hyper-V role detected

CPU: total 16 (initial active 16) (8 cores per cpu, 2 threads per core) family 6 model 154 stepping 3 microcode 0x434, cx8, cmov, fxsr, ht, mmx, 3dnowpref, sse, sse2, sse3, ssse3, sse4.1, sse4.2, popcnt, lzcnt, tsc, tscinvbit, avx, avx2, aes, erms, clmul, bmi1, bmi2, adx, sha, fma, vzeroupper, clflush, clflushopt, clwb, hv, serialize, rdtscp, rdpid, fsrm, f16c, cet_ibt, cet_ss
Processor Information for the first 16 processors :
  Max Mhz: 2500, Current Mhz: 2500, Mhz Limit: 2500

Memory: 4k page, system-wide physical 16004M (1227M free)
TotalPageFile size 110004M (AvailPageFile size 83348M)
current process WorkingSet (physical memory assigned to process): 5906M, peak: 9874M
current process commit charge ("private bytes"): 15791M, peak: 15792M

vm_info: OpenJDK 64-Bit Server VM (21.0.7+6-LTS) for windows-amd64 JRE (21.0.7+6-LTS), built on 2025-04-09T22:17:25Z by "MicrosoftCorporation" with unknown MS VC++:1939

END.
